user_id,user_index,rank,story_id,headline,headline_normalized,score
U100950,1060,1,666456,ఇప్పట్లో ధోనీ రిటైర్ అవ్వడు : ఎమ్మెస్కే,ఇప్పట్లో ధోనీ రిటైర్ అవ్వడు : ఎమ్మెస్కే,5.033331871032715
U100950,1060,2,2529927,ఆకాశ్దీప్ ఆడేనా?,ఆకాశ్దీప్ ఆడేనా?,5.0331010818481445
U100950,1060,3,2529957,ఆకాశ్దీప్ ఆడేనా?,ఆకాశ్దీప్ ఆడేనా?,5.0331010818481445
U100950,1060,4,2530007,ఆకాశ్దీప్ ఆడేనా?,ఆకాశ్దీప్ ఆడేనా?,5.0331010818481445
U100950,1060,5,540597,వెస్టిండీస్ పర్యటనకు భారత జట్టు ప్రకటన,వెస్టిండీస్ పర్యటనకు భారత జట్టు ప్రకటన,5.032987117767334
U100950,1060,6,2543335,రోహిత్కు ముందే చెప్పేశారా?,రోహిత్కు ముందే చెప్పేశారా?,5.032433032989502
U100950,1060,7,2542932,రోహిత్కు ముందే చెప్పేశారా?,రోహిత్కు ముందే చెప్పేశారా?,5.032433032989502
U100950,1060,8,2543414,రోహిత్కు ముందే చెప్పేశారా?,రోహిత్కు ముందే చెప్పేశారా?,5.032433032989502
U100950,1060,9,2544989,‘రిజర్వ్’ పేస్లో ,‘రిజర్వ్’ పేస్లో,5.0323166847229
U100950,1060,10,2545264,‘రిజర్వ్’ పేస్లో ,‘రిజర్వ్’ పేస్లో,5.0323166847229
U106375,7087,1,386042,‘మాస్టర్ చెఫ్’కి హోస్ట్ గా తమన్నా !,‘మాస్టర్ చెఫ్’కి హోస్ట్ గా తమన్నా !,4.27455997467041
U106375,7087,2,2520361,బంజారాహిల్స్లో  లీలా లగ్జరీ హోటల్ ప్రారంభం,బంజారాహిల్స్లో లీలా లగ్జరీ హోటల్ ప్రారంభం,4.203061580657959
U106375,7087,3,2510857,హైటెక్ సిటీలో మరో స్టార్ హోటల్,హైటెక్ సిటీలో మరో స్టార్ హోటల్,4.198145866394043
U106375,7087,4,2510849,హైటెక్ సిటీలో మరో స్టార్ హోటల్,హైటెక్ సిటీలో మరో స్టార్ హోటల్,4.198145866394043
U106375,7087,5,2533050,టూరిజం హబ్గా జిల్లా..,టూరిజం హబ్గా జిల్లా..,4.192087650299072
U106375,7087,6,2481807,హైదరాబాద్లో విదేశీ పర్యాటకులను ఆకర్షించే కట్టడాలు,హైదరాబాద్లో విదేశీ పర్యాటకులను ఆకర్షించే కట్టడాలు,4.1896071434021
U106375,7087,7,2504268,హంసలదీవిలో పర్యాటకుల సందడి,హంసలదీవిలో పర్యాటకుల సందడి,4.1855926513671875
U106375,7087,8,2541455,పర్యాటకులు 1.92 కోట్లు,పర్యాటకులు 1.92 కోట్లు,4.181280136108398
U106375,7087,9,2526343,మహా కుంభమేళా యాత్ర,మహా కుంభమేళా యాత్ర,4.172583103179932
U106375,7087,10,2531693,విమానాశ్రయంలో పర్యాటక సమాచార కేంద్రం ,విమానాశ్రయంలో పర్యాటక సమాచార కేంద్రం,4.1704020500183105
U107331,8150,1,2528868,జమిలిపై ముందుకు!,జమిలిపై ముందుకు!,2.971195936203003
U107331,8150,2,2505621,25 నుంచి పార్లమెంటు శీతాకాల సమావేశాలు,25 నుంచి పార్లమెంటు శీతాకాల సమావేశాలు,2.965749979019165
U107331,8150,3,2517765,పార్లమెంటు ముందుకు,పార్లమెంటు ముందుకు,2.9469287395477295
U107331,8150,4,2518106,పార్లమెంటు ముందుకు,పార్లమెంటు ముందుకు,2.9469287395477295
U107331,8150,5,2518272,పార్లమెంటు ముందుకు,పార్లమెంటు ముందుకు,2.93685245513916
U107331,8150,6,2503356,5న రాష్ట్రానికి రాహుల్,5న రాష్ట్రానికి రాహుల్,2.9360556602478027
U107331,8150,7,2517732,పార్లమెంటు ముందుకు 16 బిల్లులు!,పార్లమెంటు ముందుకు 16 బిల్లులు!,2.9285006523132324
U107331,8150,8,2518049,పార్లమెంటు ముందుకు 16 బిల్లులు!,పార్లమెంటు ముందుకు 16 బిల్లులు!,2.9285006523132324
U107331,8150,9,2517832,పార్లమెంటు ముందుకు 16 బిల్లులు!,పార్లమెంటు ముందుకు 16 బిల్లులు!,2.9285006523132324
U107331,8150,10,2505249,25 నుంచి పార్లమెంట్  శీతాకాల సమావేశాలు,25 నుంచి పార్లమెంట్ శీతాకాల సమావేశాలు,2.924281358718872
U108413,9352,1,2527035,బరువు పెరగాలంటే..! ,బరువు పెరగాలంటే..!,3.0126919746398926
U108413,9352,2,2527869,పండ్లు పరిమితంగానే...                        ,పండ్లు పరిమితంగానే...,3.0091705322265625
U108413,9352,3,2528217,పండ్లు పరిమితంగానే...                        ,పండ్లు పరిమితంగానే...,3.0091705322265625
U108413,9352,4,2527643,పండ్లు పరిమితంగానే...                        ,పండ్లు పరిమితంగానే...,3.0091705322265625
U108413,9352,5,2504853,ఇన్ఫ్లమేషన్ ,ఇన్ఫ్లమేషన్,3.008983612060547
U108413,9352,6,2507941,బరువు తగ్గండిలా...,బరువు తగ్గండిలా...,3.0089449882507324
U108413,9352,7,2508045,బరువు తగ్గండిలా...,బరువు తగ్గండిలా...,3.0089449882507324
U108413,9352,8,2508244,బరువు తగ్గండిలా...,బరువు తగ్గండిలా...,3.0089449882507324
U108413,9352,9,2514456,ఇలా చేస్తే మెదడుకు హాని,ఇలా చేస్తే మెదడుకు హాని,3.008718967437744
U108413,9352,10,2514928,ఇలా చేస్తే మెదడుకు హాని,ఇలా చేస్తే మెదడుకు హాని,3.008718967437744
U110273,11419,1,2483429,పండగ సీజన్పై ‘ఆటో’ ఆశలు,పండగ సీజన్పై ‘ఆటో’ ఆశలు,2.4671971797943115
U110273,11419,2,2483772,పండగ సీజన్పై ‘ఆటో’ ఆశలు,పండగ సీజన్పై ‘ఆటో’ ఆశలు,2.4671971797943115
U110273,11419,3,2483501,పండగ సీజన్పై ‘ఆటో’ ఆశలు,పండగ సీజన్పై ‘ఆటో’ ఆశలు,2.4671971797943115
U110273,11419,4,2523169,స్కోడా కైలాక్ బుకింగ్స్ షురూ,స్కోడా కైలాక్ బుకింగ్స్ షురూ,2.4659953117370605
U110273,11419,5,2523399,స్కోడా కైలాక్ బుకింగ్స్ షురూ,స్కోడా కైలాక్ బుకింగ్స్ షురూ,2.4659953117370605
U110273,11419,6,2522969,స్కోడా కైలాక్ బుకింగ్స్ షురూ,స్కోడా కైలాక్ బుకింగ్స్ షురూ,2.4659953117370605
U110273,11419,7,2524477,హోండా అమేజ్ కొత్త వెర్షన్,హోండా అమేజ్ కొత్త వెర్షన్,2.4619698524475098
U110273,11419,8,2524737,హోండా అమేజ్ కొత్త వెర్షన్,హోండా అమేజ్ కొత్త వెర్షన్,2.4619698524475098
U110273,11419,9,2524309,హోండా అమేజ్ కొత్త వెర్షన్,హోండా అమేజ్ కొత్త వెర్షన్,2.4619698524475098
U110273,11419,10,2510782,మారుతి సుజుకి ’న్యూ ఆల్ డిజైర్’ కారు విడుదల,మారుతి సుజుకి ’న్యూ ఆల్ డిజైర్’ కారు విడుదల,2.4524662494659424
U11207,13415,1,666456,ఇప్పట్లో ధోనీ రిటైర్ అవ్వడు : ఎమ్మెస్కే,ఇప్పట్లో ధోనీ రిటైర్ అవ్వడు : ఎమ్మెస్కే,3.4777259826660156
U11207,13415,2,540597,వెస్టిండీస్ పర్యటనకు భారత జట్టు ప్రకటన,వెస్టిండీస్ పర్యటనకు భారత జట్టు ప్రకటన,3.477633237838745
U11207,13415,3,2529927,ఆకాశ్దీప్ ఆడేనా?,ఆకాశ్దీప్ ఆడేనా?,3.477595329284668
U11207,13415,4,2529957,ఆకాశ్దీప్ ఆడేనా?,ఆకాశ్దీప్ ఆడేనా?,3.477595329284668
U11207,13415,5,2530007,ఆకాశ్దీప్ ఆడేనా?,ఆకాశ్దీప్ ఆడేనా?,3.477595329284668
U11207,13415,6,2542932,రోహిత్కు ముందే చెప్పేశారా?,రోహిత్కు ముందే చెప్పేశారా?,3.4771945476531982
U11207,13415,7,2543414,రోహిత్కు ముందే చెప్పేశారా?,రోహిత్కు ముందే చెప్పేశారా?,3.4771945476531982
U11207,13415,8,2543335,రోహిత్కు ముందే చెప్పేశారా?,రోహిత్కు ముందే చెప్పేశారా?,3.4771945476531982
U11207,13415,9,2509639, బుమ్రాకే పగ్గాలు!,బుమ్రాకే పగ్గాలు!,3.4771053791046143
U11207,13415,10,2509453, బుమ్రాకే పగ్గాలు!,బుమ్రాకే పగ్గాలు!,3.4771053791046143
U115316,17022,1,2515330,ఈ చిట్టి.. జగజ్జెట్టి,ఈ చిట్టి.. జగజ్జెట్టి,3.4811935424804688
U115316,17022,2,2515095,ఈ చిట్టి.. జగజ్జెట్టి,ఈ చిట్టి.. జగజ్జెట్టి,3.4811935424804688
U115316,17022,3,295510,స్వాతంత్ర్య వేడుకల్లో అల్లు అర్జున్ కొడుకు అయాన్ ( ఫోటోస్ ),స్వాతంత్ర్య వేడుకల్లో అల్లు అర్జున్ కొడుకు అయాన్ ( ఫోటోస్ ),3.352750778198242
U115316,17022,4,876219,ప్రాణాలు కోసం… ఎలుగుబంటి నాలుకను ఊడొచ్చేలా కొరికాడు,ప్రాణాలు కోసం… ఎలుగుబంటి నాలుకను ఊడొచ్చేలా కొరికాడు,3.287454605102539
U115316,17022,5,489212,నాన్ స్టాప్గా మాట్లాడుతుంది : మనవరాలు ఆరాధ్యపై అమితాబ్,నాన్ స్టాప్గా మాట్లాడుతుంది : మనవరాలు ఆరాధ్యపై అమితాబ్,3.250762701034546
U115316,17022,6,756115,స్విమ్మింగ్ఫూల్ బాలీవుడ్ బ్యూటీ మలైకా అరోరా,స్విమ్మింగ్ఫూల్ బాలీవుడ్ బ్యూటీ మలైకా అరోరా,3.2416014671325684
U115316,17022,7,702097,పబ్లిక్ లో సోనమ్ కపూర్ ప్యాంట్ జారిపోయింది,పబ్లిక్ లో సోనమ్ కపూర్ ప్యాంట్ జారిపోయింది,3.2091944217681885
U115316,17022,8,317450,' పబ్ జీ ' గేమ్ ఎఫెక్ట్ : ఊపిరి ఆడక తొమ్మిదేళ్ల బాలుడు మృతి,' పబ్ జీ ' గేమ్ ఎఫెక్ట్ : ఊపిరి ఆడక తొమ్మిదేళ్ల బాలుడు మృతి,3.1895227432250977
U115316,17022,9,2517871,ఖరీదైన కానుకలు ఇచ్చా,ఖరీదైన కానుకలు ఇచ్చా,3.1646463871002197
U115316,17022,10,2517854,ఖరీదైన కానుకలు ఇచ్చా,ఖరీదైన కానుకలు ఇచ్చా,3.1646463871002197
U117194,19108,1,723423,Blur : ముగిసిన ' బ్లర్ ' చిత్రీకరణ,Blur : ముగిసిన ' బ్లర్ ' చిత్రీకరణ,2.6646149158477783
U117194,19108,2,2540458,రొమాంటిక్ ఎంటర్టైనర్,రొమాంటిక్ ఎంటర్టైనర్,2.662243604660034
U117194,19108,3,2540403,రొమాంటిక్ ఎంటర్టైనర్,రొమాంటిక్ ఎంటర్టైనర్,2.662243604660034
U117194,19108,4,2540424,రొమాంటిక్ ఎంటర్టైనర్,రొమాంటిక్ ఎంటర్టైనర్,2.662243604660034
U117194,19108,5,2533130,రాబిన్హుడ్ వాయిదా...,రాబిన్హుడ్ వాయిదా...,2.66188907623291
U117194,19108,6,2532829,రాబిన్హుడ్ వాయిదా...,రాబిన్హుడ్ వాయిదా...,2.66188907623291
U117194,19108,7,2532704,రాబిన్హుడ్ వాయిదా...,రాబిన్హుడ్ వాయిదా...,2.66188907623291
U117194,19108,8,2501479,క్రిస్మస్ కోసం సిద్ధం,క్రిస్మస్ కోసం సిద్ధం,2.661175489425659
U117194,19108,9,2501622,క్రిస్మస్ కోసం సిద్ధం,క్రిస్మస్ కోసం సిద్ధం,2.661175489425659
U117194,19108,10,2501726,క్రిస్మస్ కోసం సిద్ధం,క్రిస్మస్ కోసం సిద్ధం,2.661175489425659
U117215,19132,1,723423,Blur : ముగిసిన ' బ్లర్ ' చిత్రీకరణ,Blur : ముగిసిన ' బ్లర్ ' చిత్రీకరణ,2.2973787784576416
U117215,19132,2,800065,‘మహానటి’ రిలీజ్ డేట్ ఫిక్స్,‘మహానటి’ రిలీజ్ డేట్ ఫిక్స్,2.2911131381988525
U117215,19132,3,421537,ఈ నెల 17 న రానున్న ' అర్జున్ సురవరం ',ఈ నెల 17 న రానున్న ' అర్జున్ సురవరం ',2.291032314300537
U117215,19132,4,666637,రానా ' హిరణ్య కశ్యప’ మూవీ నుంచి లేటెస్ట్ అప్డేట్ !,రానా ' హిరణ్య కశ్యప’ మూవీ నుంచి లేటెస్ట్ అప్డేట్ !,2.2909300327301025
U117215,19132,5,2540424,రొమాంటిక్ ఎంటర్టైనర్,రొమాంటిక్ ఎంటర్టైనర్,2.290545701980591
U117215,19132,6,2540458,రొమాంటిక్ ఎంటర్టైనర్,రొమాంటిక్ ఎంటర్టైనర్,2.290545701980591
U117215,19132,7,2540403,రొమాంటిక్ ఎంటర్టైనర్,రొమాంటిక్ ఎంటర్టైనర్,2.290545701980591
U117215,19132,8,468101,' తిమ్మరుసు ' విడుదలకు రెడీ,' తిమ్మరుసు ' విడుదలకు రెడీ,2.2884864807128906
U117215,19132,9,220395,"నారా రోహిత్ , సుధీర్ బాబు , శ్రీవిష్ణు మల్టీ స్టారర్ ... ‘వీర భోగ వసంత రాయలు’","నారా రోహిత్ , సుధీర్ బాబు , శ్రీవిష్ణు మల్టీ స్టారర్ ... ‘వీర భోగ వసంత రాయలు’",2.287891149520874
U117215,19132,10,867192,ఆర్ఆర్ఆర్ షూటింగ్ మళ్లీ వాయిదా,ఆర్ఆర్ఆర్ షూటింగ్ మళ్లీ వాయిదా,2.287487745285034
U11740,19337,1,666637,రానా ' హిరణ్య కశ్యప’ మూవీ నుంచి లేటెస్ట్ అప్డేట్ !,రానా ' హిరణ్య కశ్యప’ మూవీ నుంచి లేటెస్ట్ అప్డేట్ !,2.688077926635742
U11740,19337,2,2540458,రొమాంటిక్ ఎంటర్టైనర్,రొమాంటిక్ ఎంటర్టైనర్,2.6862425804138184
U11740,19337,3,2540424,రొమాంటిక్ ఎంటర్టైనర్,రొమాంటిక్ ఎంటర్టైనర్,2.6862425804138184
U11740,19337,4,2540403,రొమాంటిక్ ఎంటర్టైనర్,రొమాంటిక్ ఎంటర్టైనర్,2.6862425804138184
U11740,19337,5,723423,Blur : ముగిసిన ' బ్లర్ ' చిత్రీకరణ,Blur : ముగిసిన ' బ్లర్ ' చిత్రీకరణ,2.6847481727600098
U11740,19337,6,540995,తెలుగులో రిలీజ్ కానున్న ' దియా ',తెలుగులో రిలీజ్ కానున్న ' దియా ',2.684509515762329
U11740,19337,7,2536984, అధికంగా టిక్కెట్లు అమ్ముడైన సినిమాలు,అధికంగా టిక్కెట్లు అమ్ముడైన సినిమాలు,2.6843528747558594
U11740,19337,8,2536886, అధికంగా టిక్కెట్లు అమ్ముడైన సినిమాలు,అధికంగా టిక్కెట్లు అమ్ముడైన సినిమాలు,2.6843528747558594
U11740,19337,9,800065,‘మహానటి’ రిలీజ్ డేట్ ఫిక్స్,‘మహానటి’ రిలీజ్ డేట్ ఫిక్స్,2.6843419075012207
U11740,19337,10,908576,ఫాస్ట్ అండ్ ఫ్యూరియస్ : హాబ్స్ అండ్ షా ( తెలుగు ట్రైలర్ ),ఫాస్ట్ అండ్ ఫ్యూరియస్ : హాబ్స్ అండ్ షా ( తెలుగు ట్రైలర్ ),2.6841976642608643
U118925,21031,1,723423,Blur : ముగిసిన ' బ్లర్ ' చిత్రీకరణ,Blur : ముగిసిన ' బ్లర్ ' చిత్రీకరణ,2.4514153003692627
U118925,21031,2,2484613,కొత్త కాన్సెప్ట్,కొత్త కాన్సెప్ట్,2.4512875080108643
U118925,21031,3,2484488,కొత్త కాన్సెప్ట్,కొత్త కాన్సెప్ట్,2.4512875080108643
U118925,21031,4,2484804,కొత్త కాన్సెప్ట్,కొత్త కాన్సెప్ట్,2.4512875080108643
U118925,21031,5,666637,రానా ' హిరణ్య కశ్యప’ మూవీ నుంచి లేటెస్ట్ అప్డేట్ !,రానా ' హిరణ్య కశ్యప’ మూవీ నుంచి లేటెస్ట్ అప్డేట్ !,2.4511818885803223
U118925,21031,6,468101,' తిమ్మరుసు ' విడుదలకు రెడీ,' తిమ్మరుసు ' విడుదలకు రెడీ,2.450448513031006
U118925,21031,7,2532704,రాబిన్హుడ్ వాయిదా...,రాబిన్హుడ్ వాయిదా...,2.449735403060913
U118925,21031,8,2533130,రాబిన్హుడ్ వాయిదా...,రాబిన్హుడ్ వాయిదా...,2.449735403060913
U118925,21031,9,2532829,రాబిన్హుడ్ వాయిదా...,రాబిన్హుడ్ వాయిదా...,2.449735403060913
U118925,21031,10,2540458,రొమాంటిక్ ఎంటర్టైనర్,రొమాంటిక్ ఎంటర్టైనర్,2.4495718479156494
U122403,24897,1,2513089,హాట్ హిట్స్,హాట్ హిట్స్,2.7969493865966797
U122403,24897,2,2513068,హాట్ హిట్స్,హాట్ హిట్స్,2.7969493865966797
U122403,24897,3,2513315,హాట్ హిట్స్,హాట్ హిట్స్,2.7969493865966797
U122403,24897,4,2508601,హాట్ హిట్స్ ,హాట్ హిట్స్,2.7955915927886963
U122403,24897,5,2508615,హాట్ హిట్స్ ,హాట్ హిట్స్,2.7955915927886963
U122403,24897,6,2508608,హాట్ హిట్స్ ,హాట్ హిట్స్,2.7955915927886963
U122403,24897,7,2515130,ఆమె కూడా భర్తకు విడాకులు ఇచ్చింది,ఆమె కూడా భర్తకు విడాకులు ఇచ్చింది,2.790349006652832
U122403,24897,8,2515611,ఆమె కూడా భర్తకు విడాకులు ఇచ్చింది,ఆమె కూడా భర్తకు విడాకులు ఇచ్చింది,2.790349006652832
U122403,24897,9,2515400,ఆమె కూడా భర్తకు విడాకులు ఇచ్చింది,ఆమె కూడా భర్తకు విడాకులు ఇచ్చింది,2.790349006652832
U122403,24897,10,2527189,హాట్ హిట్స్,హాట్ హిట్స్,2.7837586402893066
U123273,25863,1,2494006,"ఇన్ఫీ లాభం రూ.6,506 కోట్లు","ఇన్ఫీ లాభం రూ.6,506 కోట్లు",2.861278533935547
U123273,25863,2,2493695,"ఇన్ఫీ లాభం రూ.6,506 కోట్లు","ఇన్ఫీ లాభం రూ.6,506 కోట్లు",2.861278533935547
U123273,25863,3,2493810,"ఇన్ఫీ లాభం రూ.6,506 కోట్లు","ఇన్ఫీ లాభం రూ.6,506 కోట్లు",2.861278533935547
U123273,25863,4,2499551,"ఐసీఐసీఐ బ్యాంక్  లాభం రూ.11,746 కోట్లు ","ఐసీఐసీఐ బ్యాంక్ లాభం రూ.11,746 కోట్లు",2.860887050628662
U123273,25863,5,2541219,ఏడాదిలో రూ.77.6 లక్షల కోట్లు ,ఏడాదిలో రూ.77.6 లక్షల కోట్లు,2.8603968620300293
U123273,25863,6,2541167,ఏడాదిలో రూ.77.6 లక్షల కోట్లు ,ఏడాదిలో రూ.77.6 లక్షల కోట్లు,2.8603968620300293
U123273,25863,7,2541551,ఏడాదిలో రూ.77.6 లక్షల కోట్లు ,ఏడాదిలో రూ.77.6 లక్షల కోట్లు,2.8603968620300293
U123273,25863,8,2495101,కోటక్ బ్యాంక్ లాభంలో 5% వృద్ధి ,కోటక్ బ్యాంక్ లాభంలో 5% వృద్ధి,2.8598217964172363
U123273,25863,9,2495000,కోటక్ బ్యాంక్ లాభంలో 5% వృద్ధి ,కోటక్ బ్యాంక్ లాభంలో 5% వృద్ధి,2.8598217964172363
U123273,25863,10,2494839,కోటక్ బ్యాంక్ లాభంలో 5% వృద్ధి ,కోటక్ బ్యాంక్ లాభంలో 5% వృద్ధి,2.8598217964172363
U126526,29477,1,2533806,రచయిత ‘కాటూరు’ అస్తమయం ,రచయిత ‘కాటూరు’ అస్తమయం,3.7069363594055176
U126526,29477,2,2535594,మళ్లీ వస్తోన్న స్క్విడ్ గేమ్,మళ్లీ వస్తోన్న స్క్విడ్ గేమ్,3.2444331645965576
U126526,29477,3,684193,తెలుగు నవలకు జాతీయ అవార్డు,తెలుగు నవలకు జాతీయ అవార్డు,2.771876335144043
U126526,29477,4,2483876,‘ద్వీపరాజ్యం’ ఆవిష్కరణ ,‘ద్వీపరాజ్యం’ ఆవిష్కరణ,2.378075122833252
U126526,29477,5,2543810,"సినిమాలో కథ, కథనం బాగుంటేనే ఆదరణ","సినిమాలో కథ, కథనం బాగుంటేనే ఆదరణ",2.136234760284424
U126526,29477,6,359531,"‘బాహుబల్’ యానిమేటెడ్ సిరీస్ ఫస్ట్ లుక్ , టీజర్ రిలీజ్","‘బాహుబల్’ యానిమేటెడ్ సిరీస్ ఫస్ట్ లుక్ , టీజర్ రిలీజ్",2.13495135307312
U126526,29477,7,2519811,‘ఇస్కాన్’పై బంగ్లాదేశ్లో నిషేధం?,‘ఇస్కాన్’పై బంగ్లాదేశ్లో నిషేధం?,2.108729600906372
U126526,29477,8,2519719,‘ఇస్కాన్’పై బంగ్లాదేశ్లో నిషేధం?,‘ఇస్కాన్’పై బంగ్లాదేశ్లో నిషేధం?,2.108729600906372
U126526,29477,9,2520014,‘ఇస్కాన్’పై బంగ్లాదేశ్లో నిషేధం!,‘ఇస్కాన్’పై బంగ్లాదేశ్లో నిషేధం!,2.1077024936676025
U126526,29477,10,2504924,కెనడాలో హిందూ  ఆలయంపై దాడి,కెనడాలో హిందూ ఆలయంపై దాడి,2.1076161861419678
U127547,30611,1,2533806,రచయిత ‘కాటూరు’ అస్తమయం ,రచయిత ‘కాటూరు’ అస్తమయం,1.569616436958313
U127547,30611,2,2513089,హాట్ హిట్స్,హాట్ హిట్స్,1.566009283065796
U127547,30611,3,2513315,హాట్ హిట్స్,హాట్ హిట్స్,1.566009283065796
U127547,30611,4,2513068,హాట్ హిట్స్,హాట్ హిట్స్,1.566009283065796
U127547,30611,5,2508601,హాట్ హిట్స్ ,హాట్ హిట్స్,1.5657403469085693
U127547,30611,6,2508608,హాట్ హిట్స్ ,హాట్ హిట్స్,1.5657403469085693
U127547,30611,7,2508615,హాట్ హిట్స్ ,హాట్ హిట్స్,1.5657403469085693
U127547,30611,8,2515130,ఆమె కూడా భర్తకు విడాకులు ఇచ్చింది,ఆమె కూడా భర్తకు విడాకులు ఇచ్చింది,1.561767339706421
U127547,30611,9,2515400,ఆమె కూడా భర్తకు విడాకులు ఇచ్చింది,ఆమె కూడా భర్తకు విడాకులు ఇచ్చింది,1.561767339706421
U127547,30611,10,2515611,ఆమె కూడా భర్తకు విడాకులు ఇచ్చింది,ఆమె కూడా భర్తకు విడాకులు ఇచ్చింది,1.561767339706421
U128128,31257,1,2520361,బంజారాహిల్స్లో  లీలా లగ్జరీ హోటల్ ప్రారంభం,బంజారాహిల్స్లో లీలా లగ్జరీ హోటల్ ప్రారంభం,3.1207265853881836
U128128,31257,2,2510857,హైటెక్ సిటీలో మరో స్టార్ హోటల్,హైటెక్ సిటీలో మరో స్టార్ హోటల్,3.118109703063965
U128128,31257,3,2510849,హైటెక్ సిటీలో మరో స్టార్ హోటల్,హైటెక్ సిటీలో మరో స్టార్ హోటల్,3.118109703063965
U128128,31257,4,2481807,హైదరాబాద్లో విదేశీ పర్యాటకులను ఆకర్షించే కట్టడాలు,హైదరాబాద్లో విదేశీ పర్యాటకులను ఆకర్షించే కట్టడాలు,3.1114001274108887
U128128,31257,5,2533050,టూరిజం హబ్గా జిల్లా..,టూరిజం హబ్గా జిల్లా..,3.1111340522766113
U128128,31257,6,2541455,పర్యాటకులు 1.92 కోట్లు,పర్యాటకులు 1.92 కోట్లు,3.1073739528656006
U128128,31257,7,2504268,హంసలదీవిలో పర్యాటకుల సందడి,హంసలదీవిలో పర్యాటకుల సందడి,3.106048107147217
U128128,31257,8,2531541,విమానాశ్రయంలో పర్యాటక సమాచార కేంద్రం ,విమానాశ్రయంలో పర్యాటక సమాచార కేంద్రం,3.101386070251465
U128128,31257,9,2531693,విమానాశ్రయంలో పర్యాటక సమాచార కేంద్రం ,విమానాశ్రయంలో పర్యాటక సమాచార కేంద్రం,3.101386070251465
U128128,31257,10,2526343,మహా కుంభమేళా యాత్ర,మహా కుంభమేళా యాత్ర,3.099261522293091
U13226,35848,1,2520361,బంజారాహిల్స్లో  లీలా లగ్జరీ హోటల్ ప్రారంభం,బంజారాహిల్స్లో లీలా లగ్జరీ హోటల్ ప్రారంభం,4.260915279388428
U13226,35848,2,2510857,హైటెక్ సిటీలో మరో స్టార్ హోటల్,హైటెక్ సిటీలో మరో స్టార్ హోటల్,4.258131980895996
U13226,35848,3,2510849,హైటెక్ సిటీలో మరో స్టార్ హోటల్,హైటెక్ సిటీలో మరో స్టార్ హోటల్,4.258131980895996
U13226,35848,4,2533050,టూరిజం హబ్గా జిల్లా..,టూరిజం హబ్గా జిల్లా..,4.249691009521484
U13226,35848,5,2504268,హంసలదీవిలో పర్యాటకుల సందడి,హంసలదీవిలో పర్యాటకుల సందడి,4.247286319732666
U13226,35848,6,2481807,హైదరాబాద్లో విదేశీ పర్యాటకులను ఆకర్షించే కట్టడాలు,హైదరాబాద్లో విదేశీ పర్యాటకులను ఆకర్షించే కట్టడాలు,4.244694709777832
U13226,35848,7,2541455,పర్యాటకులు 1.92 కోట్లు,పర్యాటకులు 1.92 కోట్లు,4.244083881378174
U13226,35848,8,2531693,విమానాశ్రయంలో పర్యాటక సమాచార కేంద్రం ,విమానాశ్రయంలో పర్యాటక సమాచార కేంద్రం,4.234743118286133
U13226,35848,9,2531541,విమానాశ్రయంలో పర్యాటక సమాచార కేంద్రం ,విమానాశ్రయంలో పర్యాటక సమాచార కేంద్రం,4.234743118286133
U13226,35848,10,2526343,మహా కుంభమేళా యాత్ర,మహా కుంభమేళా యాత్ర,4.231685161590576
U132358,35957,1,2528868,జమిలిపై ముందుకు!,జమిలిపై ముందుకు!,4.0803751945495605
U132358,35957,2,2528697,రాజ్యసభ చైర్మన్పై అవిశ్వాసం,రాజ్యసభ చైర్మన్పై అవిశ్వాసం,4.0673627853393555
U132358,35957,3,2528765,రాజ్యసభ చైర్మన్పై అవిశ్వాసం,రాజ్యసభ చైర్మన్పై అవిశ్వాసం,4.0673627853393555
U132358,35957,4,2503356,5న రాష్ట్రానికి రాహుల్,5న రాష్ట్రానికి రాహుల్,4.066591262817383
U132358,35957,5,2517319,వైసీపీకి జయమంగళ గుడ్బై,వైసీపీకి జయమంగళ గుడ్బై,4.062495708465576
U132358,35957,6,2518106,పార్లమెంటు ముందుకు,పార్లమెంటు ముందుకు,4.060617446899414
U132358,35957,7,2517765,పార్లమెంటు ముందుకు,పార్లమెంటు ముందుకు,4.060617446899414
U132358,35957,8,2484087,శివరాజ్ సింగ్కు బీజేపీ పగ్గాలు?,శివరాజ్ సింగ్కు బీజేపీ పగ్గాలు?,4.0592780113220215
U132358,35957,9,2484135,శివరాజ్ సింగ్కు బీజేపీ పగ్గాలు?,శివరాజ్ సింగ్కు బీజేపీ పగ్గాలు?,4.0592780113220215
U132358,35957,10,2505621,25 నుంచి పార్లమెంటు శీతాకాల సమావేశాలు,25 నుంచి పార్లమెంటు శీతాకాల సమావేశాలు,4.056581497192383
U135776,39754,1,386042,‘మాస్టర్ చెఫ్’కి హోస్ట్ గా తమన్నా !,‘మాస్టర్ చెఫ్’కి హోస్ట్ గా తమన్నా !,5.529872417449951
U135776,39754,2,2524584,మహిళ మృతి,మహిళ మృతి,5.076959609985352
U135776,39754,3,2493696,నో అన్నా వాళ్లు వదల్లేదు!,నో అన్నా వాళ్లు వదల్లేదు!,5.042158126831055
U135776,39754,4,2493876,నో అన్నా వాళ్లు వదల్లేదు!,నో అన్నా వాళ్లు వదల్లేదు!,5.042158126831055
U135776,39754,5,2493634,నో అన్నా వాళ్లు వదల్లేదు!,నో అన్నా వాళ్లు వదల్లేదు!,5.042158126831055
U135776,39754,6,2495686,సెట్స్లోకి స్వాగతం,సెట్స్లోకి స్వాగతం,5.017524242401123
U135776,39754,7,2495615,సెట్స్లోకి స్వాగతం,సెట్స్లోకి స్వాగతం,5.017524242401123
U135776,39754,8,2495439,సెట్స్లోకి స్వాగతం,సెట్స్లోకి స్వాగతం,5.017524242401123
U135776,39754,9,760478,‘మా’ లో నరేష్ చేసిన మోసాలు బయటపెట్టిన జీవిత రాజశేఖర్,‘మా’ లో నరేష్ చేసిన మోసాలు బయటపెట్టిన జీవిత రాజశేఖర్,5.006932258605957
U135776,39754,10,2524541,మహిళ మృతి,మహిళ మృతి,4.996618270874023
U137585,41764,1,2535594,మళ్లీ వస్తోన్న స్క్విడ్ గేమ్,మళ్లీ వస్తోన్న స్క్విడ్ గేమ్,4.638199329376221
U137585,41764,2,2533806,రచయిత ‘కాటూరు’ అస్తమయం ,రచయిత ‘కాటూరు’ అస్తమయం,4.584690093994141
U137585,41764,3,2543810,"సినిమాలో కథ, కథనం బాగుంటేనే ఆదరణ","సినిమాలో కథ, కథనం బాగుంటేనే ఆదరణ",3.599757432937622
U137585,41764,4,359531,"‘బాహుబల్’ యానిమేటెడ్ సిరీస్ ఫస్ట్ లుక్ , టీజర్ రిలీజ్","‘బాహుబల్’ యానిమేటెడ్ సిరీస్ ఫస్ట్ లుక్ , టీజర్ రిలీజ్",3.5138559341430664
U137585,41764,5,2541408,కొత్త ఏడాది కొత్త ప్రాజెక్ట్స్,కొత్త ఏడాది కొత్త ప్రాజెక్ట్స్,3.295975923538208
U137585,41764,6,2541586,కొత్త ఏడాది కొత్త ప్రాజెక్ట్స్,కొత్త ఏడాది కొత్త ప్రాజెక్ట్స్,3.295975923538208
U137585,41764,7,931754,"కొత్త పంథా ఎంచుకుంటున్న స్టార్ హీరోలు , హీరోయిన్లు","కొత్త పంథా ఎంచుకుంటున్న స్టార్ హీరోలు , హీరోయిన్లు",3.2745018005371094
U137585,41764,8,576164,యూత్ఫుల్ లవ్ ఎంటర్టైనర్,యూత్ఫుల్ లవ్ ఎంటర్టైనర్,3.2665295600891113
U137585,41764,9,638436,పవన్ - త్రివిక్రమ్ మూవీ రిలీజ్ డేట్ ( అఫీషియల్ ),పవన్ - త్రివిక్రమ్ మూవీ రిలీజ్ డేట్ ( అఫీషియల్ ),3.2607507705688477
U137585,41764,10,2531041,నిరీక్షణ తప్పదని అర్థమైంది,నిరీక్షణ తప్పదని అర్థమైంది,3.2508819103240967
U140612,45129,1,2525927,చలి కాలంలో,చలి కాలంలో,2.9006993770599365
U140612,45129,2,2526063,చలి కాలంలో,చలి కాలంలో,2.9006993770599365
U140612,45129,3,2483635,కాఫీ సందేశ్!,కాఫీ సందేశ్!,2.8817179203033447
U140612,45129,4,2483620,కాఫీ సందేశ్!,కాఫీ సందేశ్!,2.8817179203033447
U140612,45129,5,2483693,కాఫీ సందేశ్!,కాఫీ సందేశ్!,2.8817179203033447
U140612,45129,6,2502779,ఆప్రికాట్ డిలైట్,ఆప్రికాట్ డిలైట్,2.8499629497528076
U140612,45129,7,2502885,ఆప్రికాట్ డిలైట్,ఆప్రికాట్ డిలైట్,2.8499629497528076
U140612,45129,8,2503090,ఆప్రికాట్ డిలైట్,ఆప్రికాట్ డిలైట్,2.8499629497528076
U140612,45129,9,2516579,శీతాకాలంవేడి వేడిగా..!,శీతాకాలంవేడి వేడిగా..!,2.8313512802124023
U140612,45129,10,2521059,చపాతీలతో తింటే భలే రుచి,చపాతీలతో తింటే భలే రుచి,2.8167073726654053
U141959,46624,1,723423,Blur : ముగిసిన ' బ్లర్ ' చిత్రీకరణ,Blur : ముగిసిన ' బ్లర్ ' చిత్రీకరణ,4.104808807373047
U141959,46624,2,2540403,రొమాంటిక్ ఎంటర్టైనర్,రొమాంటిక్ ఎంటర్టైనర్,4.103747367858887
U141959,46624,3,2540458,రొమాంటిక్ ఎంటర్టైనర్,రొమాంటిక్ ఎంటర్టైనర్,4.103747367858887
U141959,46624,4,2540424,రొమాంటిక్ ఎంటర్టైనర్,రొమాంటిక్ ఎంటర్టైనర్,4.103747367858887
U141959,46624,5,666637,రానా ' హిరణ్య కశ్యప’ మూవీ నుంచి లేటెస్ట్ అప్డేట్ !,రానా ' హిరణ్య కశ్యప’ మూవీ నుంచి లేటెస్ట్ అప్డేట్ !,4.10183048248291
U141959,46624,6,2536984, అధికంగా టిక్కెట్లు అమ్ముడైన సినిమాలు,అధికంగా టిక్కెట్లు అమ్ముడైన సినిమాలు,4.101351737976074
U141959,46624,7,2536886, అధికంగా టిక్కెట్లు అమ్ముడైన సినిమాలు,అధికంగా టిక్కెట్లు అమ్ముడైన సినిమాలు,4.101351737976074
U141959,46624,8,800065,‘మహానటి’ రిలీజ్ డేట్ ఫిక్స్,‘మహానటి’ రిలీజ్ డేట్ ఫిక్స్,4.100491046905518
U141959,46624,9,2501479,క్రిస్మస్ కోసం సిద్ధం,క్రిస్మస్ కోసం సిద్ధం,4.100128173828125
U141959,46624,10,2501726,క్రిస్మస్ కోసం సిద్ధం,క్రిస్మస్ కోసం సిద్ధం,4.100128173828125
U143202,48007,1,723423,Blur : ముగిసిన ' బ్లర్ ' చిత్రీకరణ,Blur : ముగిసిన ' బ్లర్ ' చిత్రీకరణ,3.9297807216644287
U143202,48007,2,2540403,రొమాంటిక్ ఎంటర్టైనర్,రొమాంటిక్ ఎంటర్టైనర్,3.9285778999328613
U143202,48007,3,2540424,రొమాంటిక్ ఎంటర్టైనర్,రొమాంటిక్ ఎంటర్టైనర్,3.9285778999328613
U143202,48007,4,2540458,రొమాంటిక్ ఎంటర్టైనర్,రొమాంటిక్ ఎంటర్టైనర్,3.9285778999328613
U143202,48007,5,666637,రానా ' హిరణ్య కశ్యప’ మూవీ నుంచి లేటెస్ట్ అప్డేట్ !,రానా ' హిరణ్య కశ్యప’ మూవీ నుంచి లేటెస్ట్ అప్డేట్ !,3.9282479286193848
U143202,48007,6,468101,' తిమ్మరుసు ' విడుదలకు రెడీ,' తిమ్మరుసు ' విడుదలకు రెడీ,3.9265825748443604
U143202,48007,7,2533130,రాబిన్హుడ్ వాయిదా...,రాబిన్హుడ్ వాయిదా...,3.9258220195770264
U143202,48007,8,2532704,రాబిన్హుడ్ వాయిదా...,రాబిన్హుడ్ వాయిదా...,3.9258220195770264
U143202,48007,9,2532829,రాబిన్హుడ్ వాయిదా...,రాబిన్హుడ్ వాయిదా...,3.9258220195770264
U143202,48007,10,2484804,కొత్త కాన్సెప్ట్,కొత్త కాన్సెప్ట్,3.9253289699554443
U146809,52013,1,937990,గోదాం దగ్ధం కేసులో ఇద్దరికి జైలుశిక్ష,గోదాం దగ్ధం కేసులో ఇద్దరికి జైలుశిక్ష,2.778341770172119
U146809,52013,2,2521877,ఫేక్ బెయిల్తో జైలు నుంచి బయటకు,ఫేక్ బెయిల్తో జైలు నుంచి బయటకు,2.7765114307403564
U146809,52013,3,2521757,దొంగ.. బెయిల్,దొంగ.. బెయిల్,2.77443265914917
U146809,52013,4,2488130,రూ. 24 లక్షల బాణసంచా పట్టివేత,రూ. 24 లక్షల బాణసంచా పట్టివేత,2.7647616863250732
U146809,52013,5,991306,మైనర్ బాలిక హత్యచారం కేసులో నిందితుడు అరెస్టు,మైనర్ బాలిక హత్యచారం కేసులో నిందితుడు అరెస్టు,2.746316432952881
U146809,52013,6,888063,అల్లుడిని చంపిన కేసులో మామ అరెస్టు,అల్లుడిని చంపిన కేసులో మామ అరెస్టు,2.7409157752990723
U146809,52013,7,2529405,చింతల్లో దారుణం,చింతల్లో దారుణం,2.738992929458618
U146809,52013,8,910014,మహిళను వేధించిన కేసులో యువకుడు అరెస్టు,మహిళను వేధించిన కేసులో యువకుడు అరెస్టు,2.7363531589508057
U146809,52013,9,2485923,ముగ్గురు గంజాయి విక్రేతల అరెస్టు,ముగ్గురు గంజాయి విక్రేతల అరెస్టు,2.7297775745391846
U146809,52013,10,648247,చోరీకి పాల్పడిన ముగ్గురి అరెస్టు,చోరీకి పాల్పడిన ముగ్గురి అరెస్టు,2.7178456783294678
U154294,60330,1,2527035,బరువు పెరగాలంటే..! ,బరువు పెరగాలంటే..!,6.022583484649658
U154294,60330,2,2514604,ఇలా చేస్తే మెదడుకు హాని,ఇలా చేస్తే మెదడుకు హాని,6.015837669372559
U154294,60330,3,2514928,ఇలా చేస్తే మెదడుకు హాని,ఇలా చేస్తే మెదడుకు హాని,6.015837669372559
U154294,60330,4,2514456,ఇలా చేస్తే మెదడుకు హాని,ఇలా చేస్తే మెదడుకు హాని,6.015837669372559
U154294,60330,5,2504853,ఇన్ఫ్లమేషన్ ,ఇన్ఫ్లమేషన్,6.01364278793335
U154294,60330,6,2508045,బరువు తగ్గండిలా...,బరువు తగ్గండిలా...,6.013617515563965
U154294,60330,7,2508244,బరువు తగ్గండిలా...,బరువు తగ్గండిలా...,6.013617515563965
U154294,60330,8,2507941,బరువు తగ్గండిలా...,బరువు తగ్గండిలా...,6.013617515563965
U154294,60330,9,2528217,పండ్లు పరిమితంగానే...                        ,పండ్లు పరిమితంగానే...,6.012648582458496
U154294,60330,10,2527869,పండ్లు పరిమితంగానే...                        ,పండ్లు పరిమితంగానే...,6.012648582458496
U155936,62154,1,2488130,రూ. 24 లక్షల బాణసంచా పట్టివేత,రూ. 24 లక్షల బాణసంచా పట్టివేత,2.6549160480499268
U155936,62154,2,937990,గోదాం దగ్ధం కేసులో ఇద్దరికి జైలుశిక్ష,గోదాం దగ్ధం కేసులో ఇద్దరికి జైలుశిక్ష,2.65250563621521
U155936,62154,3,888063,అల్లుడిని చంపిన కేసులో మామ అరెస్టు,అల్లుడిని చంపిన కేసులో మామ అరెస్టు,2.650068759918213
U155936,62154,4,910014,మహిళను వేధించిన కేసులో యువకుడు అరెస్టు,మహిళను వేధించిన కేసులో యువకుడు అరెస్టు,2.648503303527832
U155936,62154,5,2485923,ముగ్గురు గంజాయి విక్రేతల అరెస్టు,ముగ్గురు గంజాయి విక్రేతల అరెస్టు,2.6463751792907715
U155936,62154,6,991306,మైనర్ బాలిక హత్యచారం కేసులో నిందితుడు అరెస్టు,మైనర్ బాలిక హత్యచారం కేసులో నిందితుడు అరెస్టు,2.6456782817840576
U155936,62154,7,2521877,ఫేక్ బెయిల్తో జైలు నుంచి బయటకు,ఫేక్ బెయిల్తో జైలు నుంచి బయటకు,2.6405489444732666
U155936,62154,8,648247,చోరీకి పాల్పడిన ముగ్గురి అరెస్టు,చోరీకి పాల్పడిన ముగ్గురి అరెస్టు,2.6399474143981934
U155936,62154,9,543186,మహమ్మదాబాద్లో వ్యక్తి హత్య,మహమ్మదాబాద్లో వ్యక్తి హత్య,2.6398980617523193
U155936,62154,10,2521757,దొంగ.. బెయిల్,దొంగ.. బెయిల్,2.639524459838867
U156768,63078,1,2499551,"ఐసీఐసీఐ బ్యాంక్  లాభం రూ.11,746 కోట్లు ","ఐసీఐసీఐ బ్యాంక్ లాభం రూ.11,746 కోట్లు",3.662461757659912
U156768,63078,2,2493695,"ఇన్ఫీ లాభం రూ.6,506 కోట్లు","ఇన్ఫీ లాభం రూ.6,506 కోట్లు",3.6624536514282227
U156768,63078,3,2494006,"ఇన్ఫీ లాభం రూ.6,506 కోట్లు","ఇన్ఫీ లాభం రూ.6,506 కోట్లు",3.6624536514282227
U156768,63078,4,2493810,"ఇన్ఫీ లాభం రూ.6,506 కోట్లు","ఇన్ఫీ లాభం రూ.6,506 కోట్లు",3.6624536514282227
U156768,63078,5,2525867,ఐదు రోజుల ర్యాలీకి బ్రేక్ ,ఐదు రోజుల ర్యాలీకి బ్రేక్,3.6623852252960205
U156768,63078,6,2526025,ఐదు రోజుల ర్యాలీకి బ్రేక్ ,ఐదు రోజుల ర్యాలీకి బ్రేక్,3.6623852252960205
U156768,63078,7,2526227,ఐదు రోజుల ర్యాలీకి బ్రేక్ ,ఐదు రోజుల ర్యాలీకి బ్రేక్,3.6623852252960205
U156768,63078,8,2511446,రెండేళ్ల గరిష్ఠానికి ఎగుమతులు,రెండేళ్ల గరిష్ఠానికి ఎగుమతులు,3.6615777015686035
U156768,63078,9,2541219,ఏడాదిలో రూ.77.6 లక్షల కోట్లు ,ఏడాదిలో రూ.77.6 లక్షల కోట్లు,3.660759210586548
U156768,63078,10,2541551,ఏడాదిలో రూ.77.6 లక్షల కోట్లు ,ఏడాదిలో రూ.77.6 లక్షల కోట్లు,3.660759210586548
U159647,66277,1,2534451,వాట్సాప్లోనూ చాట్జీపీటీ,వాట్సాప్లోనూ చాట్జీపీటీ,2.97584867477417
U159647,66277,2,2534484,వాట్సాప్లోనూ చాట్జీపీటీ,వాట్సాప్లోనూ చాట్జీపీటీ,2.97584867477417
U159647,66277,3,318532,ఫేస్బుక్లో కొత్త ఫీచర్,ఫేస్బుక్లో కొత్త ఫీచర్,2.9742701053619385
U159647,66277,4,2497403,రీల్స్ వల,రీల్స్ వల,2.9717302322387695
U159647,66277,5,2503912,ఫేక్బుక్,ఫేక్బుక్,2.9716663360595703
U159647,66277,6,2502003,లాంజ్ యాప్తో  లూటీ,లాంజ్ యాప్తో లూటీ,2.971047878265381
U159647,66277,7,813476,సెల్ నంబర్లు 11 అంకెలుగా మారుతాయట,సెల్ నంబర్లు 11 అంకెలుగా మారుతాయట,2.9694344997406006
U159647,66277,8,2482607,కళ్లజోడు కాదు.. కంప్యూటర్!,కళ్లజోడు కాదు.. కంప్యూటర్!,2.969132661819458
U159647,66277,9,2482237,కళ్లజోడు కాదు.. కంప్యూటర్!,కళ్లజోడు కాదు.. కంప్యూటర్!,2.969132661819458
U159647,66277,10,2482491,కళ్లజోడు కాదు.. కంప్యూటర్!,కళ్లజోడు కాదు.. కంప్యూటర్!,2.969132661819458
U160429,67147,1,666456,ఇప్పట్లో ధోనీ రిటైర్ అవ్వడు : ఎమ్మెస్కే,ఇప్పట్లో ధోనీ రిటైర్ అవ్వడు : ఎమ్మెస్కే,7.088246822357178
U160429,67147,2,540597,వెస్టిండీస్ పర్యటనకు భారత జట్టు ప్రకటన,వెస్టిండీస్ పర్యటనకు భారత జట్టు ప్రకటన,7.088077068328857
U160429,67147,3,2529957,ఆకాశ్దీప్ ఆడేనా?,ఆకాశ్దీప్ ఆడేనా?,7.088049411773682
U160429,67147,4,2530007,ఆకాశ్దీప్ ఆడేనా?,ఆకాశ్దీప్ ఆడేనా?,7.088049411773682
U160429,67147,5,2529927,ఆకాశ్దీప్ ఆడేనా?,ఆకాశ్దీప్ ఆడేనా?,7.088049411773682
U160429,67147,6,2543414,రోహిత్కు ముందే చెప్పేశారా?,రోహిత్కు ముందే చెప్పేశారా?,7.087233066558838
U160429,67147,7,2542932,రోహిత్కు ముందే చెప్పేశారా?,రోహిత్కు ముందే చెప్పేశారా?,7.087233066558838
U160429,67147,8,2543335,రోహిత్కు ముందే చెప్పేశారా?,రోహిత్కు ముందే చెప్పేశారా?,7.087233066558838
U160429,67147,9,2509453, బుమ్రాకే పగ్గాలు!,బుమ్రాకే పగ్గాలు!,7.086945056915283
U160429,67147,10,2509585, బుమ్రాకే పగ్గాలు!,బుమ్రాకే పగ్గాలు!,7.086945056915283
U16400,71115,1,2533806,రచయిత ‘కాటూరు’ అస్తమయం ,రచయిత ‘కాటూరు’ అస్తమయం,2.56217885017395
U16400,71115,2,2513089,హాట్ హిట్స్,హాట్ హిట్స్,2.559617280960083
U16400,71115,3,2513068,హాట్ హిట్స్,హాట్ హిట్స్,2.559617280960083
U16400,71115,4,2513315,హాట్ హిట్స్,హాట్ హిట్స్,2.559617280960083
U16400,71115,5,2508608,హాట్ హిట్స్ ,హాట్ హిట్స్,2.5593624114990234
U16400,71115,6,2508601,హాట్ హిట్స్ ,హాట్ హిట్స్,2.5593624114990234
U16400,71115,7,2508615,హాట్ హిట్స్ ,హాట్ హిట్స్,2.5593624114990234
U16400,71115,8,2527189,హాట్ హిట్స్,హాట్ హిట్స్,2.5464961528778076
U16400,71115,9,2527338,హాట్ హిట్స్,హాట్ హిట్స్,2.5464961528778076
U16400,71115,10,2527427,హాట్ హిట్స్,హాట్ హిట్స్,2.5464961528778076
U167606,75121,1,2527035,బరువు పెరగాలంటే..! ,బరువు పెరగాలంటే..!,6.039158344268799
U167606,75121,2,2514928,ఇలా చేస్తే మెదడుకు హాని,ఇలా చేస్తే మెదడుకు హాని,6.033762454986572
U167606,75121,3,2514456,ఇలా చేస్తే మెదడుకు హాని,ఇలా చేస్తే మెదడుకు హాని,6.033762454986572
U167606,75121,4,2514604,ఇలా చేస్తే మెదడుకు హాని,ఇలా చేస్తే మెదడుకు హాని,6.033762454986572
U167606,75121,5,2508244,బరువు తగ్గండిలా...,బరువు తగ్గండిలా...,6.031912326812744
U167606,75121,6,2507941,బరువు తగ్గండిలా...,బరువు తగ్గండిలా...,6.031912326812744
U167606,75121,7,2508045,బరువు తగ్గండిలా...,బరువు తగ్గండిలా...,6.031912326812744
U167606,75121,8,2527869,పండ్లు పరిమితంగానే...                        ,పండ్లు పరిమితంగానే...,6.0318989753723145
U167606,75121,9,2527643,పండ్లు పరిమితంగానే...                        ,పండ్లు పరిమితంగానే...,6.0318989753723145
U167606,75121,10,2528217,పండ్లు పరిమితంగానే...                        ,పండ్లు పరిమితంగానే...,6.0318989753723145
U167609,75124,1,2507430,ఇలా అలంకరిస్తే ,ఇలా అలంకరిస్తే,5.0722479820251465
U167609,75124,2,2507347,ఇలా అలంకరిస్తే ,ఇలా అలంకరిస్తే,5.0722479820251465
U167609,75124,3,2507149,ఇలా అలంకరిస్తే ,ఇలా అలంకరిస్తే,5.0722479820251465
U167609,75124,4,2492910,ఆర్గంజా అదరహో... ,ఆర్గంజా అదరహో...,5.03032112121582
U167609,75124,5,2541361,ఇంటిని అందంగా అలంకరిద్దాం!,ఇంటిని అందంగా అలంకరిద్దాం!,5.022459506988525
U167609,75124,6,2541389,అందంగా అలంకరిద్దాం!,అందంగా అలంకరిద్దాం!,4.976502895355225
U167609,75124,7,2505205,ఇల్లు విలాసవంతంగా,ఇల్లు విలాసవంతంగా,4.9687347412109375
U167609,75124,8,2505382,ఇల్లు విలాసవంతంగా,ఇల్లు విలాసవంతంగా,4.9687347412109375
U167609,75124,9,2542748,మనం స్వేచ్ఛగానే ఉన్నామా?,మనం స్వేచ్ఛగానే ఉన్నామా?,4.935517311096191
U167609,75124,10,2514929,పిల్లలు ఎవరితోనూ కలవడం లేదా?,పిల్లలు ఎవరితోనూ కలవడం లేదా?,4.9214019775390625
U168825,76475,1,2520361,బంజారాహిల్స్లో  లీలా లగ్జరీ హోటల్ ప్రారంభం,బంజారాహిల్స్లో లీలా లగ్జరీ హోటల్ ప్రారంభం,4.19568395614624
U168825,76475,2,2526063,చలి కాలంలో,చలి కాలంలో,4.190886497497559
U168825,76475,3,2525927,చలి కాలంలో,చలి కాలంలో,4.190886497497559
U168825,76475,4,2510857,హైటెక్ సిటీలో మరో స్టార్ హోటల్,హైటెక్ సిటీలో మరో స్టార్ హోటల్,4.189808368682861
U168825,76475,5,2510849,హైటెక్ సిటీలో మరో స్టార్ హోటల్,హైటెక్ సిటీలో మరో స్టార్ హోటల్,4.189808368682861
U168825,76475,6,2541455,పర్యాటకులు 1.92 కోట్లు,పర్యాటకులు 1.92 కోట్లు,4.173553466796875
U168825,76475,7,2481807,హైదరాబాద్లో విదేశీ పర్యాటకులను ఆకర్షించే కట్టడాలు,హైదరాబాద్లో విదేశీ పర్యాటకులను ఆకర్షించే కట్టడాలు,4.169288635253906
U168825,76475,8,2533050,టూరిజం హబ్గా జిల్లా..,టూరిజం హబ్గా జిల్లా..,4.169216156005859
U168825,76475,9,2504268,హంసలదీవిలో పర్యాటకుల సందడి,హంసలదీవిలో పర్యాటకుల సందడి,4.160712718963623
U168825,76475,10,2527876,చలో దుబాయ్,చలో దుబాయ్,4.154430866241455
U169039,76713,1,2513068,హాట్ హిట్స్,హాట్ హిట్స్,4.730853080749512
U169039,76713,2,2513315,హాట్ హిట్స్,హాట్ హిట్స్,4.730853080749512
U169039,76713,3,2513089,హాట్ హిట్స్,హాట్ హిట్స్,4.730853080749512
U169039,76713,4,2508615,హాట్ హిట్స్ ,హాట్ హిట్స్,4.72831916809082
U169039,76713,5,2508608,హాట్ హిట్స్ ,హాట్ హిట్స్,4.72831916809082
U169039,76713,6,2508601,హాట్ హిట్స్ ,హాట్ హిట్స్,4.72831916809082
U169039,76713,7,2515130,ఆమె కూడా భర్తకు విడాకులు ఇచ్చింది,ఆమె కూడా భర్తకు విడాకులు ఇచ్చింది,4.728103160858154
U169039,76713,8,2515611,ఆమె కూడా భర్తకు విడాకులు ఇచ్చింది,ఆమె కూడా భర్తకు విడాకులు ఇచ్చింది,4.728103160858154
U169039,76713,9,2515400,ఆమె కూడా భర్తకు విడాకులు ఇచ్చింది,ఆమె కూడా భర్తకు విడాకులు ఇచ్చింది,4.728103160858154
U169039,76713,10,2527427,హాట్ హిట్స్,హాట్ హిట్స్,4.707773685455322
U170818,78690,1,728477,నేటి వాతావరణ సమాచారం,నేటి వాతావరణ సమాచారం,6.398247718811035
U170818,78690,2,2543538,గజగజ,గజగజ,6.397143363952637
U170818,78690,3,2543662,గజగజ,గజగజ,6.397143363952637
U170818,78690,4,2503064,ఈ నెల చలి తక్కువే!,ఈ నెల చలి తక్కువే!,6.396587371826172
U170818,78690,5,2502865,ఈ నెల చలి తక్కువే!,ఈ నెల చలి తక్కువే!,6.396587371826172
U170818,78690,6,2543983,ఏజెనీ్స గజగజ ,ఏజెనీ్స గజగజ,6.3963189125061035
U170818,78690,7,2529663,"ఏజెన్సీలు గజగజపడిపోయిన ఉష్ణోగ్రతలు,  కమ్మేస్తున్న పొగమంచు","ఏజెన్సీలు గజగజపడిపోయిన ఉష్ణోగ్రతలు, కమ్మేస్తున్న పొగమంచు",6.396132469177246
U170818,78690,8,2529776,"ఏజెన్సీలు గజగజపడిపోయిన ఉష్ణోగ్రతలు,  కమ్మేస్తున్న పొగమంచు","ఏజెన్సీలు గజగజపడిపోయిన ఉష్ణోగ్రతలు, కమ్మేస్తున్న పొగమంచు",6.396132469177246
U170818,78690,9,2524073,ఈసారి చలి తక్కువే: వాతావరణ శాఖ,ఈసారి చలి తక్కువే: వాతావరణ శాఖ,6.395694255828857
U170818,78690,10,2507298,వేడీ ఎక్కువే.. చలీ ఎక్కువే! ,వేడీ ఎక్కువే.. చలీ ఎక్కువే!,6.395467281341553
U173902,82117,1,2507149,ఇలా అలంకరిస్తే ,ఇలా అలంకరిస్తే,1.2938112020492554
U173902,82117,2,2507347,ఇలా అలంకరిస్తే ,ఇలా అలంకరిస్తే,1.2938112020492554
U173902,82117,3,2507430,ఇలా అలంకరిస్తే ,ఇలా అలంకరిస్తే,1.2938112020492554
U173902,82117,4,2492910,ఆర్గంజా అదరహో... ,ఆర్గంజా అదరహో...,1.2918336391448975
U173902,82117,5,2541361,ఇంటిని అందంగా అలంకరిద్దాం!,ఇంటిని అందంగా అలంకరిద్దాం!,1.2886089086532593
U173902,82117,6,2541389,అందంగా అలంకరిద్దాం!,అందంగా అలంకరిద్దాం!,1.274548053741455
U173902,82117,7,2505205,ఇల్లు విలాసవంతంగా,ఇల్లు విలాసవంతంగా,1.2628905773162842
U173902,82117,8,2505382,ఇల్లు విలాసవంతంగా,ఇల్లు విలాసవంతంగా,1.2628905773162842
U173902,82117,9,2533050,టూరిజం హబ్గా జిల్లా..,టూరిజం హబ్గా జిల్లా..,1.198305606842041
U173902,82117,10,2510849,హైటెక్ సిటీలో మరో స్టార్ హోటల్,హైటెక్ సిటీలో మరో స్టార్ హోటల్,1.1977638006210327
U178408,87123,1,386042,‘మాస్టర్ చెఫ్’కి హోస్ట్ గా తమన్నా !,‘మాస్టర్ చెఫ్’కి హోస్ట్ గా తమన్నా !,4.682844638824463
U178408,87123,2,2493696,నో అన్నా వాళ్లు వదల్లేదు!,నో అన్నా వాళ్లు వదల్లేదు!,4.373581886291504
U178408,87123,3,2493634,నో అన్నా వాళ్లు వదల్లేదు!,నో అన్నా వాళ్లు వదల్లేదు!,4.373581886291504
U178408,87123,4,2493876,నో అన్నా వాళ్లు వదల్లేదు!,నో అన్నా వాళ్లు వదల్లేదు!,4.373581886291504
U178408,87123,5,246246,నిహారిక కొణిదెల ‘ముద్దపప్పు ఆవకాయ’ ( ఎపిసోడ్ - 2 ),నిహారిక కొణిదెల ‘ముద్దపప్పు ఆవకాయ’ ( ఎపిసోడ్ - 2 ),4.338245868682861
U178408,87123,6,760478,‘మా’ లో నరేష్ చేసిన మోసాలు బయటపెట్టిన జీవిత రాజశేఖర్,‘మా’ లో నరేష్ చేసిన మోసాలు బయటపెట్టిన జీవిత రాజశేఖర్,4.294879913330078
U178408,87123,7,582899,అమ్మాయిలా మారిన సాయితేజ .. అదిరిందిలోకి ..,అమ్మాయిలా మారిన సాయితేజ .. అదిరిందిలోకి ..,4.277680397033691
U178408,87123,8,2524541,మహిళ మృతి,మహిళ మృతి,4.275167942047119
U178408,87123,9,2495686,సెట్స్లోకి స్వాగతం,సెట్స్లోకి స్వాగతం,4.273747444152832
U178408,87123,10,2495439,సెట్స్లోకి స్వాగతం,సెట్స్లోకి స్వాగతం,4.273747444152832
U17841,87125,1,2515330,ఈ చిట్టి.. జగజ్జెట్టి,ఈ చిట్టి.. జగజ్జెట్టి,3.840820789337158
U17841,87125,2,2515095,ఈ చిట్టి.. జగజ్జెట్టి,ఈ చిట్టి.. జగజ్జెట్టి,3.840820789337158
U17841,87125,3,295510,స్వాతంత్ర్య వేడుకల్లో అల్లు అర్జున్ కొడుకు అయాన్ ( ఫోటోస్ ),స్వాతంత్ర్య వేడుకల్లో అల్లు అర్జున్ కొడుకు అయాన్ ( ఫోటోస్ ),3.7570860385894775
U17841,87125,4,385068,డ్యాన్స్ అదరగొట్టిన పూజ హెగ్డే,డ్యాన్స్ అదరగొట్టిన పూజ హెగ్డే,3.6639347076416016
U17841,87125,5,489212,నాన్ స్టాప్గా మాట్లాడుతుంది : మనవరాలు ఆరాధ్యపై అమితాబ్,నాన్ స్టాప్గా మాట్లాడుతుంది : మనవరాలు ఆరాధ్యపై అమితాబ్,3.636709690093994
U17841,87125,6,756115,స్విమ్మింగ్ఫూల్ బాలీవుడ్ బ్యూటీ మలైకా అరోరా,స్విమ్మింగ్ఫూల్ బాలీవుడ్ బ్యూటీ మలైకా అరోరా,3.6162405014038086
U17841,87125,7,2505968,సరదాగా రానా.. ఘాటుగా హరీశ్శంకర్!,సరదాగా రానా.. ఘాటుగా హరీశ్శంకర్!,3.606536865234375
U17841,87125,8,2505866,సరదాగా రానా.. ఘాటుగా హరీశ్శంకర్!,సరదాగా రానా.. ఘాటుగా హరీశ్శంకర్!,3.606536865234375
U17841,87125,9,2506011,సరదాగా రానా.. ఘాటుగా హరీశ్శంకర్!,సరదాగా రానా.. ఘాటుగా హరీశ్శంకర్!,3.606536865234375
U17841,87125,10,702097,పబ్లిక్ లో సోనమ్ కపూర్ ప్యాంట్ జారిపోయింది,పబ్లిక్ లో సోనమ్ కపూర్ ప్యాంట్ జారిపోయింది,3.6036133766174316
U179431,88260,1,666456,ఇప్పట్లో ధోనీ రిటైర్ అవ్వడు : ఎమ్మెస్కే,ఇప్పట్లో ధోనీ రిటైర్ అవ్వడు : ఎమ్మెస్కే,4.53464937210083
U179431,88260,2,540597,వెస్టిండీస్ పర్యటనకు భారత జట్టు ప్రకటన,వెస్టిండీస్ పర్యటనకు భారత జట్టు ప్రకటన,4.534575462341309
U179431,88260,3,2529927,ఆకాశ్దీప్ ఆడేనా?,ఆకాశ్దీప్ ఆడేనా?,4.534527778625488
U179431,88260,4,2529957,ఆకాశ్దీప్ ఆడేనా?,ఆకాశ్దీప్ ఆడేనా?,4.534527778625488
U179431,88260,5,2530007,ఆకాశ్దీప్ ఆడేనా?,ఆకాశ్దీప్ ఆడేనా?,4.534527778625488
U179431,88260,6,2542932,రోహిత్కు ముందే చెప్పేశారా?,రోహిత్కు ముందే చెప్పేశారా?,4.534061431884766
U179431,88260,7,2543335,రోహిత్కు ముందే చెప్పేశారా?,రోహిత్కు ముందే చెప్పేశారా?,4.534061431884766
U179431,88260,8,2543414,రోహిత్కు ముందే చెప్పేశారా?,రోహిత్కు ముందే చెప్పేశారా?,4.534061431884766
U179431,88260,9,2509639, బుమ్రాకే పగ్గాలు!,బుమ్రాకే పగ్గాలు!,4.533862590789795
U179431,88260,10,2509453, బుమ్రాకే పగ్గాలు!,బుమ్రాకే పగ్గాలు!,4.533862590789795
U180025,88921,1,2528868,జమిలిపై ముందుకు!,జమిలిపై ముందుకు!,4.355579376220703
U180025,88921,2,2505621,25 నుంచి పార్లమెంటు శీతాకాల సమావేశాలు,25 నుంచి పార్లమెంటు శీతాకాల సమావేశాలు,4.3436784744262695
U180025,88921,3,2517765,పార్లమెంటు ముందుకు,పార్లమెంటు ముందుకు,4.318557262420654
U180025,88921,4,2518106,పార్లమెంటు ముందుకు,పార్లమెంటు ముందుకు,4.318557262420654
U180025,88921,5,2503356,5న రాష్ట్రానికి రాహుల్,5న రాష్ట్రానికి రాహుల్,4.313168525695801
U180025,88921,6,2517319,వైసీపీకి జయమంగళ గుడ్బై,వైసీపీకి జయమంగళ గుడ్బై,4.30621862411499
U180025,88921,7,2518272,పార్లమెంటు ముందుకు,పార్లమెంటు ముందుకు,4.3039231300354
U180025,88921,8,2518049,పార్లమెంటు ముందుకు 16 బిల్లులు!,పార్లమెంటు ముందుకు 16 బిల్లులు!,4.296567440032959
U180025,88921,9,2517832,పార్లమెంటు ముందుకు 16 బిల్లులు!,పార్లమెంటు ముందుకు 16 బిల్లులు!,4.296567440032959
U180025,88921,10,2517732,పార్లమెంటు ముందుకు 16 బిల్లులు!,పార్లమెంటు ముందుకు 16 బిల్లులు!,4.296567440032959
U180334,89264,1,2528868,జమిలిపై ముందుకు!,జమిలిపై ముందుకు!,3.8981399536132812
U180334,89264,2,2503356,5న రాష్ట్రానికి రాహుల్,5న రాష్ట్రానికి రాహుల్,3.8810839653015137
U180334,89264,3,2517765,పార్లమెంటు ముందుకు,పార్లమెంటు ముందుకు,3.8795673847198486
U180334,89264,4,2518106,పార్లమెంటు ముందుకు,పార్లమెంటు ముందుకు,3.8795673847198486
U180334,89264,5,2528697,రాజ్యసభ చైర్మన్పై అవిశ్వాసం,రాజ్యసభ చైర్మన్పై అవిశ్వాసం,3.8770651817321777
U180334,89264,6,2528765,రాజ్యసభ చైర్మన్పై అవిశ్వాసం,రాజ్యసభ చైర్మన్పై అవిశ్వాసం,3.8770651817321777
U180334,89264,7,2505621,25 నుంచి పార్లమెంటు శీతాకాల సమావేశాలు,25 నుంచి పార్లమెంటు శీతాకాల సమావేశాలు,3.873959541320801
U180334,89264,8,2518272,పార్లమెంటు ముందుకు,పార్లమెంటు ముందుకు,3.872713327407837
U180334,89264,9,2517319,వైసీపీకి జయమంగళ గుడ్బై,వైసీపీకి జయమంగళ గుడ్బై,3.8708910942077637
U180334,89264,10,2518049,పార్లమెంటు ముందుకు 16 బిల్లులు!,పార్లమెంటు ముందుకు 16 బిల్లులు!,3.8700361251831055
U180819,89802,1,2483429,పండగ సీజన్పై ‘ఆటో’ ఆశలు,పండగ సీజన్పై ‘ఆటో’ ఆశలు,6.085407733917236
U180819,89802,2,2483772,పండగ సీజన్పై ‘ఆటో’ ఆశలు,పండగ సీజన్పై ‘ఆటో’ ఆశలు,6.085407733917236
U180819,89802,3,2483501,పండగ సీజన్పై ‘ఆటో’ ఆశలు,పండగ సీజన్పై ‘ఆటో’ ఆశలు,6.085407733917236
U180819,89802,4,2523169,స్కోడా కైలాక్ బుకింగ్స్ షురూ,స్కోడా కైలాక్ బుకింగ్స్ షురూ,6.076329708099365
U180819,89802,5,2523399,స్కోడా కైలాక్ బుకింగ్స్ షురూ,స్కోడా కైలాక్ బుకింగ్స్ షురూ,6.076329708099365
U180819,89802,6,2522969,స్కోడా కైలాక్ బుకింగ్స్ షురూ,స్కోడా కైలాక్ బుకింగ్స్ షురూ,6.076329708099365
U180819,89802,7,2524477,హోండా అమేజ్ కొత్త వెర్షన్,హోండా అమేజ్ కొత్త వెర్షన్,6.056845188140869
U180819,89802,8,2524737,హోండా అమేజ్ కొత్త వెర్షన్,హోండా అమేజ్ కొత్త వెర్షన్,6.056845188140869
U180819,89802,9,2524309,హోండా అమేజ్ కొత్త వెర్షన్,హోండా అమేజ్ కొత్త వెర్షన్,6.056845188140869
U180819,89802,10,2510782,మారుతి సుజుకి ’న్యూ ఆల్ డిజైర్’ కారు విడుదల,మారుతి సుజుకి ’న్యూ ఆల్ డిజైర్’ కారు విడుదల,6.032598495483398
U181126,90144,1,2530925,వారం పాటు పెట్టాల్సిన ఆహార పదార్థాలు ఇవే...,వారం పాటు పెట్టాల్సిన ఆహార పదార్థాలు ఇవే...,2.1898772716522217
U181126,90144,2,2530995,వారం పాటు పెట్టాల్సిన ఆహార పదార్థాలు ఇవే...,వారం పాటు పెట్టాల్సిన ఆహార పదార్థాలు ఇవే...,2.1898772716522217
U181126,90144,3,2521652,పనీర్ మిరియాల కూర,పనీర్ మిరియాల కూర,2.170379877090454
U181126,90144,4,2521439,పనీర్ మిరియాల కూర,పనీర్ మిరియాల కూర,2.1639962196350098
U181126,90144,5,2529706,వహ్వా.. హైదరాబాద్ బిర్యానీ!,వహ్వా.. హైదరాబాద్ బిర్యానీ!,2.1627275943756104
U181126,90144,6,2529847,వహ్వా.. హైదరాబాద్ బిర్యానీ!,వహ్వా.. హైదరాబాద్ బిర్యానీ!,2.1627275943756104
U181126,90144,7,2514799,● కేక్ మిక్సింగ్,● కేక్ మిక్సింగ్,2.155900478363037
U181126,90144,8,2494245,రుచికి రుచి,రుచికి రుచి,2.153531074523926
U181126,90144,9,2494615,రుచికి రుచి,రుచికి రుచి,2.153531074523926
U181126,90144,10,2519811,‘ఇస్కాన్’పై బంగ్లాదేశ్లో నిషేధం?,‘ఇస్కాన్’పై బంగ్లాదేశ్లో నిషేధం?,2.151254415512085
U181262,90295,1,2483429,పండగ సీజన్పై ‘ఆటో’ ఆశలు,పండగ సీజన్పై ‘ఆటో’ ఆశలు,3.9182965755462646
U181262,90295,2,2483501,పండగ సీజన్పై ‘ఆటో’ ఆశలు,పండగ సీజన్పై ‘ఆటో’ ఆశలు,3.9182965755462646
U181262,90295,3,2483772,పండగ సీజన్పై ‘ఆటో’ ఆశలు,పండగ సీజన్పై ‘ఆటో’ ఆశలు,3.9182965755462646
U181262,90295,4,2522969,స్కోడా కైలాక్ బుకింగ్స్ షురూ,స్కోడా కైలాక్ బుకింగ్స్ షురూ,3.9091153144836426
U181262,90295,5,2523169,స్కోడా కైలాక్ బుకింగ్స్ షురూ,స్కోడా కైలాక్ బుకింగ్స్ షురూ,3.9091153144836426
U181262,90295,6,2523399,స్కోడా కైలాక్ బుకింగ్స్ షురూ,స్కోడా కైలాక్ బుకింగ్స్ షురూ,3.9091153144836426
U181262,90295,7,2524309,హోండా అమేజ్ కొత్త వెర్షన్,హోండా అమేజ్ కొత్త వెర్షన్,3.891665458679199
U181262,90295,8,2524477,హోండా అమేజ్ కొత్త వెర్షన్,హోండా అమేజ్ కొత్త వెర్షన్,3.891665458679199
U181262,90295,9,2524737,హోండా అమేజ్ కొత్త వెర్షన్,హోండా అమేజ్ కొత్త వెర్షన్,3.891665458679199
U181262,90295,10,2510782,మారుతి సుజుకి ’న్యూ ఆల్ డిజైర్’ కారు విడుదల,మారుతి సుజుకి ’న్యూ ఆల్ డిజైర్’ కారు విడుదల,3.8720786571502686
U181651,90727,1,2483772,పండగ సీజన్పై ‘ఆటో’ ఆశలు,పండగ సీజన్పై ‘ఆటో’ ఆశలు,6.219651222229004
U181651,90727,2,2483501,పండగ సీజన్పై ‘ఆటో’ ఆశలు,పండగ సీజన్పై ‘ఆటో’ ఆశలు,6.219651222229004
U181651,90727,3,2483429,పండగ సీజన్పై ‘ఆటో’ ఆశలు,పండగ సీజన్పై ‘ఆటో’ ఆశలు,6.219651222229004
U181651,90727,4,2523169,స్కోడా కైలాక్ బుకింగ్స్ షురూ,స్కోడా కైలాక్ బుకింగ్స్ షురూ,6.212456703186035
U181651,90727,5,2523399,స్కోడా కైలాక్ బుకింగ్స్ షురూ,స్కోడా కైలాక్ బుకింగ్స్ షురూ,6.212456703186035
U181651,90727,6,2522969,స్కోడా కైలాక్ బుకింగ్స్ షురూ,స్కోడా కైలాక్ బుకింగ్స్ షురూ,6.212456703186035
U181651,90727,7,2524737,హోండా అమేజ్ కొత్త వెర్షన్,హోండా అమేజ్ కొత్త వెర్షన్,6.192954063415527
U181651,90727,8,2524309,హోండా అమేజ్ కొత్త వెర్షన్,హోండా అమేజ్ కొత్త వెర్షన్,6.192954063415527
U181651,90727,9,2524477,హోండా అమేజ్ కొత్త వెర్షన్,హోండా అమేజ్ కొత్త వెర్షన్,6.192954063415527
U181651,90727,10,2510782,మారుతి సుజుకి ’న్యూ ఆల్ డిజైర్’ కారు విడుదల,మారుతి సుజుకి ’న్యూ ఆల్ డిజైర్’ కారు విడుదల,6.167039394378662
U182142,91273,1,2513315,హాట్ హిట్స్,హాట్ హిట్స్,3.1895010471343994
U182142,91273,2,2513089,హాట్ హిట్స్,హాట్ హిట్స్,3.1895010471343994
U182142,91273,3,2513068,హాట్ హిట్స్,హాట్ హిట్స్,3.1895010471343994
U182142,91273,4,2508608,హాట్ హిట్స్ ,హాట్ హిట్స్,3.1888201236724854
U182142,91273,5,2508615,హాట్ హిట్స్ ,హాట్ హిట్స్,3.1888201236724854
U182142,91273,6,2508601,హాట్ హిట్స్ ,హాట్ హిట్స్,3.1888201236724854
U182142,91273,7,2515611,ఆమె కూడా భర్తకు విడాకులు ఇచ్చింది,ఆమె కూడా భర్తకు విడాకులు ఇచ్చింది,3.1850998401641846
U182142,91273,8,2515130,ఆమె కూడా భర్తకు విడాకులు ఇచ్చింది,ఆమె కూడా భర్తకు విడాకులు ఇచ్చింది,3.1850998401641846
U182142,91273,9,2515400,ఆమె కూడా భర్తకు విడాకులు ఇచ్చింది,ఆమె కూడా భర్తకు విడాకులు ఇచ్చింది,3.1850998401641846
U182142,91273,10,2527189,హాట్ హిట్స్,హాట్ హిట్స్,3.1714751720428467
U182700,91893,1,2536750,హసీనాను మాకు  అప్పగించండిభారత్ను కోరిన బంగ్లాదేశ్,హసీనాను మాకు అప్పగించండిభారత్ను కోరిన బంగ్లాదేశ్,3.416529417037964
U182700,91893,2,2536824,హసీనాను మాకు  అప్పగించండిభారత్ను కోరిన బంగ్లాదేశ్,హసీనాను మాకు అప్పగించండిభారత్ను కోరిన బంగ్లాదేశ్,3.416529417037964
U182700,91893,3,2536558,హసీనాను మాకు  అప్పగించండిభారత్ను కోరిన బంగ్లాదేశ్,హసీనాను మాకు అప్పగించండిభారత్ను కోరిన బంగ్లాదేశ్,3.416529417037964
U182700,91893,4,2505088,కెనడాలో హిందూ  ఆలయంపై దాడి,కెనడాలో హిందూ ఆలయంపై దాడి,3.415276050567627
U182700,91893,5,2504924,కెనడాలో హిందూ  ఆలయంపై దాడి,కెనడాలో హిందూ ఆలయంపై దాడి,3.415276050567627
U182700,91893,6,2528106,రాష్ట్రంలో దళితులపై దాడులు పెరిగాయి,రాష్ట్రంలో దళితులపై దాడులు పెరిగాయి,3.414341688156128
U182700,91893,7,2510216,కెనడాలో భారతీయులకు గండం! ,కెనడాలో భారతీయులకు గండం!,3.4138567447662354
U182700,91893,8,2509743,కెనడాలో భారతీయులకు గండం! ,కెనడాలో భారతీయులకు గండం!,3.4138567447662354
U182700,91893,9,2510059,కెనడాలో భారతీయులకు గండం! ,కెనడాలో భారతీయులకు గండం!,3.4138567447662354
U182700,91893,10,2519719,‘ఇస్కాన్’పై బంగ్లాదేశ్లో నిషేధం?,‘ఇస్కాన్’పై బంగ్లాదేశ్లో నిషేధం?,3.4124484062194824
U183599,92890,1,2525927,చలి కాలంలో,చలి కాలంలో,2.0482709407806396
U183599,92890,2,2526063,చలి కాలంలో,చలి కాలంలో,2.0482709407806396
U183599,92890,3,386042,‘మాస్టర్ చెఫ్’కి హోస్ట్ గా తమన్నా !,‘మాస్టర్ చెఫ్’కి హోస్ట్ గా తమన్నా !,2.0341718196868896
U183599,92890,4,2483635,కాఫీ సందేశ్!,కాఫీ సందేశ్!,2.0311901569366455
U183599,92890,5,2483620,కాఫీ సందేశ్!,కాఫీ సందేశ్!,2.0311901569366455
U183599,92890,6,2483693,కాఫీ సందేశ్!,కాఫీ సందేశ్!,2.0311901569366455
U183599,92890,7,2502779,ఆప్రికాట్ డిలైట్,ఆప్రికాట్ డిలైట్,2.0196192264556885
U183599,92890,8,2502885,ఆప్రికాట్ డిలైట్,ఆప్రికాట్ డిలైట్,2.0196192264556885
U183599,92890,9,2503090,ఆప్రికాట్ డిలైట్,ఆప్రికాట్ డిలైట్,2.0196192264556885
U183599,92890,10,2516579,శీతాకాలంవేడి వేడిగా..!,శీతాకాలంవేడి వేడిగా..!,1.988828182220459
U184807,94233,1,2535594,మళ్లీ వస్తోన్న స్క్విడ్ గేమ్,మళ్లీ వస్తోన్న స్క్విడ్ గేమ్,3.1430606842041016
U184807,94233,2,2533806,రచయిత ‘కాటూరు’ అస్తమయం ,రచయిత ‘కాటూరు’ అస్తమయం,2.9125075340270996
U184807,94233,3,386042,‘మాస్టర్ చెఫ్’కి హోస్ట్ గా తమన్నా !,‘మాస్టర్ చెఫ్’కి హోస్ట్ గా తమన్నా !,2.7070226669311523
U184807,94233,4,335747,వెబ్ సిరీస్ లోకి హీరో సూర్య ఎంట్రీ,వెబ్ సిరీస్ లోకి హీరో సూర్య ఎంట్రీ,2.5565004348754883
U184807,94233,5,2502831,మురిపించిన ‘మూరత్’,మురిపించిన ‘మూరత్’,2.5140867233276367
U184807,94233,6,2502725,మురిపించిన ‘మూరత్’,మురిపించిన ‘మూరత్’,2.5140867233276367
U184807,94233,7,2503289,మురిపించిన ‘మూరత్’,మురిపించిన ‘మూరత్’,2.5140867233276367
U184807,94233,8,2541551,ఏడాదిలో రూ.77.6 లక్షల కోట్లు ,ఏడాదిలో రూ.77.6 లక్షల కోట్లు,2.513674259185791
U184807,94233,9,2541219,ఏడాదిలో రూ.77.6 లక్షల కోట్లు ,ఏడాదిలో రూ.77.6 లక్షల కోట్లు,2.513674259185791
U184807,94233,10,2541167,ఏడాదిలో రూ.77.6 లక్షల కోట్లు ,ఏడాదిలో రూ.77.6 లక్షల కోట్లు,2.513674259185791
U185064,94519,1,2505621,25 నుంచి పార్లమెంటు శీతాకాల సమావేశాలు,25 నుంచి పార్లమెంటు శీతాకాల సమావేశాలు,5.0074920654296875
U185064,94519,2,2528868,జమిలిపై ముందుకు!,జమిలిపై ముందుకు!,4.994748115539551
U185064,94519,3,2518106,పార్లమెంటు ముందుకు,పార్లమెంటు ముందుకు,4.947949409484863
U185064,94519,4,2517765,పార్లమెంటు ముందుకు,పార్లమెంటు ముందుకు,4.947949409484863
U185064,94519,5,2517319,వైసీపీకి జయమంగళ గుడ్బై,వైసీపీకి జయమంగళ గుడ్బై,4.942569255828857
U185064,94519,6,2503356,5న రాష్ట్రానికి రాహుల్,5న రాష్ట్రానికి రాహుల్,4.9404802322387695
U185064,94519,7,2518272,పార్లమెంటు ముందుకు,పార్లమెంటు ముందుకు,4.927986145019531
U185064,94519,8,2528697,రాజ్యసభ చైర్మన్పై అవిశ్వాసం,రాజ్యసభ చైర్మన్పై అవిశ్వాసం,4.926034927368164
U185064,94519,9,2528765,రాజ్యసభ చైర్మన్పై అవిశ్వాసం,రాజ్యసభ చైర్మన్పై అవిశ్వాసం,4.926034927368164
U185064,94519,10,2484135,శివరాజ్ సింగ్కు బీజేపీ పగ్గాలు?,శివరాజ్ సింగ్కు బీజేపీ పగ్గాలు?,4.924112796783447
U186120,95693,1,2483429,పండగ సీజన్పై ‘ఆటో’ ఆశలు,పండగ సీజన్పై ‘ఆటో’ ఆశలు,5.686204433441162
U186120,95693,2,2483772,పండగ సీజన్పై ‘ఆటో’ ఆశలు,పండగ సీజన్పై ‘ఆటో’ ఆశలు,5.686204433441162
U186120,95693,3,2483501,పండగ సీజన్పై ‘ఆటో’ ఆశలు,పండగ సీజన్పై ‘ఆటో’ ఆశలు,5.686204433441162
U186120,95693,4,2523399,స్కోడా కైలాక్ బుకింగ్స్ షురూ,స్కోడా కైలాక్ బుకింగ్స్ షురూ,5.6815619468688965
U186120,95693,5,2523169,స్కోడా కైలాక్ బుకింగ్స్ షురూ,స్కోడా కైలాక్ బుకింగ్స్ షురూ,5.6815619468688965
U186120,95693,6,2522969,స్కోడా కైలాక్ బుకింగ్స్ షురూ,స్కోడా కైలాక్ బుకింగ్స్ షురూ,5.6815619468688965
U186120,95693,7,2524477,హోండా అమేజ్ కొత్త వెర్షన్,హోండా అమేజ్ కొత్త వెర్షన్,5.667610168457031
U186120,95693,8,2524737,హోండా అమేజ్ కొత్త వెర్షన్,హోండా అమేజ్ కొత్త వెర్షన్,5.667610168457031
U186120,95693,9,2524309,హోండా అమేజ్ కొత్త వెర్షన్,హోండా అమేజ్ కొత్త వెర్షన్,5.667610168457031
U186120,95693,10,2510782,మారుతి సుజుకి ’న్యూ ఆల్ డిజైర్’ కారు విడుదల,మారుతి సుజుకి ’న్యూ ఆల్ డిజైర్’ కారు విడుదల,5.647297382354736
U187013,96685,1,386042,‘మాస్టర్ చెఫ్’కి హోస్ట్ గా తమన్నా !,‘మాస్టర్ చెఫ్’కి హోస్ట్ గా తమన్నా !,2.177419900894165
U187013,96685,2,2535594,మళ్లీ వస్తోన్న స్క్విడ్ గేమ్,మళ్లీ వస్తోన్న స్క్విడ్ గేమ్,2.1652677059173584
U187013,96685,3,246246,నిహారిక కొణిదెల ‘ముద్దపప్పు ఆవకాయ’ ( ఎపిసోడ్ - 2 ),నిహారిక కొణిదెల ‘ముద్దపప్పు ఆవకాయ’ ( ఎపిసోడ్ - 2 ),2.1255111694335938
U187013,96685,4,335747,వెబ్ సిరీస్ లోకి హీరో సూర్య ఎంట్రీ,వెబ్ సిరీస్ లోకి హీరో సూర్య ఎంట్రీ,2.109027624130249
U187013,96685,5,2527321,మళ్లీ యాక్షన్ మోడ్లోకి,మళ్లీ యాక్షన్ మోడ్లోకి,2.0812435150146484
U187013,96685,6,2527482,మళ్లీ యాక్షన్ మోడ్లోకి,మళ్లీ యాక్షన్ మోడ్లోకి,2.0812435150146484
U187013,96685,7,2527432,మళ్లీ యాక్షన్ మోడ్లోకి,మళ్లీ యాక్షన్ మోడ్లోకి,2.0812435150146484
U187013,96685,8,708200,బిగ్ బాస్ - 4 షూటింగ్ స్టార్ట్స్ ....,బిగ్ బాస్ - 4 షూటింగ్ స్టార్ట్స్ ....,2.077486038208008
U187013,96685,9,582899,అమ్మాయిలా మారిన సాయితేజ .. అదిరిందిలోకి ..,అమ్మాయిలా మారిన సాయితేజ .. అదిరిందిలోకి ..,2.073472261428833
U187013,96685,10,2539347,అల్లు అర్జున్తో పోల్చొద్దు,అల్లు అర్జున్తో పోల్చొద్దు,2.0640149116516113
U187634,97374,1,2483501,పండగ సీజన్పై ‘ఆటో’ ఆశలు,పండగ సీజన్పై ‘ఆటో’ ఆశలు,0.8470780849456787
U187634,97374,2,2483429,పండగ సీజన్పై ‘ఆటో’ ఆశలు,పండగ సీజన్పై ‘ఆటో’ ఆశలు,0.8470780849456787
U187634,97374,3,2483772,పండగ సీజన్పై ‘ఆటో’ ఆశలు,పండగ సీజన్పై ‘ఆటో’ ఆశలు,0.8470780849456787
U187634,97374,4,2522969,స్కోడా కైలాక్ బుకింగ్స్ షురూ,స్కోడా కైలాక్ బుకింగ్స్ షురూ,0.8450430035591125
U187634,97374,5,2523169,స్కోడా కైలాక్ బుకింగ్స్ షురూ,స్కోడా కైలాక్ బుకింగ్స్ షురూ,0.8450430035591125
U187634,97374,6,2523399,స్కోడా కైలాక్ బుకింగ్స్ షురూ,స్కోడా కైలాక్ బుకింగ్స్ షురూ,0.8450430035591125
U187634,97374,7,2524477,హోండా అమేజ్ కొత్త వెర్షన్,హోండా అమేజ్ కొత్త వెర్షన్,0.8399825692176819
U187634,97374,8,2524737,హోండా అమేజ్ కొత్త వెర్షన్,హోండా అమేజ్ కొత్త వెర్షన్,0.8399825692176819
U187634,97374,9,2524309,హోండా అమేజ్ కొత్త వెర్షన్,హోండా అమేజ్ కొత్త వెర్షన్,0.8399825692176819
U187634,97374,10,2487425,మార్కెట్లోకి బీఎండబ్ల్యూ ఎం4 సీఎస్,మార్కెట్లోకి బీఎండబ్ల్యూ ఎం4 సీఎస్,0.8345116972923279
U189372,99305,1,386042,‘మాస్టర్ చెఫ్’కి హోస్ట్ గా తమన్నా !,‘మాస్టర్ చెఫ్’కి హోస్ట్ గా తమన్నా !,3.8378262519836426
U189372,99305,2,2524584,మహిళ మృతి,మహిళ మృతి,3.5508859157562256
U189372,99305,3,335747,వెబ్ సిరీస్ లోకి హీరో సూర్య ఎంట్రీ,వెబ్ సిరీస్ లోకి హీరో సూర్య ఎంట్రీ,3.536001682281494
U189372,99305,4,2524541,మహిళ మృతి,మహిళ మృతి,3.484135150909424
U189372,99305,5,2493634,నో అన్నా వాళ్లు వదల్లేదు!,నో అన్నా వాళ్లు వదల్లేదు!,3.4755773544311523
U189372,99305,6,2493696,నో అన్నా వాళ్లు వదల్లేదు!,నో అన్నా వాళ్లు వదల్లేదు!,3.4755773544311523
U189372,99305,7,2493876,నో అన్నా వాళ్లు వదల్లేదు!,నో అన్నా వాళ్లు వదల్లేదు!,3.4755773544311523
U189372,99305,8,2495615,సెట్స్లోకి స్వాగతం,సెట్స్లోకి స్వాగతం,3.467463254928589
U189372,99305,9,2495439,సెట్స్లోకి స్వాగతం,సెట్స్లోకి స్వాగతం,3.467463254928589
U189372,99305,10,2495686,సెట్స్లోకి స్వాగతం,సెట్స్లోకి స్వాగతం,3.467463254928589
U191317,101467,1,937990,గోదాం దగ్ధం కేసులో ఇద్దరికి జైలుశిక్ష,గోదాం దగ్ధం కేసులో ఇద్దరికి జైలుశిక్ష,3.334120273590088
U191317,101467,2,2488130,రూ. 24 లక్షల బాణసంచా పట్టివేత,రూ. 24 లక్షల బాణసంచా పట్టివేత,3.3195979595184326
U191317,101467,3,2521877,ఫేక్ బెయిల్తో జైలు నుంచి బయటకు,ఫేక్ బెయిల్తో జైలు నుంచి బయటకు,3.3145523071289062
U191317,101467,4,2521757,దొంగ.. బెయిల్,దొంగ.. బెయిల్,3.308962106704712
U191317,101467,5,991306,మైనర్ బాలిక హత్యచారం కేసులో నిందితుడు అరెస్టు,మైనర్ బాలిక హత్యచారం కేసులో నిందితుడు అరెస్టు,3.2955663204193115
U191317,101467,6,888063,అల్లుడిని చంపిన కేసులో మామ అరెస్టు,అల్లుడిని చంపిన కేసులో మామ అరెస్టు,3.294539451599121
U191317,101467,7,910014,మహిళను వేధించిన కేసులో యువకుడు అరెస్టు,మహిళను వేధించిన కేసులో యువకుడు అరెస్టు,3.2903757095336914
U191317,101467,8,2485923,ముగ్గురు గంజాయి విక్రేతల అరెస్టు,ముగ్గురు గంజాయి విక్రేతల అరెస్టు,3.2788901329040527
U191317,101467,9,2529405,చింతల్లో దారుణం,చింతల్లో దారుణం,3.27105975151062
U191317,101467,10,648247,చోరీకి పాల్పడిన ముగ్గురి అరెస్టు,చోరీకి పాల్పడిన ముగ్గురి అరెస్టు,3.2691586017608643
U192165,102409,1,386042,‘మాస్టర్ చెఫ్’కి హోస్ట్ గా తమన్నా !,‘మాస్టర్ చెఫ్’కి హోస్ట్ గా తమన్నా !,5.944460391998291
U192165,102409,2,335747,వెబ్ సిరీస్ లోకి హీరో సూర్య ఎంట్రీ,వెబ్ సిరీస్ లోకి హీరో సూర్య ఎంట్రీ,5.618431568145752
U192165,102409,3,2524584,మహిళ మృతి,మహిళ మృతి,5.569842338562012
U192165,102409,4,2524541,మహిళ మృతి,మహిళ మృతి,5.471457481384277
U192165,102409,5,2493876,నో అన్నా వాళ్లు వదల్లేదు!,నో అన్నా వాళ్లు వదల్లేదు!,5.438443660736084
U192165,102409,6,2493696,నో అన్నా వాళ్లు వదల్లేదు!,నో అన్నా వాళ్లు వదల్లేదు!,5.438443660736084
U192165,102409,7,2493634,నో అన్నా వాళ్లు వదల్లేదు!,నో అన్నా వాళ్లు వదల్లేదు!,5.438443660736084
U192165,102409,8,2495439,సెట్స్లోకి స్వాగతం,సెట్స్లోకి స్వాగతం,5.331840991973877
U192165,102409,9,2495686,సెట్స్లోకి స్వాగతం,సెట్స్లోకి స్వాగతం,5.331840991973877
U192165,102409,10,2495615,సెట్స్లోకి స్వాగతం,సెట్స్లోకి స్వాగతం,5.331840991973877
U195252,105839,1,937990,గోదాం దగ్ధం కేసులో ఇద్దరికి జైలుశిక్ష,గోదాం దగ్ధం కేసులో ఇద్దరికి జైలుశిక్ష,1.2250936031341553
U195252,105839,2,2521877,ఫేక్ బెయిల్తో జైలు నుంచి బయటకు,ఫేక్ బెయిల్తో జైలు నుంచి బయటకు,1.2212440967559814
U195252,105839,3,2521757,దొంగ.. బెయిల్,దొంగ.. బెయిల్,1.2199938297271729
U195252,105839,4,2488130,రూ. 24 లక్షల బాణసంచా పట్టివేత,రూ. 24 లక్షల బాణసంచా పట్టివేత,1.2188044786453247
U195252,105839,5,991306,మైనర్ బాలిక హత్యచారం కేసులో నిందితుడు అరెస్టు,మైనర్ బాలిక హత్యచారం కేసులో నిందితుడు అరెస్టు,1.208761215209961
U195252,105839,6,888063,అల్లుడిని చంపిన కేసులో మామ అరెస్టు,అల్లుడిని చంపిన కేసులో మామ అరెస్టు,1.2071586847305298
U195252,105839,7,2529405,చింతల్లో దారుణం,చింతల్లో దారుణం,1.2050385475158691
U195252,105839,8,910014,మహిళను వేధించిన కేసులో యువకుడు అరెస్టు,మహిళను వేధించిన కేసులో యువకుడు అరెస్టు,1.2048875093460083
U195252,105839,9,2485923,ముగ్గురు గంజాయి విక్రేతల అరెస్టు,ముగ్గురు గంజాయి విక్రేతల అరెస్టు,1.2004475593566895
U195252,105839,10,648247,చోరీకి పాల్పడిన ముగ్గురి అరెస్టు,చోరీకి పాల్పడిన ముగ్గురి అరెస్టు,1.1965328454971313
U195502,106117,1,2510849,హైటెక్ సిటీలో మరో స్టార్ హోటల్,హైటెక్ సిటీలో మరో స్టార్ హోటల్,4.3907904624938965
U195502,106117,2,2510857,హైటెక్ సిటీలో మరో స్టార్ హోటల్,హైటెక్ సిటీలో మరో స్టార్ హోటల్,4.3907904624938965
U195502,106117,3,2520361,బంజారాహిల్స్లో  లీలా లగ్జరీ హోటల్ ప్రారంభం,బంజారాహిల్స్లో లీలా లగ్జరీ హోటల్ ప్రారంభం,4.390656471252441
U195502,106117,4,2533050,టూరిజం హబ్గా జిల్లా..,టూరిజం హబ్గా జిల్లా..,4.382536888122559
U195502,106117,5,2541455,పర్యాటకులు 1.92 కోట్లు,పర్యాటకులు 1.92 కోట్లు,4.381011486053467
U195502,106117,6,2504268,హంసలదీవిలో పర్యాటకుల సందడి,హంసలదీవిలో పర్యాటకుల సందడి,4.373074531555176
U195502,106117,7,2481807,హైదరాబాద్లో విదేశీ పర్యాటకులను ఆకర్షించే కట్టడాలు,హైదరాబాద్లో విదేశీ పర్యాటకులను ఆకర్షించే కట్టడాలు,4.370371341705322
U195502,106117,8,2531541,విమానాశ్రయంలో పర్యాటక సమాచార కేంద్రం ,విమానాశ్రయంలో పర్యాటక సమాచార కేంద్రం,4.367297172546387
U195502,106117,9,2531693,విమానాశ్రయంలో పర్యాటక సమాచార కేంద్రం ,విమానాశ్రయంలో పర్యాటక సమాచార కేంద్రం,4.367297172546387
U195502,106117,10,2526343,మహా కుంభమేళా యాత్ర,మహా కుంభమేళా యాత్ర,4.359797954559326
U196001,106672,1,2527035,బరువు పెరగాలంటే..! ,బరువు పెరగాలంటే..!,3.537369728088379
U196001,106672,2,2514604,ఇలా చేస్తే మెదడుకు హాని,ఇలా చేస్తే మెదడుకు హాని,3.5337090492248535
U196001,106672,3,2514928,ఇలా చేస్తే మెదడుకు హాని,ఇలా చేస్తే మెదడుకు హాని,3.5337090492248535
U196001,106672,4,2514456,ఇలా చేస్తే మెదడుకు హాని,ఇలా చేస్తే మెదడుకు హాని,3.5337090492248535
U196001,106672,5,2504853,ఇన్ఫ్లమేషన్ ,ఇన్ఫ్లమేషన్,3.5316522121429443
U196001,106672,6,2508244,బరువు తగ్గండిలా...,బరువు తగ్గండిలా...,3.531264066696167
U196001,106672,7,2508045,బరువు తగ్గండిలా...,బరువు తగ్గండిలా...,3.531264066696167
U196001,106672,8,2507941,బరువు తగ్గండిలా...,బరువు తగ్గండిలా...,3.531264066696167
U196001,106672,9,2527643,పండ్లు పరిమితంగానే...                        ,పండ్లు పరిమితంగానే...,3.531095504760742
U196001,106672,10,2527869,పండ్లు పరిమితంగానే...                        ,పండ్లు పరిమితంగానే...,3.531095504760742
U197686,108542,1,2504924,కెనడాలో హిందూ  ఆలయంపై దాడి,కెనడాలో హిందూ ఆలయంపై దాడి,4.121210098266602
U197686,108542,2,2505088,కెనడాలో హిందూ  ఆలయంపై దాడి,కెనడాలో హిందూ ఆలయంపై దాడి,4.121210098266602
U197686,108542,3,2519811,‘ఇస్కాన్’పై బంగ్లాదేశ్లో నిషేధం?,‘ఇస్కాన్’పై బంగ్లాదేశ్లో నిషేధం?,4.1179728507995605
U197686,108542,4,2519719,‘ఇస్కాన్’పై బంగ్లాదేశ్లో నిషేధం?,‘ఇస్కాన్’పై బంగ్లాదేశ్లో నిషేధం?,4.1179728507995605
U197686,108542,5,2532416,సీఐడీ దర్యాప్తునకు సహకరించండి,సీఐడీ దర్యాప్తునకు సహకరించండి,4.117245674133301
U197686,108542,6,2520014,‘ఇస్కాన్’పై బంగ్లాదేశ్లో నిషేధం!,‘ఇస్కాన్’పై బంగ్లాదేశ్లో నిషేధం!,4.116192817687988
U197686,108542,7,2493444,ఎంపీ మిథున్రెడ్డి పుంగనూరు వెళ్లకుండా  నియంత్రణ ఉత్తర్వులు ఇచ్చారా?,ఎంపీ మిథున్రెడ్డి పుంగనూరు వెళ్లకుండా నియంత్రణ ఉత్తర్వులు ఇచ్చారా?,4.115772247314453
U197686,108542,8,2494871,గ్రూప్–1 మెయిన్స్ పరీక్షకు పటిష్ఠ భద్రత,గ్రూప్–1 మెయిన్స్ పరీక్షకు పటిష్ఠ భద్రత,4.115762233734131
U197686,108542,9,2495277,గ్రూప్–1 మెయిన్స్ పరీక్షకు పటిష్ఠ భద్రత,గ్రూప్–1 మెయిన్స్ పరీక్షకు పటిష్ఠ భద్రత,4.115762233734131
U197686,108542,10,895624,అమరావతి పై సుప్రీం కీలక తీర్పు,అమరావతి పై సుప్రీం కీలక తీర్పు,4.115690231323242
U199930,111036,1,386042,‘మాస్టర్ చెఫ్’కి హోస్ట్ గా తమన్నా !,‘మాస్టర్ చెఫ్’కి హోస్ట్ గా తమన్నా !,5.435788154602051
U199930,111036,2,2513068,హాట్ హిట్స్,హాట్ హిట్స్,5.374178886413574
U199930,111036,3,2513089,హాట్ హిట్స్,హాట్ హిట్స్,5.374178886413574
U199930,111036,4,2513315,హాట్ హిట్స్,హాట్ హిట్స్,5.374178886413574
U199930,111036,5,2508601,హాట్ హిట్స్ ,హాట్ హిట్స్,5.37185001373291
U199930,111036,6,2508608,హాట్ హిట్స్ ,హాట్ హిట్స్,5.37185001373291
U199930,111036,7,2508615,హాట్ హిట్స్ ,హాట్ హిట్స్,5.37185001373291
U199930,111036,8,2515400,ఆమె కూడా భర్తకు విడాకులు ఇచ్చింది,ఆమె కూడా భర్తకు విడాకులు ఇచ్చింది,5.354243278503418
U199930,111036,9,2515611,ఆమె కూడా భర్తకు విడాకులు ఇచ్చింది,ఆమె కూడా భర్తకు విడాకులు ఇచ్చింది,5.354243278503418
U199930,111036,10,2515130,ఆమె కూడా భర్తకు విడాకులు ఇచ్చింది,ఆమె కూడా భర్తకు విడాకులు ఇచ్చింది,5.354243278503418
U201416,112689,1,2483772,పండగ సీజన్పై ‘ఆటో’ ఆశలు,పండగ సీజన్పై ‘ఆటో’ ఆశలు,3.2214062213897705
U201416,112689,2,2483501,పండగ సీజన్పై ‘ఆటో’ ఆశలు,పండగ సీజన్పై ‘ఆటో’ ఆశలు,3.2214062213897705
U201416,112689,3,2483429,పండగ సీజన్పై ‘ఆటో’ ఆశలు,పండగ సీజన్పై ‘ఆటో’ ఆశలు,3.2214062213897705
U201416,112689,4,2523399,స్కోడా కైలాక్ బుకింగ్స్ షురూ,స్కోడా కైలాక్ బుకింగ్స్ షురూ,3.219348192214966
U201416,112689,5,2523169,స్కోడా కైలాక్ బుకింగ్స్ షురూ,స్కోడా కైలాక్ బుకింగ్స్ షురూ,3.219348192214966
U201416,112689,6,2522969,స్కోడా కైలాక్ బుకింగ్స్ షురూ,స్కోడా కైలాక్ బుకింగ్స్ షురూ,3.219348192214966
U201416,112689,7,2524477,హోండా అమేజ్ కొత్త వెర్షన్,హోండా అమేజ్ కొత్త వెర్షన్,3.212980031967163
U201416,112689,8,2524309,హోండా అమేజ్ కొత్త వెర్షన్,హోండా అమేజ్ కొత్త వెర్షన్,3.212980031967163
U201416,112689,9,2524737,హోండా అమేజ్ కొత్త వెర్షన్,హోండా అమేజ్ కొత్త వెర్షన్,3.212980031967163
U201416,112689,10,2510782,మారుతి సుజుకి ’న్యూ ఆల్ డిజైర్’ కారు విడుదల,మారుతి సుజుకి ’న్యూ ఆల్ డిజైర్’ కారు విడుదల,3.202552080154419
U203077,114534,1,2507430,ఇలా అలంకరిస్తే ,ఇలా అలంకరిస్తే,3.834221363067627
U203077,114534,2,2507347,ఇలా అలంకరిస్తే ,ఇలా అలంకరిస్తే,3.834221363067627
U203077,114534,3,2507149,ఇలా అలంకరిస్తే ,ఇలా అలంకరిస్తే,3.834221363067627
U203077,114534,4,2492910,ఆర్గంజా అదరహో... ,ఆర్గంజా అదరహో...,3.8007445335388184
U203077,114534,5,2541361,ఇంటిని అందంగా అలంకరిద్దాం!,ఇంటిని అందంగా అలంకరిద్దాం!,3.7714507579803467
U203077,114534,6,2505205,ఇల్లు విలాసవంతంగా,ఇల్లు విలాసవంతంగా,3.7356441020965576
U203077,114534,7,2505382,ఇల్లు విలాసవంతంగా,ఇల్లు విలాసవంతంగా,3.7356441020965576
U203077,114534,8,2541389,అందంగా అలంకరిద్దాం!,అందంగా అలంకరిద్దాం!,3.7276337146759033
U203077,114534,9,2542748,మనం స్వేచ్ఛగానే ఉన్నామా?,మనం స్వేచ్ఛగానే ఉన్నామా?,3.6445975303649902
U203077,114534,10,2514457,పిల్లలు ఎవరితోనూ కలవడం లేదా?,పిల్లలు ఎవరితోనూ కలవడం లేదా?,3.64286208152771
U204263,115852,1,2528868,జమిలిపై ముందుకు!,జమిలిపై ముందుకు!,2.832742691040039
U204263,115852,2,2505621,25 నుంచి పార్లమెంటు శీతాకాల సమావేశాలు,25 నుంచి పార్లమెంటు శీతాకాల సమావేశాలు,2.8262717723846436
U204263,115852,3,2517765,పార్లమెంటు ముందుకు,పార్లమెంటు ముందుకు,2.817984104156494
U204263,115852,4,2518106,పార్లమెంటు ముందుకు,పార్లమెంటు ముందుకు,2.817984104156494
U204263,115852,5,2503356,5న రాష్ట్రానికి రాహుల్,5న రాష్ట్రానికి రాహుల్,2.817625045776367
U204263,115852,6,2528765,రాజ్యసభ చైర్మన్పై అవిశ్వాసం,రాజ్యసభ చైర్మన్పై అవిశ్వాసం,2.8163249492645264
U204263,115852,7,2528697,రాజ్యసభ చైర్మన్పై అవిశ్వాసం,రాజ్యసభ చైర్మన్పై అవిశ్వాసం,2.8163249492645264
U204263,115852,8,2517319,వైసీపీకి జయమంగళ గుడ్బై,వైసీపీకి జయమంగళ గుడ్బై,2.81632399559021
U204263,115852,9,2517832,పార్లమెంటు ముందుకు 16 బిల్లులు!,పార్లమెంటు ముందుకు 16 బిల్లులు!,2.813758134841919
U204263,115852,10,2518049,పార్లమెంటు ముందుకు 16 బిల్లులు!,పార్లమెంటు ముందుకు 16 బిల్లులు!,2.813758134841919
U206787,118655,1,386042,‘మాస్టర్ చెఫ్’కి హోస్ట్ గా తమన్నా !,‘మాస్టర్ చెఫ్’కి హోస్ట్ గా తమన్నా !,3.0834414958953857
U206787,118655,2,2524584,మహిళ మృతి,మహిళ మృతి,2.8434412479400635
U206787,118655,3,2495439,సెట్స్లోకి స్వాగతం,సెట్స్లోకి స్వాగతం,2.8209335803985596
U206787,118655,4,2495686,సెట్స్లోకి స్వాగతం,సెట్స్లోకి స్వాగతం,2.8209335803985596
U206787,118655,5,2495615,సెట్స్లోకి స్వాగతం,సెట్స్లోకి స్వాగతం,2.8209335803985596
U206787,118655,6,2493876,నో అన్నా వాళ్లు వదల్లేదు!,నో అన్నా వాళ్లు వదల్లేదు!,2.8122718334198
U206787,118655,7,2493634,నో అన్నా వాళ్లు వదల్లేదు!,నో అన్నా వాళ్లు వదల్లేదు!,2.8122718334198
U206787,118655,8,2493696,నో అన్నా వాళ్లు వదల్లేదు!,నో అన్నా వాళ్లు వదల్లేదు!,2.8122718334198
U206787,118655,9,760478,‘మా’ లో నరేష్ చేసిన మోసాలు బయటపెట్టిన జీవిత రాజశేఖర్,‘మా’ లో నరేష్ చేసిన మోసాలు బయటపెట్టిన జీవిత రాజశేఖర్,2.78106951713562
U206787,118655,10,2524541,మహిళ మృతి,మహిళ మృతి,2.7779934406280518
U207704,119675,1,2504924,కెనడాలో హిందూ  ఆలయంపై దాడి,కెనడాలో హిందూ ఆలయంపై దాడి,0.9809032082557678
U207704,119675,2,2505088,కెనడాలో హిందూ  ఆలయంపై దాడి,కెనడాలో హిందూ ఆలయంపై దాడి,0.9809032082557678
U207704,119675,3,2494871,గ్రూప్–1 మెయిన్స్ పరీక్షకు పటిష్ఠ భద్రత,గ్రూప్–1 మెయిన్స్ పరీక్షకు పటిష్ఠ భద్రత,0.9807789921760559
U207704,119675,4,2495277,గ్రూప్–1 మెయిన్స్ పరీక్షకు పటిష్ఠ భద్రత,గ్రూప్–1 మెయిన్స్ పరీక్షకు పటిష్ఠ భద్రత,0.9807789921760559
U207704,119675,5,126863,చిక్కుల్లో ఏపీ హోం మంత్రి సుచరిత .. !,చిక్కుల్లో ఏపీ హోం మంత్రి సుచరిత .. !,0.9803434610366821
U207704,119675,6,2519719,‘ఇస్కాన్’పై బంగ్లాదేశ్లో నిషేధం?,‘ఇస్కాన్’పై బంగ్లాదేశ్లో నిషేధం?,0.9800469875335693
U207704,119675,7,2519811,‘ఇస్కాన్’పై బంగ్లాదేశ్లో నిషేధం?,‘ఇస్కాన్’పై బంగ్లాదేశ్లో నిషేధం?,0.9800469875335693
U207704,119675,8,2496121,రెచ్చగొట్టే కుట్ర,రెచ్చగొట్టే కుట్ర,0.9798588156700134
U207704,119675,9,2496004,రెచ్చగొట్టే కుట్ర,రెచ్చగొట్టే కుట్ర,0.9798588156700134
U207704,119675,10,2532416,సీఐడీ దర్యాప్తునకు సహకరించండి,సీఐడీ దర్యాప్తునకు సహకరించండి,0.9798145890235901
U207736,119710,1,2513089,హాట్ హిట్స్,హాట్ హిట్స్,3.276289701461792
U207736,119710,2,2513315,హాట్ హిట్స్,హాట్ హిట్స్,3.276289701461792
U207736,119710,3,2513068,హాట్ హిట్స్,హాట్ హిట్స్,3.276289701461792
U207736,119710,4,2508601,హాట్ హిట్స్ ,హాట్ హిట్స్,3.275587797164917
U207736,119710,5,2508608,హాట్ హిట్స్ ,హాట్ హిట్స్,3.275587797164917
U207736,119710,6,2508615,హాట్ హిట్స్ ,హాట్ హిట్స్,3.275587797164917
U207736,119710,7,2536886, అధికంగా టిక్కెట్లు అమ్ముడైన సినిమాలు,అధికంగా టిక్కెట్లు అమ్ముడైన సినిమాలు,3.2620086669921875
U207736,119710,8,2536984, అధికంగా టిక్కెట్లు అమ్ముడైన సినిమాలు,అధికంగా టిక్కెట్లు అమ్ముడైన సినిమాలు,3.2620086669921875
U207736,119710,9,2527189,హాట్ హిట్స్,హాట్ హిట్స్,3.260078191757202
U207736,119710,10,2527338,హాట్ హిట్స్,హాట్ హిట్స్,3.260078191757202
U21011,122349,1,2507430,ఇలా అలంకరిస్తే ,ఇలా అలంకరిస్తే,4.9690656661987305
U21011,122349,2,2507149,ఇలా అలంకరిస్తే ,ఇలా అలంకరిస్తే,4.9690656661987305
U21011,122349,3,2507347,ఇలా అలంకరిస్తే ,ఇలా అలంకరిస్తే,4.9690656661987305
U21011,122349,4,2492910,ఆర్గంజా అదరహో... ,ఆర్గంజా అదరహో...,4.955475807189941
U21011,122349,5,2541361,ఇంటిని అందంగా అలంకరిద్దాం!,ఇంటిని అందంగా అలంకరిద్దాం!,4.919699668884277
U21011,122349,6,2505382,ఇల్లు విలాసవంతంగా,ఇల్లు విలాసవంతంగా,4.891273021697998
U21011,122349,7,2505205,ఇల్లు విలాసవంతంగా,ఇల్లు విలాసవంతంగా,4.891273021697998
U21011,122349,8,2541389,అందంగా అలంకరిద్దాం!,అందంగా అలంకరిద్దాం!,4.8777384757995605
U21011,122349,9,2514605,పిల్లలు ఎవరితోనూ కలవడం లేదా?,పిల్లలు ఎవరితోనూ కలవడం లేదా?,4.6735429763793945
U21011,122349,10,2514929,పిల్లలు ఎవరితోనూ కలవడం లేదా?,పిల్లలు ఎవరితోనూ కలవడం లేదా?,4.6735429763793945
U213360,125960,1,386042,‘మాస్టర్ చెఫ్’కి హోస్ట్ గా తమన్నా !,‘మాస్టర్ చెఫ్’కి హోస్ట్ గా తమన్నా !,3.3133463859558105
U213360,125960,2,335747,వెబ్ సిరీస్ లోకి హీరో సూర్య ఎంట్రీ,వెబ్ సిరీస్ లోకి హీరో సూర్య ఎంట్రీ,3.1386165618896484
U213360,125960,3,2524584,మహిళ మృతి,మహిళ మృతి,3.1380808353424072
U213360,125960,4,2527035,బరువు పెరగాలంటే..! ,బరువు పెరగాలంటే..!,3.079291582107544
U213360,125960,5,2527643,పండ్లు పరిమితంగానే...                        ,పండ్లు పరిమితంగానే...,3.075390338897705
U213360,125960,6,2527869,పండ్లు పరిమితంగానే...                        ,పండ్లు పరిమితంగానే...,3.075390338897705
U213360,125960,7,2528217,పండ్లు పరిమితంగానే...                        ,పండ్లు పరిమితంగానే...,3.075390338897705
U213360,125960,8,2508045,బరువు తగ్గండిలా...,బరువు తగ్గండిలా...,3.0753047466278076
U213360,125960,9,2508244,బరువు తగ్గండిలా...,బరువు తగ్గండిలా...,3.0753047466278076
U213360,125960,10,2507941,బరువు తగ్గండిలా...,బరువు తగ్గండిలా...,3.0753047466278076
U213653,126285,1,2526063,చలి కాలంలో,చలి కాలంలో,2.814908981323242
U213653,126285,2,2525927,చలి కాలంలో,చలి కాలంలో,2.814908981323242
U213653,126285,3,2483635,కాఫీ సందేశ్!,కాఫీ సందేశ్!,2.80839204788208
U213653,126285,4,2483693,కాఫీ సందేశ్!,కాఫీ సందేశ్!,2.80839204788208
U213653,126285,5,2483620,కాఫీ సందేశ్!,కాఫీ సందేశ్!,2.80839204788208
U213653,126285,6,2503090,ఆప్రికాట్ డిలైట్,ఆప్రికాట్ డిలైట్,2.766235589981079
U213653,126285,7,2502779,ఆప్రికాట్ డిలైట్,ఆప్రికాట్ డిలైట్,2.766235589981079
U213653,126285,8,2502885,ఆప్రికాట్ డిలైట్,ఆప్రికాట్ డిలైట్,2.766235589981079
U213653,126285,9,2516579,శీతాకాలంవేడి వేడిగా..!,శీతాకాలంవేడి వేడిగా..!,2.7606923580169678
U213653,126285,10,2494615,రుచికి రుచి,రుచికి రుచి,2.7591612339019775
U216293,129218,1,937990,గోదాం దగ్ధం కేసులో ఇద్దరికి జైలుశిక్ష,గోదాం దగ్ధం కేసులో ఇద్దరికి జైలుశిక్ష,4.400679588317871
U216293,129218,2,2488130,రూ. 24 లక్షల బాణసంచా పట్టివేత,రూ. 24 లక్షల బాణసంచా పట్టివేత,4.395698547363281
U216293,129218,3,2521877,ఫేక్ బెయిల్తో జైలు నుంచి బయటకు,ఫేక్ బెయిల్తో జైలు నుంచి బయటకు,4.391841411590576
U216293,129218,4,2521757,దొంగ.. బెయిల్,దొంగ.. బెయిల్,4.390074253082275
U216293,129218,5,888063,అల్లుడిని చంపిన కేసులో మామ అరెస్టు,అల్లుడిని చంపిన కేసులో మామ అరెస్టు,4.381415367126465
U216293,129218,6,991306,మైనర్ బాలిక హత్యచారం కేసులో నిందితుడు అరెస్టు,మైనర్ బాలిక హత్యచారం కేసులో నిందితుడు అరెస్టు,4.381261825561523
U216293,129218,7,910014,మహిళను వేధించిన కేసులో యువకుడు అరెస్టు,మహిళను వేధించిన కేసులో యువకుడు అరెస్టు,4.377872943878174
U216293,129218,8,2529405,చింతల్లో దారుణం,చింతల్లో దారుణం,4.3754706382751465
U216293,129218,9,2485923,ముగ్గురు గంజాయి విక్రేతల అరెస్టు,ముగ్గురు గంజాయి విక్రేతల అరెస్టు,4.371292591094971
U216293,129218,10,648247,చోరీకి పాల్పడిన ముగ్గురి అరెస్టు,చోరీకి పాల్పడిన ముగ్గురి అరెస్టు,4.362621784210205
U219219,132469,1,2483501,పండగ సీజన్పై ‘ఆటో’ ఆశలు,పండగ సీజన్పై ‘ఆటో’ ఆశలు,3.7899010181427
U219219,132469,2,2483772,పండగ సీజన్పై ‘ఆటో’ ఆశలు,పండగ సీజన్పై ‘ఆటో’ ఆశలు,3.7899010181427
U219219,132469,3,2483429,పండగ సీజన్పై ‘ఆటో’ ఆశలు,పండగ సీజన్పై ‘ఆటో’ ఆశలు,3.7899010181427
U219219,132469,4,2522969,స్కోడా కైలాక్ బుకింగ్స్ షురూ,స్కోడా కైలాక్ బుకింగ్స్ షురూ,3.785369396209717
U219219,132469,5,2523399,స్కోడా కైలాక్ బుకింగ్స్ షురూ,స్కోడా కైలాక్ బుకింగ్స్ షురూ,3.785369396209717
U219219,132469,6,2523169,స్కోడా కైలాక్ బుకింగ్స్ షురూ,స్కోడా కైలాక్ బుకింగ్స్ షురూ,3.785369396209717
U219219,132469,7,2524309,హోండా అమేజ్ కొత్త వెర్షన్,హోండా అమేజ్ కొత్త వెర్షన్,3.775322914123535
U219219,132469,8,2524477,హోండా అమేజ్ కొత్త వెర్షన్,హోండా అమేజ్ కొత్త వెర్షన్,3.775322914123535
U219219,132469,9,2524737,హోండా అమేజ్ కొత్త వెర్షన్,హోండా అమేజ్ కొత్త వెర్షన్,3.775322914123535
U219219,132469,10,2487425,మార్కెట్లోకి బీఎండబ్ల్యూ ఎం4 సీఎస్,మార్కెట్లోకి బీఎండబ్ల్యూ ఎం4 సీఎస్,3.7617833614349365
U219969,133301,1,937990,గోదాం దగ్ధం కేసులో ఇద్దరికి జైలుశిక్ష,గోదాం దగ్ధం కేసులో ఇద్దరికి జైలుశిక్ష,3.6431281566619873
U219969,133301,2,2488130,రూ. 24 లక్షల బాణసంచా పట్టివేత,రూ. 24 లక్షల బాణసంచా పట్టివేత,3.64090633392334
U219969,133301,3,888063,అల్లుడిని చంపిన కేసులో మామ అరెస్టు,అల్లుడిని చంపిన కేసులో మామ అరెస్టు,3.626263380050659
U219969,133301,4,910014,మహిళను వేధించిన కేసులో యువకుడు అరెస్టు,మహిళను వేధించిన కేసులో యువకుడు అరెస్టు,3.624447822570801
U219969,133301,5,991306,మైనర్ బాలిక హత్యచారం కేసులో నిందితుడు అరెస్టు,మైనర్ బాలిక హత్యచారం కేసులో నిందితుడు అరెస్టు,3.6211156845092773
U219969,133301,6,2485923,ముగ్గురు గంజాయి విక్రేతల అరెస్టు,ముగ్గురు గంజాయి విక్రేతల అరెస్టు,3.620612859725952
U219969,133301,7,2521877,ఫేక్ బెయిల్తో జైలు నుంచి బయటకు,ఫేక్ బెయిల్తో జైలు నుంచి బయటకు,3.6194777488708496
U219969,133301,8,2521757,దొంగ.. బెయిల్,దొంగ.. బెయిల్,3.616532564163208
U219969,133301,9,648247,చోరీకి పాల్పడిన ముగ్గురి అరెస్టు,చోరీకి పాల్పడిన ముగ్గురి అరెస్టు,3.6115283966064453
U219969,133301,10,543186,మహమ్మదాబాద్లో వ్యక్తి హత్య,మహమ్మదాబాద్లో వ్యక్తి హత్య,3.610011339187622
U22197,135525,1,666456,ఇప్పట్లో ధోనీ రిటైర్ అవ్వడు : ఎమ్మెస్కే,ఇప్పట్లో ధోనీ రిటైర్ అవ్వడు : ఎమ్మెస్కే,3.043203592300415
U22197,135525,2,2530007,ఆకాశ్దీప్ ఆడేనా?,ఆకాశ్దీప్ ఆడేనా?,3.0431599617004395
U22197,135525,3,2529957,ఆకాశ్దీప్ ఆడేనా?,ఆకాశ్దీప్ ఆడేనా?,3.0431599617004395
U22197,135525,4,2529927,ఆకాశ్దీప్ ఆడేనా?,ఆకాశ్దీప్ ఆడేనా?,3.0431599617004395
U22197,135525,5,540597,వెస్టిండీస్ పర్యటనకు భారత జట్టు ప్రకటన,వెస్టిండీస్ పర్యటనకు భారత జట్టు ప్రకటన,3.0430800914764404
U22197,135525,6,2543414,రోహిత్కు ముందే చెప్పేశారా?,రోహిత్కు ముందే చెప్పేశారా?,3.042788505554199
U22197,135525,7,2542932,రోహిత్కు ముందే చెప్పేశారా?,రోహిత్కు ముందే చెప్పేశారా?,3.042788505554199
U22197,135525,8,2543335,రోహిత్కు ముందే చెప్పేశారా?,రోహిత్కు ముందే చెప్పేశారా?,3.042788505554199
U22197,135525,9,465999,టీమిండియాలో ప్రసిద్ధ్ కృష్ణ,టీమిండియాలో ప్రసిద్ధ్ కృష్ణ,3.042617082595825
U22197,135525,10,2509639, బుమ్రాకే పగ్గాలు!,బుమ్రాకే పగ్గాలు!,3.0424790382385254
U227325,141476,1,386042,‘మాస్టర్ చెఫ్’కి హోస్ట్ గా తమన్నా !,‘మాస్టర్ చెఫ్’కి హోస్ట్ గా తమన్నా !,5.22748327255249
U227325,141476,2,335747,వెబ్ సిరీస్ లోకి హీరో సూర్య ఎంట్రీ,వెబ్ సిరీస్ లోకి హీరో సూర్య ఎంట్రీ,4.9390788078308105
U227325,141476,3,2524584,మహిళ మృతి,మహిళ మృతి,4.91778564453125
U227325,141476,4,2524541,మహిళ మృతి,మహిళ మృతి,4.843850612640381
U227325,141476,5,2493876,నో అన్నా వాళ్లు వదల్లేదు!,నో అన్నా వాళ్లు వదల్లేదు!,4.795907497406006
U227325,141476,6,2493696,నో అన్నా వాళ్లు వదల్లేదు!,నో అన్నా వాళ్లు వదల్లేదు!,4.795907497406006
U227325,141476,7,2493634,నో అన్నా వాళ్లు వదల్లేదు!,నో అన్నా వాళ్లు వదల్లేదు!,4.795907497406006
U227325,141476,8,2495439,సెట్స్లోకి స్వాగతం,సెట్స్లోకి స్వాగతం,4.729165554046631
U227325,141476,9,2495686,సెట్స్లోకి స్వాగతం,సెట్స్లోకి స్వాగతం,4.729165554046631
U227325,141476,10,2495615,సెట్స్లోకి స్వాగతం,సెట్స్లోకి స్వాగతం,4.729165554046631
U230317,144801,1,2513068,హాట్ హిట్స్,హాట్ హిట్స్,2.96543288230896
U230317,144801,2,2513089,హాట్ హిట్స్,హాట్ హిట్స్,2.96543288230896
U230317,144801,3,2513315,హాట్ హిట్స్,హాట్ హిట్స్,2.96543288230896
U230317,144801,4,2508615,హాట్ హిట్స్ ,హాట్ హిట్స్,2.9647417068481445
U230317,144801,5,2508601,హాట్ హిట్స్ ,హాట్ హిట్స్,2.9647417068481445
U230317,144801,6,2508608,హాట్ హిట్స్ ,హాట్ హిట్స్,2.9647417068481445
U230317,144801,7,2515400,ఆమె కూడా భర్తకు విడాకులు ఇచ్చింది,ఆమె కూడా భర్తకు విడాకులు ఇచ్చింది,2.9554026126861572
U230317,144801,8,2515130,ఆమె కూడా భర్తకు విడాకులు ఇచ్చింది,ఆమె కూడా భర్తకు విడాకులు ఇచ్చింది,2.9554026126861572
U230317,144801,9,2515611,ఆమె కూడా భర్తకు విడాకులు ఇచ్చింది,ఆమె కూడా భర్తకు విడాకులు ఇచ్చింది,2.9554026126861572
U230317,144801,10,2527338,హాట్ హిట్స్,హాట్ హిట్స్,2.951096773147583
U23215,146837,1,2513315,హాట్ హిట్స్,హాట్ హిట్స్,4.9917216300964355
U23215,146837,2,2513068,హాట్ హిట్స్,హాట్ హిట్స్,4.9917216300964355
U23215,146837,3,2513089,హాట్ హిట్స్,హాట్ హిట్స్,4.9917216300964355
U23215,146837,4,2508615,హాట్ హిట్స్ ,హాట్ హిట్స్,4.988885402679443
U23215,146837,5,2508601,హాట్ హిట్స్ ,హాట్ హిట్స్,4.988885402679443
U23215,146837,6,2508608,హాట్ హిట్స్ ,హాట్ హిట్స్,4.988885402679443
U23215,146837,7,2527338,హాట్ హిట్స్,హాట్ హిట్స్,4.973912239074707
U23215,146837,8,2527427,హాట్ హిట్స్,హాట్ హిట్స్,4.973912239074707
U23215,146837,9,2527189,హాట్ హిట్స్,హాట్ హిట్స్,4.973912239074707
U23215,146837,10,2515400,ఆమె కూడా భర్తకు విడాకులు ఇచ్చింది,ఆమె కూడా భర్తకు విడాకులు ఇచ్చింది,4.9731011390686035
U232410,147127,1,2488130,రూ. 24 లక్షల బాణసంచా పట్టివేత,రూ. 24 లక్షల బాణసంచా పట్టివేత,4.033963203430176
U232410,147127,2,888063,అల్లుడిని చంపిన కేసులో మామ అరెస్టు,అల్లుడిని చంపిన కేసులో మామ అరెస్టు,4.031832218170166
U232410,147127,3,910014,మహిళను వేధించిన కేసులో యువకుడు అరెస్టు,మహిళను వేధించిన కేసులో యువకుడు అరెస్టు,4.031545162200928
U232410,147127,4,2485923,ముగ్గురు గంజాయి విక్రేతల అరెస్టు,ముగ్గురు గంజాయి విక్రేతల అరెస్టు,4.029339790344238
U232410,147127,5,937990,గోదాం దగ్ధం కేసులో ఇద్దరికి జైలుశిక్ష,గోదాం దగ్ధం కేసులో ఇద్దరికి జైలుశిక్ష,4.026227951049805
U232410,147127,6,543186,మహమ్మదాబాద్లో వ్యక్తి హత్య,మహమ్మదాబాద్లో వ్యక్తి హత్య,4.025287628173828
U232410,147127,7,648247,చోరీకి పాల్పడిన ముగ్గురి అరెస్టు,చోరీకి పాల్పడిన ముగ్గురి అరెస్టు,4.022834300994873
U232410,147127,8,991306,మైనర్ బాలిక హత్యచారం కేసులో నిందితుడు అరెస్టు,మైనర్ బాలిక హత్యచారం కేసులో నిందితుడు అరెస్టు,4.021944522857666
U232410,147127,9,2497786, పేరుమోసిన రౌడీషీటర్లు అరెస్ట్ ,పేరుమోసిన రౌడీషీటర్లు అరెస్ట్,4.019637584686279
U232410,147127,10,604220,చిట్టీల పేరుతో భారీ మోసం ఇద్దరి అరెస్టు,చిట్టీల పేరుతో భారీ మోసం ఇద్దరి అరెస్టు,4.019010066986084
U233705,148565,1,937990,గోదాం దగ్ధం కేసులో ఇద్దరికి జైలుశిక్ష,గోదాం దగ్ధం కేసులో ఇద్దరికి జైలుశిక్ష,5.856871604919434
U233705,148565,2,2488130,రూ. 24 లక్షల బాణసంచా పట్టివేత,రూ. 24 లక్షల బాణసంచా పట్టివేత,5.843985557556152
U233705,148565,3,2521877,ఫేక్ బెయిల్తో జైలు నుంచి బయటకు,ఫేక్ బెయిల్తో జైలు నుంచి బయటకు,5.825399875640869
U233705,148565,4,2521757,దొంగ.. బెయిల్,దొంగ.. బెయిల్,5.820038318634033
U233705,148565,5,888063,అల్లుడిని చంపిన కేసులో మామ అరెస్టు,అల్లుడిని చంపిన కేసులో మామ అరెస్టు,5.810175895690918
U233705,148565,6,991306,మైనర్ బాలిక హత్యచారం కేసులో నిందితుడు అరెస్టు,మైనర్ బాలిక హత్యచారం కేసులో నిందితుడు అరెస్టు,5.806488513946533
U233705,148565,7,910014,మహిళను వేధించిన కేసులో యువకుడు అరెస్టు,మహిళను వేధించిన కేసులో యువకుడు అరెస్టు,5.803427219390869
U233705,148565,8,2485923,ముగ్గురు గంజాయి విక్రేతల అరెస్టు,ముగ్గురు గంజాయి విక్రేతల అరెస్టు,5.791748046875
U233705,148565,9,2529405,చింతల్లో దారుణం,చింతల్లో దారుణం,5.777115345001221
U233705,148565,10,648247,చోరీకి పాల్పడిన ముగ్గురి అరెస్టు,చోరీకి పాల్పడిన ముగ్గురి అరెస్టు,5.775641918182373
U233771,148638,1,2505621,25 నుంచి పార్లమెంటు శీతాకాల సమావేశాలు,25 నుంచి పార్లమెంటు శీతాకాల సమావేశాలు,3.9320783615112305
U233771,148638,2,2528868,జమిలిపై ముందుకు!,జమిలిపై ముందుకు!,3.93021297454834
U233771,148638,3,2518106,పార్లమెంటు ముందుకు,పార్లమెంటు ముందుకు,3.8926920890808105
U233771,148638,4,2517765,పార్లమెంటు ముందుకు,పార్లమెంటు ముందుకు,3.8926920890808105
U233771,148638,5,2503356,5న రాష్ట్రానికి రాహుల్,5న రాష్ట్రానికి రాహుల్,3.884711503982544
U233771,148638,6,2518272,పార్లమెంటు ముందుకు,పార్లమెంటు ముందుకు,3.876499891281128
U233771,148638,7,2517319,వైసీపీకి జయమంగళ గుడ్బై,వైసీపీకి జయమంగళ గుడ్బై,3.8759984970092773
U233771,148638,8,2518049,పార్లమెంటు ముందుకు 16 బిల్లులు!,పార్లమెంటు ముందుకు 16 బిల్లులు!,3.8678677082061768
U233771,148638,9,2517732,పార్లమెంటు ముందుకు 16 బిల్లులు!,పార్లమెంటు ముందుకు 16 బిల్లులు!,3.8678677082061768
U233771,148638,10,2517832,పార్లమెంటు ముందుకు 16 బిల్లులు!,పార్లమెంటు ముందుకు 16 బిల్లులు!,3.8678677082061768
U235764,150852,1,666456,ఇప్పట్లో ధోనీ రిటైర్ అవ్వడు : ఎమ్మెస్కే,ఇప్పట్లో ధోనీ రిటైర్ అవ్వడు : ఎమ్మెస్కే,5.15641975402832
U235764,150852,2,2530007,ఆకాశ్దీప్ ఆడేనా?,ఆకాశ్దీప్ ఆడేనా?,5.156167030334473
U235764,150852,3,2529927,ఆకాశ్దీప్ ఆడేనా?,ఆకాశ్దీప్ ఆడేనా?,5.156167030334473
U235764,150852,4,2529957,ఆకాశ్దీప్ ఆడేనా?,ఆకాశ్దీప్ ఆడేనా?,5.156167030334473
U235764,150852,5,540597,వెస్టిండీస్ పర్యటనకు భారత జట్టు ప్రకటన,వెస్టిండీస్ పర్యటనకు భారత జట్టు ప్రకటన,5.1561598777771
U235764,150852,6,2544989,‘రిజర్వ్’ పేస్లో ,‘రిజర్వ్’ పేస్లో,5.155608654022217
U235764,150852,7,2545264,‘రిజర్వ్’ పేస్లో ,‘రిజర్వ్’ పేస్లో,5.155608654022217
U235764,150852,8,2544674,‘రిజర్వ్’ పేస్లో ,‘రిజర్వ్’ పేస్లో,5.155608654022217
U235764,150852,9,2542932,రోహిత్కు ముందే చెప్పేశారా?,రోహిత్కు ముందే చెప్పేశారా?,5.155523777008057
U235764,150852,10,2543335,రోహిత్కు ముందే చెప్పేశారా?,రోహిత్కు ముందే చెప్పేశారా?,5.155523777008057
U2392,154669,1,2541219,ఏడాదిలో రూ.77.6 లక్షల కోట్లు ,ఏడాదిలో రూ.77.6 లక్షల కోట్లు,2.4671332836151123
U2392,154669,2,2541167,ఏడాదిలో రూ.77.6 లక్షల కోట్లు ,ఏడాదిలో రూ.77.6 లక్షల కోట్లు,2.4671332836151123
U2392,154669,3,2541551,ఏడాదిలో రూ.77.6 లక్షల కోట్లు ,ఏడాదిలో రూ.77.6 లక్షల కోట్లు,2.4671332836151123
U2392,154669,4,2494006,"ఇన్ఫీ లాభం రూ.6,506 కోట్లు","ఇన్ఫీ లాభం రూ.6,506 కోట్లు",2.4670844078063965
U2392,154669,5,2493695,"ఇన్ఫీ లాభం రూ.6,506 కోట్లు","ఇన్ఫీ లాభం రూ.6,506 కోట్లు",2.4670844078063965
U2392,154669,6,2493810,"ఇన్ఫీ లాభం రూ.6,506 కోట్లు","ఇన్ఫీ లాభం రూ.6,506 కోట్లు",2.4670844078063965
U2392,154669,7,2499551,"ఐసీఐసీఐ బ్యాంక్  లాభం రూ.11,746 కోట్లు ","ఐసీఐసీఐ బ్యాంక్ లాభం రూ.11,746 కోట్లు",2.4668989181518555
U2392,154669,8,2502831,మురిపించిన ‘మూరత్’,మురిపించిన ‘మూరత్’,2.4666247367858887
U2392,154669,9,2503289,మురిపించిన ‘మూరత్’,మురిపించిన ‘మూరత్’,2.4666247367858887
U2392,154669,10,2502725,మురిపించిన ‘మూరత్’,మురిపించిన ‘మూరత్’,2.4666247367858887
U239631,155149,1,2505621,25 నుంచి పార్లమెంటు శీతాకాల సమావేశాలు,25 నుంచి పార్లమెంటు శీతాకాల సమావేశాలు,4.4230427742004395
U239631,155149,2,2528868,జమిలిపై ముందుకు!,జమిలిపై ముందుకు!,4.4135823249816895
U239631,155149,3,2517319,వైసీపీకి జయమంగళ గుడ్బై,వైసీపీకి జయమంగళ గుడ్బై,4.37485408782959
U239631,155149,4,2484087,శివరాజ్ సింగ్కు బీజేపీ పగ్గాలు?,శివరాజ్ సింగ్కు బీజేపీ పగ్గాలు?,4.371599197387695
U239631,155149,5,2484135,శివరాజ్ సింగ్కు బీజేపీ పగ్గాలు?,శివరాజ్ సింగ్కు బీజేపీ పగ్గాలు?,4.371599197387695
U239631,155149,6,2518106,పార్లమెంటు ముందుకు,పార్లమెంటు ముందుకు,4.370695114135742
U239631,155149,7,2517765,పార్లమెంటు ముందుకు,పార్లమెంటు ముందుకు,4.370695114135742
U239631,155149,8,2528697,రాజ్యసభ చైర్మన్పై అవిశ్వాసం,రాజ్యసభ చైర్మన్పై అవిశ్వాసం,4.369547367095947
U239631,155149,9,2528765,రాజ్యసభ చైర్మన్పై అవిశ్వాసం,రాజ్యసభ చైర్మన్పై అవిశ్వాసం,4.369547367095947
U239631,155149,10,2503356,5న రాష్ట్రానికి రాహుల్,5న రాష్ట్రానికి రాహుల్,4.369090557098389
U239731,155260,1,728477,నేటి వాతావరణ సమాచారం,నేటి వాతావరణ సమాచారం,3.3157546520233154
U239731,155260,2,2543662,గజగజ,గజగజ,3.3142614364624023
U239731,155260,3,2543538,గజగజ,గజగజ,3.3142614364624023
U239731,155260,4,2502865,ఈ నెల చలి తక్కువే!,ఈ నెల చలి తక్కువే!,3.314141273498535
U239731,155260,5,2503064,ఈ నెల చలి తక్కువే!,ఈ నెల చలి తక్కువే!,3.314141273498535
U239731,155260,6,2543983,ఏజెనీ్స గజగజ ,ఏజెనీ్స గజగజ,3.313380718231201
U239731,155260,7,2529776,"ఏజెన్సీలు గజగజపడిపోయిన ఉష్ణోగ్రతలు,  కమ్మేస్తున్న పొగమంచు","ఏజెన్సీలు గజగజపడిపోయిన ఉష్ణోగ్రతలు, కమ్మేస్తున్న పొగమంచు",3.3132643699645996
U239731,155260,8,2529663,"ఏజెన్సీలు గజగజపడిపోయిన ఉష్ణోగ్రతలు,  కమ్మేస్తున్న పొగమంచు","ఏజెన్సీలు గజగజపడిపోయిన ఉష్ణోగ్రతలు, కమ్మేస్తున్న పొగమంచు",3.3132643699645996
U239731,155260,9,2524073,ఈసారి చలి తక్కువే: వాతావరణ శాఖ,ఈసారి చలి తక్కువే: వాతావరణ శాఖ,3.3132073879241943
U239731,155260,10,2507247,వేడీ ఎక్కువే.. చలీ ఎక్కువే! ,వేడీ ఎక్కువే.. చలీ ఎక్కువే!,3.313142776489258
U240524,156142,1,2541551,ఏడాదిలో రూ.77.6 లక్షల కోట్లు ,ఏడాదిలో రూ.77.6 లక్షల కోట్లు,3.067755937576294
U240524,156142,2,2541219,ఏడాదిలో రూ.77.6 లక్షల కోట్లు ,ఏడాదిలో రూ.77.6 లక్షల కోట్లు,3.067755937576294
U240524,156142,3,2541167,ఏడాదిలో రూ.77.6 లక్షల కోట్లు ,ఏడాదిలో రూ.77.6 లక్షల కోట్లు,3.067755937576294
U240524,156142,4,2493810,"ఇన్ఫీ లాభం రూ.6,506 కోట్లు","ఇన్ఫీ లాభం రూ.6,506 కోట్లు",3.0677270889282227
U240524,156142,5,2493695,"ఇన్ఫీ లాభం రూ.6,506 కోట్లు","ఇన్ఫీ లాభం రూ.6,506 కోట్లు",3.0677270889282227
U240524,156142,6,2494006,"ఇన్ఫీ లాభం రూ.6,506 కోట్లు","ఇన్ఫీ లాభం రూ.6,506 కోట్లు",3.0677270889282227
U240524,156142,7,2499551,"ఐసీఐసీఐ బ్యాంక్  లాభం రూ.11,746 కోట్లు ","ఐసీఐసీఐ బ్యాంక్ లాభం రూ.11,746 కోట్లు",3.0671839714050293
U240524,156142,8,2502831,మురిపించిన ‘మూరత్’,మురిపించిన ‘మూరత్’,3.0671229362487793
U240524,156142,9,2502725,మురిపించిన ‘మూరత్’,మురిపించిన ‘మూరత్’,3.0671229362487793
U240524,156142,10,2503289,మురిపించిన ‘మూరత్’,మురిపించిన ‘మూరత్’,3.0671229362487793
U241657,157400,1,723423,Blur : ముగిసిన ' బ్లర్ ' చిత్రీకరణ,Blur : ముగిసిన ' బ్లర్ ' చిత్రీకరణ,5.317524433135986
U241657,157400,2,2540403,రొమాంటిక్ ఎంటర్టైనర్,రొమాంటిక్ ఎంటర్టైనర్,5.315627574920654
U241657,157400,3,2540424,రొమాంటిక్ ఎంటర్టైనర్,రొమాంటిక్ ఎంటర్టైనర్,5.315627574920654
U241657,157400,4,2540458,రొమాంటిక్ ఎంటర్టైనర్,రొమాంటిక్ ఎంటర్టైనర్,5.315627574920654
U241657,157400,5,666637,రానా ' హిరణ్య కశ్యప’ మూవీ నుంచి లేటెస్ట్ అప్డేట్ !,రానా ' హిరణ్య కశ్యప’ మూవీ నుంచి లేటెస్ట్ అప్డేట్ !,5.312946319580078
U241657,157400,6,800065,‘మహానటి’ రిలీజ్ డేట్ ఫిక్స్,‘మహానటి’ రిలీజ్ డేట్ ఫిక్స్,5.310523986816406
U241657,157400,7,2501622,క్రిస్మస్ కోసం సిద్ధం,క్రిస్మస్ కోసం సిద్ధం,5.310267448425293
U241657,157400,8,2501726,క్రిస్మస్ కోసం సిద్ధం,క్రిస్మస్ కోసం సిద్ధం,5.310267448425293
U241657,157400,9,2501479,క్రిస్మస్ కోసం సిద్ధం,క్రిస్మస్ కోసం సిద్ధం,5.310267448425293
U241657,157400,10,220395,"నారా రోహిత్ , సుధీర్ బాబు , శ్రీవిష్ణు మల్టీ స్టారర్ ... ‘వీర భోగ వసంత రాయలు’","నారా రోహిత్ , సుధీర్ బాబు , శ్రీవిష్ణు మల్టీ స్టారర్ ... ‘వీర భోగ వసంత రాయలు’",5.310155868530273
U241743,157496,1,2525927,చలి కాలంలో,చలి కాలంలో,3.590989112854004
U241743,157496,2,2526063,చలి కాలంలో,చలి కాలంలో,3.590989112854004
U241743,157496,3,2483635,కాఫీ సందేశ్!,కాఫీ సందేశ్!,3.565368413925171
U241743,157496,4,2483620,కాఫీ సందేశ్!,కాఫీ సందేశ్!,3.565368413925171
U241743,157496,5,2483693,కాఫీ సందేశ్!,కాఫీ సందేశ్!,3.565368413925171
U241743,157496,6,2503090,ఆప్రికాట్ డిలైట్,ఆప్రికాట్ డిలైట్,3.540874481201172
U241743,157496,7,2502779,ఆప్రికాట్ డిలైట్,ఆప్రికాట్ డిలైట్,3.540874481201172
U241743,157496,8,2502885,ఆప్రికాట్ డిలైట్,ఆప్రికాట్ డిలైట్,3.540874481201172
U241743,157496,9,2516579,శీతాకాలంవేడి వేడిగా..!,శీతాకాలంవేడి వేడిగా..!,3.507960319519043
U241743,157496,10,2521059,చపాతీలతో తింటే భలే రుచి,చపాతీలతో తింటే భలే రుచి,3.4878923892974854
U241799,157557,1,666456,ఇప్పట్లో ధోనీ రిటైర్ అవ్వడు : ఎమ్మెస్కే,ఇప్పట్లో ధోనీ రిటైర్ అవ్వడు : ఎమ్మెస్కే,4.5324273109436035
U241799,157557,2,2529927,ఆకాశ్దీప్ ఆడేనా?,ఆకాశ్దీప్ ఆడేనా?,4.532292366027832
U241799,157557,3,2530007,ఆకాశ్దీప్ ఆడేనా?,ఆకాశ్దీప్ ఆడేనా?,4.532292366027832
U241799,157557,4,2529957,ఆకాశ్దీప్ ఆడేనా?,ఆకాశ్దీప్ ఆడేనా?,4.532292366027832
U241799,157557,5,540597,వెస్టిండీస్ పర్యటనకు భారత జట్టు ప్రకటన,వెస్టిండీస్ పర్యటనకు భారత జట్టు ప్రకటన,4.532261371612549
U241799,157557,6,2543414,రోహిత్కు ముందే చెప్పేశారా?,రోహిత్కు ముందే చెప్పేశారా?,4.5316691398620605
U241799,157557,7,2542932,రోహిత్కు ముందే చెప్పేశారా?,రోహిత్కు ముందే చెప్పేశారా?,4.5316691398620605
U241799,157557,8,2543335,రోహిత్కు ముందే చెప్పేశారా?,రోహిత్కు ముందే చెప్పేశారా?,4.5316691398620605
U241799,157557,9,2544989,‘రిజర్వ్’ పేస్లో ,‘రిజర్వ్’ పేస్లో,4.5315375328063965
U241799,157557,10,2544674,‘రిజర్వ్’ పేస్లో ,‘రిజర్వ్’ పేస్లో,4.5315375328063965
U242419,158247,1,666456,ఇప్పట్లో ధోనీ రిటైర్ అవ్వడు : ఎమ్మెస్కే,ఇప్పట్లో ధోనీ రిటైర్ అవ్వడు : ఎమ్మెస్కే,2.972569465637207
U242419,158247,2,540597,వెస్టిండీస్ పర్యటనకు భారత జట్టు ప్రకటన,వెస్టిండీస్ పర్యటనకు భారత జట్టు ప్రకటన,2.9725077152252197
U242419,158247,3,2529957,ఆకాశ్దీప్ ఆడేనా?,ఆకాశ్దీప్ ఆడేనా?,2.9724597930908203
U242419,158247,4,2529927,ఆకాశ్దీప్ ఆడేనా?,ఆకాశ్దీప్ ఆడేనా?,2.9724597930908203
U242419,158247,5,2530007,ఆకాశ్దీప్ ఆడేనా?,ఆకాశ్దీప్ ఆడేనా?,2.9724597930908203
U242419,158247,6,2544674,‘రిజర్వ్’ పేస్లో ,‘రిజర్వ్’ పేస్లో,2.9721295833587646
U242419,158247,7,2544989,‘రిజర్వ్’ పేస్లో ,‘రిజర్వ్’ పేస్లో,2.9721295833587646
U242419,158247,8,2545264,‘రిజర్వ్’ పేస్లో ,‘రిజర్వ్’ పేస్లో,2.9721295833587646
U242419,158247,9,2509453, బుమ్రాకే పగ్గాలు!,బుమ్రాకే పగ్గాలు!,2.97212553024292
U242419,158247,10,2509639, బుమ్రాకే పగ్గాలు!,బుమ్రాకే పగ్గాలు!,2.97212553024292
U242938,158823,1,2483501,పండగ సీజన్పై ‘ఆటో’ ఆశలు,పండగ సీజన్పై ‘ఆటో’ ఆశలు,4.063146114349365
U242938,158823,2,2483429,పండగ సీజన్పై ‘ఆటో’ ఆశలు,పండగ సీజన్పై ‘ఆటో’ ఆశలు,4.063146114349365
U242938,158823,3,2483772,పండగ సీజన్పై ‘ఆటో’ ఆశలు,పండగ సీజన్పై ‘ఆటో’ ఆశలు,4.063146114349365
U242938,158823,4,2523399,స్కోడా కైలాక్ బుకింగ్స్ షురూ,స్కోడా కైలాక్ బుకింగ్స్ షురూ,4.056994438171387
U242938,158823,5,2523169,స్కోడా కైలాక్ బుకింగ్స్ షురూ,స్కోడా కైలాక్ బుకింగ్స్ షురూ,4.056994438171387
U242938,158823,6,2522969,స్కోడా కైలాక్ బుకింగ్స్ షురూ,స్కోడా కైలాక్ బుకింగ్స్ షురూ,4.056994438171387
U242938,158823,7,2524309,హోండా అమేజ్ కొత్త వెర్షన్,హోండా అమేజ్ కొత్త వెర్షన్,4.04383659362793
U242938,158823,8,2524477,హోండా అమేజ్ కొత్త వెర్షన్,హోండా అమేజ్ కొత్త వెర్షన్,4.04383659362793
U242938,158823,9,2524737,హోండా అమేజ్ కొత్త వెర్షన్,హోండా అమేజ్ కొత్త వెర్షన్,4.04383659362793
U242938,158823,10,2510782,మారుతి సుజుకి ’న్యూ ఆల్ డిజైర్’ కారు విడుదల,మారుతి సుజుకి ’న్యూ ఆల్ డిజైర్’ కారు విడుదల,4.021199703216553
U24508,161203,1,2515330,ఈ చిట్టి.. జగజ్జెట్టి,ఈ చిట్టి.. జగజ్జెట్టి,2.2868614196777344
U24508,161203,2,2515095,ఈ చిట్టి.. జగజ్జెట్టి,ఈ చిట్టి.. జగజ్జెట్టి,2.2868614196777344
U24508,161203,3,295510,స్వాతంత్ర్య వేడుకల్లో అల్లు అర్జున్ కొడుకు అయాన్ ( ఫోటోస్ ),స్వాతంత్ర్య వేడుకల్లో అల్లు అర్జున్ కొడుకు అయాన్ ( ఫోటోస్ ),2.198324680328369
U24508,161203,4,876219,ప్రాణాలు కోసం… ఎలుగుబంటి నాలుకను ఊడొచ్చేలా కొరికాడు,ప్రాణాలు కోసం… ఎలుగుబంటి నాలుకను ఊడొచ్చేలా కొరికాడు,2.1332218647003174
U24508,161203,5,2511737,‘డాకు మహారాజ్’గా బాలకృష్ణ,‘డాకు మహారాజ్’గా బాలకృష్ణ,2.118025779724121
U24508,161203,6,489212,నాన్ స్టాప్గా మాట్లాడుతుంది : మనవరాలు ఆరాధ్యపై అమితాబ్,నాన్ స్టాప్గా మాట్లాడుతుంది : మనవరాలు ఆరాధ్యపై అమితాబ్,2.1122305393218994
U24508,161203,7,702097,పబ్లిక్ లో సోనమ్ కపూర్ ప్యాంట్ జారిపోయింది,పబ్లిక్ లో సోనమ్ కపూర్ ప్యాంట్ జారిపోయింది,2.110917568206787
U24508,161203,8,756115,స్విమ్మింగ్ఫూల్ బాలీవుడ్ బ్యూటీ మలైకా అరోరా,స్విమ్మింగ్ఫూల్ బాలీవుడ్ బ్యూటీ మలైకా అరోరా,2.110572099685669
U24508,161203,9,385068,డ్యాన్స్ అదరగొట్టిన పూజ హెగ్డే,డ్యాన్స్ అదరగొట్టిన పూజ హెగ్డే,2.1092755794525146
U24508,161203,10,901185,భావోద్వేగానికి గురైన అల్లు అర్జున్,భావోద్వేగానికి గురైన అల్లు అర్జున్,2.0878047943115234
U245150,161282,1,2507347,ఇలా అలంకరిస్తే ,ఇలా అలంకరిస్తే,3.2594637870788574
U245150,161282,2,2507430,ఇలా అలంకరిస్తే ,ఇలా అలంకరిస్తే,3.2594637870788574
U245150,161282,3,2507149,ఇలా అలంకరిస్తే ,ఇలా అలంకరిస్తే,3.2594637870788574
U245150,161282,4,2492910,ఆర్గంజా అదరహో... ,ఆర్గంజా అదరహో...,3.2479701042175293
U245150,161282,5,2541361,ఇంటిని అందంగా అలంకరిద్దాం!,ఇంటిని అందంగా అలంకరిద్దాం!,3.193244695663452
U245150,161282,6,2505205,ఇల్లు విలాసవంతంగా,ఇల్లు విలాసవంతంగా,3.172220468521118
U245150,161282,7,2505382,ఇల్లు విలాసవంతంగా,ఇల్లు విలాసవంతంగా,3.172220468521118
U245150,161282,8,2541389,అందంగా అలంకరిద్దాం!,అందంగా అలంకరిద్దాం!,3.156832695007324
U245150,161282,9,2542748,మనం స్వేచ్ఛగానే ఉన్నామా?,మనం స్వేచ్ఛగానే ఉన్నామా?,3.0962131023406982
U245150,161282,10,2514605,పిల్లలు ఎవరితోనూ కలవడం లేదా?,పిల్లలు ఎవరితోనూ కలవడం లేదా?,3.085665464401245
U245991,162215,1,937990,గోదాం దగ్ధం కేసులో ఇద్దరికి జైలుశిక్ష,గోదాం దగ్ధం కేసులో ఇద్దరికి జైలుశిక్ష,2.3003060817718506
U245991,162215,2,2488130,రూ. 24 లక్షల బాణసంచా పట్టివేత,రూ. 24 లక్షల బాణసంచా పట్టివేత,2.2966785430908203
U245991,162215,3,2507347,ఇలా అలంకరిస్తే ,ఇలా అలంకరిస్తే,2.2898664474487305
U245991,162215,4,2507149,ఇలా అలంకరిస్తే ,ఇలా అలంకరిస్తే,2.2898664474487305
U245991,162215,5,2507430,ఇలా అలంకరిస్తే ,ఇలా అలంకరిస్తే,2.2898664474487305
U245991,162215,6,888063,అల్లుడిని చంపిన కేసులో మామ అరెస్టు,అల్లుడిని చంపిన కేసులో మామ అరెస్టు,2.2846803665161133
U245991,162215,7,910014,మహిళను వేధించిన కేసులో యువకుడు అరెస్టు,మహిళను వేధించిన కేసులో యువకుడు అరెస్టు,2.282853126525879
U245991,162215,8,2521877,ఫేక్ బెయిల్తో జైలు నుంచి బయటకు,ఫేక్ బెయిల్తో జైలు నుంచి బయటకు,2.281379222869873
U245991,162215,9,991306,మైనర్ బాలిక హత్యచారం కేసులో నిందితుడు అరెస్టు,మైనర్ బాలిక హత్యచారం కేసులో నిందితుడు అరెస్టు,2.2809865474700928
U245991,162215,10,2521757,దొంగ.. బెయిల్,దొంగ.. బెయిల్,2.2787492275238037
U246932,163261,1,666456,ఇప్పట్లో ధోనీ రిటైర్ అవ్వడు : ఎమ్మెస్కే,ఇప్పట్లో ధోనీ రిటైర్ అవ్వడు : ఎమ్మెస్కే,3.190185308456421
U246932,163261,2,2529927,ఆకాశ్దీప్ ఆడేనా?,ఆకాశ్దీప్ ఆడేనా?,3.1901700496673584
U246932,163261,3,2529957,ఆకాశ్దీప్ ఆడేనా?,ఆకాశ్దీప్ ఆడేనా?,3.1901700496673584
U246932,163261,4,2530007,ఆకాశ్దీప్ ఆడేనా?,ఆకాశ్దీప్ ఆడేనా?,3.1901700496673584
U246932,163261,5,540597,వెస్టిండీస్ పర్యటనకు భారత జట్టు ప్రకటన,వెస్టిండీస్ పర్యటనకు భారత జట్టు ప్రకటన,3.1901168823242188
U246932,163261,6,2543414,రోహిత్కు ముందే చెప్పేశారా?,రోహిత్కు ముందే చెప్పేశారా?,3.18980073928833
U246932,163261,7,2542932,రోహిత్కు ముందే చెప్పేశారా?,రోహిత్కు ముందే చెప్పేశారా?,3.18980073928833
U246932,163261,8,2543335,రోహిత్కు ముందే చెప్పేశారా?,రోహిత్కు ముందే చెప్పేశారా?,3.18980073928833
U246932,163261,9,465999,టీమిండియాలో ప్రసిద్ధ్ కృష్ణ,టీమిండియాలో ప్రసిద్ధ్ కృష్ణ,3.1896657943725586
U246932,163261,10,2509585, బుమ్రాకే పగ్గాలు!,బుమ్రాకే పగ్గాలు!,3.1895525455474854
U248649,165168,1,2532416,సీఐడీ దర్యాప్తునకు సహకరించండి,సీఐడీ దర్యాప్తునకు సహకరించండి,2.3737456798553467
U248649,165168,2,2493444,ఎంపీ మిథున్రెడ్డి పుంగనూరు వెళ్లకుండా  నియంత్రణ ఉత్తర్వులు ఇచ్చారా?,ఎంపీ మిథున్రెడ్డి పుంగనూరు వెళ్లకుండా నియంత్రణ ఉత్తర్వులు ఇచ్చారా?,2.3722052574157715
U248649,165168,3,2504924,కెనడాలో హిందూ  ఆలయంపై దాడి,కెనడాలో హిందూ ఆలయంపై దాడి,2.3710832595825195
U248649,165168,4,2505088,కెనడాలో హిందూ  ఆలయంపై దాడి,కెనడాలో హిందూ ఆలయంపై దాడి,2.3710832595825195
U248649,165168,5,2489736,మావోయిస్టు కార్యదర్శి నంబాల ఎక్కడ? ,మావోయిస్టు కార్యదర్శి నంబాల ఎక్కడ?,2.3710129261016846
U248649,165168,6,2489567,మావోయిస్టు కార్యదర్శి నంబాల ఎక్కడ? ,మావోయిస్టు కార్యదర్శి నంబాల ఎక్కడ?,2.3710129261016846
U248649,165168,7,2493388,రాజకీయ  కారణాలతోనే ‘పిల్’,రాజకీయ కారణాలతోనే ‘పిల్’,2.3707783222198486
U248649,165168,8,2501785,వైసీపీ ఎంపీ మిథున్రెడ్డికి ముందస్తు బెయిల్ ,వైసీపీ ఎంపీ మిథున్రెడ్డికి ముందస్తు బెయిల్,2.370159149169922
U248649,165168,9,2495277,గ్రూప్–1 మెయిన్స్ పరీక్షకు పటిష్ఠ భద్రత,గ్రూప్–1 మెయిన్స్ పరీక్షకు పటిష్ఠ భద్రత,2.368898868560791
U248649,165168,10,2494871,గ్రూప్–1 మెయిన్స్ పరీక్షకు పటిష్ఠ భద్రత,గ్రూప్–1 మెయిన్స్ పరీక్షకు పటిష్ఠ భద్రత,2.368898868560791
U25197,168858,1,2513068,హాట్ హిట్స్,హాట్ హిట్స్,4.247011184692383
U25197,168858,2,2513315,హాట్ హిట్స్,హాట్ హిట్స్,4.247011184692383
U25197,168858,3,2513089,హాట్ హిట్స్,హాట్ హిట్స్,4.247011184692383
U25197,168858,4,2508615,హాట్ హిట్స్ ,హాట్ హిట్స్,4.245108127593994
U25197,168858,5,2508608,హాట్ హిట్స్ ,హాట్ హిట్స్,4.245108127593994
U25197,168858,6,2508601,హాట్ హిట్స్ ,హాట్ హిట్స్,4.245108127593994
U25197,168858,7,2515611,ఆమె కూడా భర్తకు విడాకులు ఇచ్చింది,ఆమె కూడా భర్తకు విడాకులు ఇచ్చింది,4.243612289428711
U25197,168858,8,2515130,ఆమె కూడా భర్తకు విడాకులు ఇచ్చింది,ఆమె కూడా భర్తకు విడాకులు ఇచ్చింది,4.243612289428711
U25197,168858,9,2515400,ఆమె కూడా భర్తకు విడాకులు ఇచ్చింది,ఆమె కూడా భర్తకు విడాకులు ఇచ్చింది,4.243612289428711
U25197,168858,10,2527189,హాట్ హిట్స్,హాట్ హిట్స్,4.2270827293396
U253404,170453,1,723423,Blur : ముగిసిన ' బ్లర్ ' చిత్రీకరణ,Blur : ముగిసిన ' బ్లర్ ' చిత్రీకరణ,2.9015462398529053
U253404,170453,2,220395,"నారా రోహిత్ , సుధీర్ బాబు , శ్రీవిష్ణు మల్టీ స్టారర్ ... ‘వీర భోగ వసంత రాయలు’","నారా రోహిత్ , సుధీర్ బాబు , శ్రీవిష్ణు మల్టీ స్టారర్ ... ‘వీర భోగ వసంత రాయలు’",2.8968682289123535
U253404,170453,3,800065,‘మహానటి’ రిలీజ్ డేట్ ఫిక్స్,‘మహానటి’ రిలీజ్ డేట్ ఫిక్స్,2.8968398571014404
U253404,170453,4,2540458,రొమాంటిక్ ఎంటర్టైనర్,రొమాంటిక్ ఎంటర్టైనర్,2.896413803100586
U253404,170453,5,2540424,రొమాంటిక్ ఎంటర్టైనర్,రొమాంటిక్ ఎంటర్టైనర్,2.896413803100586
U253404,170453,6,2540403,రొమాంటిక్ ఎంటర్టైనర్,రొమాంటిక్ ఎంటర్టైనర్,2.896413803100586
U253404,170453,7,421537,ఈ నెల 17 న రానున్న ' అర్జున్ సురవరం ',ఈ నెల 17 న రానున్న ' అర్జున్ సురవరం ',2.89608097076416
U253404,170453,8,2501622,క్రిస్మస్ కోసం సిద్ధం,క్రిస్మస్ కోసం సిద్ధం,2.895101547241211
U253404,170453,9,2501479,క్రిస్మస్ కోసం సిద్ధం,క్రిస్మస్ కోసం సిద్ధం,2.895101547241211
U253404,170453,10,2501726,క్రిస్మస్ కోసం సిద్ధం,క్రిస్మస్ కోసం సిద్ధం,2.895101547241211
U256081,173427,1,2515330,ఈ చిట్టి.. జగజ్జెట్టి,ఈ చిట్టి.. జగజ్జెట్టి,2.577244997024536
U256081,173427,2,2515095,ఈ చిట్టి.. జగజ్జెట్టి,ఈ చిట్టి.. జగజ్జెట్టి,2.577244997024536
U256081,173427,3,295510,స్వాతంత్ర్య వేడుకల్లో అల్లు అర్జున్ కొడుకు అయాన్ ( ఫోటోస్ ),స్వాతంత్ర్య వేడుకల్లో అల్లు అర్జున్ కొడుకు అయాన్ ( ఫోటోస్ ),2.5205018520355225
U256081,173427,4,876219,ప్రాణాలు కోసం… ఎలుగుబంటి నాలుకను ఊడొచ్చేలా కొరికాడు,ప్రాణాలు కోసం… ఎలుగుబంటి నాలుకను ఊడొచ్చేలా కొరికాడు,2.4758942127227783
U256081,173427,5,756115,స్విమ్మింగ్ఫూల్ బాలీవుడ్ బ్యూటీ మలైకా అరోరా,స్విమ్మింగ్ఫూల్ బాలీవుడ్ బ్యూటీ మలైకా అరోరా,2.468038320541382
U256081,173427,6,2517854,ఖరీదైన కానుకలు ఇచ్చా,ఖరీదైన కానుకలు ఇచ్చా,2.4662632942199707
U256081,173427,7,2518176,ఖరీదైన కానుకలు ఇచ్చా,ఖరీదైన కానుకలు ఇచ్చా,2.4662632942199707
U256081,173427,8,2517871,ఖరీదైన కానుకలు ఇచ్చా,ఖరీదైన కానుకలు ఇచ్చా,2.4662632942199707
U256081,173427,9,489212,నాన్ స్టాప్గా మాట్లాడుతుంది : మనవరాలు ఆరాధ్యపై అమితాబ్,నాన్ స్టాప్గా మాట్లాడుతుంది : మనవరాలు ఆరాధ్యపై అమితాబ్,2.4508609771728516
U256081,173427,10,317450,' పబ్ జీ ' గేమ్ ఎఫెక్ట్ : ఊపిరి ఆడక తొమ్మిదేళ్ల బాలుడు మృతి,' పబ్ జీ ' గేమ్ ఎఫెక్ట్ : ఊపిరి ఆడక తొమ్మిదేళ్ల బాలుడు మృతి,2.439837694168091
U259391,177104,1,2515095,ఈ చిట్టి.. జగజ్జెట్టి,ఈ చిట్టి.. జగజ్జెట్టి,7.164346218109131
U259391,177104,2,2515330,ఈ చిట్టి.. జగజ్జెట్టి,ఈ చిట్టి.. జగజ్జెట్టి,7.164346218109131
U259391,177104,3,295510,స్వాతంత్ర్య వేడుకల్లో అల్లు అర్జున్ కొడుకు అయాన్ ( ఫోటోస్ ),స్వాతంత్ర్య వేడుకల్లో అల్లు అర్జున్ కొడుకు అయాన్ ( ఫోటోస్ ),6.9583024978637695
U259391,177104,4,876219,ప్రాణాలు కోసం… ఎలుగుబంటి నాలుకను ఊడొచ్చేలా కొరికాడు,ప్రాణాలు కోసం… ఎలుగుబంటి నాలుకను ఊడొచ్చేలా కొరికాడు,6.886194229125977
U259391,177104,5,756115,స్విమ్మింగ్ఫూల్ బాలీవుడ్ బ్యూటీ మలైకా అరోరా,స్విమ్మింగ్ఫూల్ బాలీవుడ్ బ్యూటీ మలైకా అరోరా,6.8309102058410645
U259391,177104,6,2517871,ఖరీదైన కానుకలు ఇచ్చా,ఖరీదైన కానుకలు ఇచ్చా,6.791515350341797
U259391,177104,7,2517854,ఖరీదైన కానుకలు ఇచ్చా,ఖరీదైన కానుకలు ఇచ్చా,6.791515350341797
U259391,177104,8,2518176,ఖరీదైన కానుకలు ఇచ్చా,ఖరీదైన కానుకలు ఇచ్చా,6.791515350341797
U259391,177104,9,317450,' పబ్ జీ ' గేమ్ ఎఫెక్ట్ : ఊపిరి ఆడక తొమ్మిదేళ్ల బాలుడు మృతి,' పబ్ జీ ' గేమ్ ఎఫెక్ట్ : ఊపిరి ఆడక తొమ్మిదేళ్ల బాలుడు మృతి,6.776798248291016
U259391,177104,10,489212,నాన్ స్టాప్గా మాట్లాడుతుంది : మనవరాలు ఆరాధ్యపై అమితాబ్,నాన్ స్టాప్గా మాట్లాడుతుంది : మనవరాలు ఆరాధ్యపై అమితాబ్,6.769338607788086
U259859,177623,1,2532416,సీఐడీ దర్యాప్తునకు సహకరించండి,సీఐడీ దర్యాప్తునకు సహకరించండి,2.709899425506592
U259859,177623,2,2489567,మావోయిస్టు కార్యదర్శి నంబాల ఎక్కడ? ,మావోయిస్టు కార్యదర్శి నంబాల ఎక్కడ?,2.7087512016296387
U259859,177623,3,2489736,మావోయిస్టు కార్యదర్శి నంబాల ఎక్కడ? ,మావోయిస్టు కార్యదర్శి నంబాల ఎక్కడ?,2.7087512016296387
U259859,177623,4,2493444,ఎంపీ మిథున్రెడ్డి పుంగనూరు వెళ్లకుండా  నియంత్రణ ఉత్తర్వులు ఇచ్చారా?,ఎంపీ మిథున్రెడ్డి పుంగనూరు వెళ్లకుండా నియంత్రణ ఉత్తర్వులు ఇచ్చారా?,2.7083122730255127
U259859,177623,5,2494871,గ్రూప్–1 మెయిన్స్ పరీక్షకు పటిష్ఠ భద్రత,గ్రూప్–1 మెయిన్స్ పరీక్షకు పటిష్ఠ భద్రత,2.7076075077056885
U259859,177623,6,2495277,గ్రూప్–1 మెయిన్స్ పరీక్షకు పటిష్ఠ భద్రత,గ్రూప్–1 మెయిన్స్ పరీక్షకు పటిష్ఠ భద్రత,2.7076075077056885
U259859,177623,7,2505088,కెనడాలో హిందూ  ఆలయంపై దాడి,కెనడాలో హిందూ ఆలయంపై దాడి,2.705901622772217
U259859,177623,8,2504924,కెనడాలో హిందూ  ఆలయంపై దాడి,కెనడాలో హిందూ ఆలయంపై దాడి,2.705901622772217
U259859,177623,9,2492654,"లడ్డూ కల్తీపై సిట్కు త్రిపాఠీ, జెట్టి","లడ్డూ కల్తీపై సిట్కు త్రిపాఠీ, జెట్టి",2.705265522003174
U259859,177623,10,2519719,‘ఇస్కాన్’పై బంగ్లాదేశ్లో నిషేధం?,‘ఇస్కాన్’పై బంగ్లాదేశ్లో నిషేధం?,2.7052342891693115
U262939,181046,1,2507430,ఇలా అలంకరిస్తే ,ఇలా అలంకరిస్తే,3.899214506149292
U262939,181046,2,2507149,ఇలా అలంకరిస్తే ,ఇలా అలంకరిస్తే,3.899214506149292
U262939,181046,3,2507347,ఇలా అలంకరిస్తే ,ఇలా అలంకరిస్తే,3.899214506149292
U262939,181046,4,2492910,ఆర్గంజా అదరహో... ,ఆర్గంజా అదరహో...,3.873961925506592
U262939,181046,5,2541361,ఇంటిని అందంగా అలంకరిద్దాం!,ఇంటిని అందంగా అలంకరిద్దాం!,3.822512626647949
U262939,181046,6,2542748,మనం స్వేచ్ఛగానే ఉన్నామా?,మనం స్వేచ్ఛగానే ఉన్నామా?,3.7866177558898926
U262939,181046,7,2541389,అందంగా అలంకరిద్దాం!,అందంగా అలంకరిద్దాం!,3.7785019874572754
U262939,181046,8,2505382,ఇల్లు విలాసవంతంగా,ఇల్లు విలాసవంతంగా,3.774925708770752
U262939,181046,9,2505205,ఇల్లు విలాసవంతంగా,ఇల్లు విలాసవంతంగా,3.774925708770752
U262939,181046,10,2514929,పిల్లలు ఎవరితోనూ కలవడం లేదా?,పిల్లలు ఎవరితోనూ కలవడం లేదా?,3.762326955795288
U263160,181293,1,728477,నేటి వాతావరణ సమాచారం,నేటి వాతావరణ సమాచారం,5.592175006866455
U263160,181293,2,2543538,గజగజ,గజగజ,5.5892333984375
U263160,181293,3,2543662,గజగజ,గజగజ,5.5892333984375
U263160,181293,4,2503064,ఈ నెల చలి తక్కువే!,ఈ నెల చలి తక్కువే!,5.588688850402832
U263160,181293,5,2502865,ఈ నెల చలి తక్కువే!,ఈ నెల చలి తక్కువే!,5.588688850402832
U263160,181293,6,2529663,"ఏజెన్సీలు గజగజపడిపోయిన ఉష్ణోగ్రతలు,  కమ్మేస్తున్న పొగమంచు","ఏజెన్సీలు గజగజపడిపోయిన ఉష్ణోగ్రతలు, కమ్మేస్తున్న పొగమంచు",5.58829402923584
U263160,181293,7,2529776,"ఏజెన్సీలు గజగజపడిపోయిన ఉష్ణోగ్రతలు,  కమ్మేస్తున్న పొగమంచు","ఏజెన్సీలు గజగజపడిపోయిన ఉష్ణోగ్రతలు, కమ్మేస్తున్న పొగమంచు",5.58829402923584
U263160,181293,8,2507247,వేడీ ఎక్కువే.. చలీ ఎక్కువే! ,వేడీ ఎక్కువే.. చలీ ఎక్కువే!,5.587467193603516
U263160,181293,9,2507298,వేడీ ఎక్కువే.. చలీ ఎక్కువే! ,వేడీ ఎక్కువే.. చలీ ఎక్కువే!,5.587467193603516
U263160,181293,10,2543983,ఏజెనీ్స గజగజ ,ఏజెనీ్స గజగజ,5.587250709533691
U264403,182674,1,2499551,"ఐసీఐసీఐ బ్యాంక్  లాభం రూ.11,746 కోట్లు ","ఐసీఐసీఐ బ్యాంక్ లాభం రూ.11,746 కోట్లు",2.303870677947998
U264403,182674,2,2493810,"ఇన్ఫీ లాభం రూ.6,506 కోట్లు","ఇన్ఫీ లాభం రూ.6,506 కోట్లు",2.303490400314331
U264403,182674,3,2494006,"ఇన్ఫీ లాభం రూ.6,506 కోట్లు","ఇన్ఫీ లాభం రూ.6,506 కోట్లు",2.303490400314331
U264403,182674,4,2493695,"ఇన్ఫీ లాభం రూ.6,506 కోట్లు","ఇన్ఫీ లాభం రూ.6,506 కోట్లు",2.303490400314331
U264403,182674,5,2511446,రెండేళ్ల గరిష్ఠానికి ఎగుమతులు,రెండేళ్ల గరిష్ఠానికి ఎగుమతులు,2.303334951400757
U264403,182674,6,2499968,"ఐసీఐసీఐ బ్యాంక్  లాభం రూ.11,746 కోట్లు ","ఐసీఐసీఐ బ్యాంక్ లాభం రూ.11,746 కోట్లు",2.302806854248047
U264403,182674,7,2500041,"ఐసీఐసీఐ బ్యాంక్  లాభం రూ.11,746 కోట్లు ","ఐసీఐసీఐ బ్యాంక్ లాభం రూ.11,746 కోట్లు",2.302806854248047
U264403,182674,8,2494001,కేవీబీ లాభంలో 25 శాతం వృద్ధి ,కేవీబీ లాభంలో 25 శాతం వృద్ధి,2.3025689125061035
U264403,182674,9,2515478,రియల్టీలోకి  ఈక్విటీ పెట్టుబడుల వెల్లువ,రియల్టీలోకి ఈక్విటీ పెట్టుబడుల వెల్లువ,2.3023691177368164
U264403,182674,10,2515124,రియల్టీలోకి  ఈక్విటీ పెట్టుబడుల వెల్లువ,రియల్టీలోకి ఈక్విటీ పెట్టుబడుల వెల్లువ,2.3023691177368164
U264854,183174,1,2494006,"ఇన్ఫీ లాభం రూ.6,506 కోట్లు","ఇన్ఫీ లాభం రూ.6,506 కోట్లు",2.1013433933258057
U264854,183174,2,2493695,"ఇన్ఫీ లాభం రూ.6,506 కోట్లు","ఇన్ఫీ లాభం రూ.6,506 కోట్లు",2.1013433933258057
U264854,183174,3,2493810,"ఇన్ఫీ లాభం రూ.6,506 కోట్లు","ఇన్ఫీ లాభం రూ.6,506 కోట్లు",2.1013433933258057
U264854,183174,4,2499551,"ఐసీఐసీఐ బ్యాంక్  లాభం రూ.11,746 కోట్లు ","ఐసీఐసీఐ బ్యాంక్ లాభం రూ.11,746 కోట్లు",2.1009538173675537
U264854,183174,5,2541551,ఏడాదిలో రూ.77.6 లక్షల కోట్లు ,ఏడాదిలో రూ.77.6 లక్షల కోట్లు,2.100822687149048
U264854,183174,6,2541219,ఏడాదిలో రూ.77.6 లక్షల కోట్లు ,ఏడాదిలో రూ.77.6 లక్షల కోట్లు,2.100822687149048
U264854,183174,7,2541167,ఏడాదిలో రూ.77.6 లక్షల కోట్లు ,ఏడాదిలో రూ.77.6 లక్షల కోట్లు,2.100822687149048
U264854,183174,8,2515124,రియల్టీలోకి  ఈక్విటీ పెట్టుబడుల వెల్లువ,రియల్టీలోకి ఈక్విటీ పెట్టుబడుల వెల్లువ,2.1003007888793945
U264854,183174,9,2515478,రియల్టీలోకి  ఈక్విటీ పెట్టుబడుల వెల్లువ,రియల్టీలోకి ఈక్విటీ పెట్టుబడుల వెల్లువ,2.1003007888793945
U264854,183174,10,2515427,రియల్టీలోకి  ఈక్విటీ పెట్టుబడుల వెల్లువ,రియల్టీలోకి ఈక్విటీ పెట్టుబడుల వెల్లువ,2.1003007888793945
U265711,184127,1,723423,Blur : ముగిసిన ' బ్లర్ ' చిత్రీకరణ,Blur : ముగిసిన ' బ్లర్ ' చిత్రీకరణ,3.7449960708618164
U265711,184127,2,666637,రానా ' హిరణ్య కశ్యప’ మూవీ నుంచి లేటెస్ట్ అప్డేట్ !,రానా ' హిరణ్య కశ్యప’ మూవీ నుంచి లేటెస్ట్ అప్డేట్ !,3.7375991344451904
U265711,184127,3,800065,‘మహానటి’ రిలీజ్ డేట్ ఫిక్స్,‘మహానటి’ రిలీజ్ డేట్ ఫిక్స్,3.736520767211914
U265711,184127,4,2540424,రొమాంటిక్ ఎంటర్టైనర్,రొమాంటిక్ ఎంటర్టైనర్,3.7358133792877197
U265711,184127,5,2540403,రొమాంటిక్ ఎంటర్టైనర్,రొమాంటిక్ ఎంటర్టైనర్,3.7358133792877197
U265711,184127,6,2540458,రొమాంటిక్ ఎంటర్టైనర్,రొమాంటిక్ ఎంటర్టైనర్,3.7358133792877197
U265711,184127,7,468101,' తిమ్మరుసు ' విడుదలకు రెడీ,' తిమ్మరుసు ' విడుదలకు రెడీ,3.7336599826812744
U265711,184127,8,421537,ఈ నెల 17 న రానున్న ' అర్జున్ సురవరం ',ఈ నెల 17 న రానున్న ' అర్జున్ సురవరం ',3.732929229736328
U265711,184127,9,220395,"నారా రోహిత్ , సుధీర్ బాబు , శ్రీవిష్ణు మల్టీ స్టారర్ ... ‘వీర భోగ వసంత రాయలు’","నారా రోహిత్ , సుధీర్ బాబు , శ్రీవిష్ణు మల్టీ స్టారర్ ... ‘వీర భోగ వసంత రాయలు’",3.7316782474517822
U265711,184127,10,749944,అల్లు శిరీష్ ఏబీసీడీ సినిమా ట్రైలర్ ఏప్రిల్ 15న,అల్లు శిరీష్ ఏబీసీడీ సినిమా ట్రైలర్ ఏప్రిల్ 15న,3.7294085025787354
U265812,184239,1,2535594,మళ్లీ వస్తోన్న స్క్విడ్ గేమ్,మళ్లీ వస్తోన్న స్క్విడ్ గేమ్,2.532783031463623
U265812,184239,2,2533806,రచయిత ‘కాటూరు’ అస్తమయం ,రచయిత ‘కాటూరు’ అస్తమయం,2.347870349884033
U265812,184239,3,2536886, అధికంగా టిక్కెట్లు అమ్ముడైన సినిమాలు,అధికంగా టిక్కెట్లు అమ్ముడైన సినిమాలు,2.334380865097046
U265812,184239,4,2536984, అధికంగా టిక్కెట్లు అమ్ముడైన సినిమాలు,అధికంగా టిక్కెట్లు అమ్ముడైన సినిమాలు,2.334380865097046
U265812,184239,5,908576,ఫాస్ట్ అండ్ ఫ్యూరియస్ : హాబ్స్ అండ్ షా ( తెలుగు ట్రైలర్ ),ఫాస్ట్ అండ్ ఫ్యూరియస్ : హాబ్స్ అండ్ షా ( తెలుగు ట్రైలర్ ),2.327094793319702
U265812,184239,6,540995,తెలుగులో రిలీజ్ కానున్న ' దియా ',తెలుగులో రిలీజ్ కానున్న ' దియా ',2.3268027305603027
U265812,184239,7,2492536,రాకీ వచ్చేది ఎప్పుడంటే..,రాకీ వచ్చేది ఎప్పుడంటే..,2.323435068130493
U265812,184239,8,2492704,రాకీ వచ్చేది ఎప్పుడంటే..,రాకీ వచ్చేది ఎప్పుడంటే..,2.323435068130493
U265812,184239,9,2492284,రాకీ వచ్చేది ఎప్పుడంటే..,రాకీ వచ్చేది ఎప్పుడంటే..,2.323435068130493
U265812,184239,10,2501726,క్రిస్మస్ కోసం సిద్ధం,క్రిస్మస్ కోసం సిద్ధం,2.321481466293335
U266379,184868,1,937990,గోదాం దగ్ధం కేసులో ఇద్దరికి జైలుశిక్ష,గోదాం దగ్ధం కేసులో ఇద్దరికి జైలుశిక్ష,0.7996329665184021
U266379,184868,2,2488130,రూ. 24 లక్షల బాణసంచా పట్టివేత,రూ. 24 లక్షల బాణసంచా పట్టివేత,0.7945531606674194
U266379,184868,3,2521877,ఫేక్ బెయిల్తో జైలు నుంచి బయటకు,ఫేక్ బెయిల్తో జైలు నుంచి బయటకు,0.7906221151351929
U266379,184868,4,2521757,దొంగ.. బెయిల్,దొంగ.. బెయిల్,0.7884679436683655
U266379,184868,5,2515095,ఈ చిట్టి.. జగజ్జెట్టి,ఈ చిట్టి.. జగజ్జెట్టి,0.7837752103805542
U266379,184868,6,2515330,ఈ చిట్టి.. జగజ్జెట్టి,ఈ చిట్టి.. జగజ్జెట్టి,0.7837752103805542
U266379,184868,7,888063,అల్లుడిని చంపిన కేసులో మామ అరెస్టు,అల్లుడిని చంపిన కేసులో మామ అరెస్టు,0.7836350798606873
U266379,184868,8,991306,మైనర్ బాలిక హత్యచారం కేసులో నిందితుడు అరెస్టు,మైనర్ బాలిక హత్యచారం కేసులో నిందితుడు అరెస్టు,0.7836304903030396
U266379,184868,9,910014,మహిళను వేధించిన కేసులో యువకుడు అరెస్టు,మహిళను వేధించిన కేసులో యువకుడు అరెస్టు,0.7816086411476135
U266379,184868,10,2485923,ముగ్గురు గంజాయి విక్రేతల అరెస్టు,ముగ్గురు గంజాయి విక్రేతల అరెస్టు,0.7765944600105286
U266415,184909,1,2507149,ఇలా అలంకరిస్తే ,ఇలా అలంకరిస్తే,3.758585214614868
U266415,184909,2,2507430,ఇలా అలంకరిస్తే ,ఇలా అలంకరిస్తే,3.758585214614868
U266415,184909,3,2507347,ఇలా అలంకరిస్తే ,ఇలా అలంకరిస్తే,3.758585214614868
U266415,184909,4,2492910,ఆర్గంజా అదరహో... ,ఆర్గంజా అదరహో...,3.7367734909057617
U266415,184909,5,2541361,ఇంటిని అందంగా అలంకరిద్దాం!,ఇంటిని అందంగా అలంకరిద్దాం!,3.671776056289673
U266415,184909,6,2505205,ఇల్లు విలాసవంతంగా,ఇల్లు విలాసవంతంగా,3.624870777130127
U266415,184909,7,2505382,ఇల్లు విలాసవంతంగా,ఇల్లు విలాసవంతంగా,3.624870777130127
U266415,184909,8,2541389,అందంగా అలంకరిద్దాం!,అందంగా అలంకరిద్దాం!,3.6214964389801025
U266415,184909,9,2542748,మనం స్వేచ్ఛగానే ఉన్నామా?,మనం స్వేచ్ఛగానే ఉన్నామా?,3.57478404045105
U266415,184909,10,2514457,పిల్లలు ఎవరితోనూ కలవడం లేదా?,పిల్లలు ఎవరితోనూ కలవడం లేదా?,3.5581064224243164
U270797,189777,1,666456,ఇప్పట్లో ధోనీ రిటైర్ అవ్వడు : ఎమ్మెస్కే,ఇప్పట్లో ధోనీ రిటైర్ అవ్వడు : ఎమ్మెస్కే,5.0363569259643555
U270797,189777,2,540597,వెస్టిండీస్ పర్యటనకు భారత జట్టు ప్రకటన,వెస్టిండీస్ పర్యటనకు భారత జట్టు ప్రకటన,5.036220550537109
U270797,189777,3,2530007,ఆకాశ్దీప్ ఆడేనా?,ఆకాశ్దీప్ ఆడేనా?,5.036193370819092
U270797,189777,4,2529927,ఆకాశ్దీప్ ఆడేనా?,ఆకాశ్దీప్ ఆడేనా?,5.036193370819092
U270797,189777,5,2529957,ఆకాశ్దీప్ ఆడేనా?,ఆకాశ్దీప్ ఆడేనా?,5.036193370819092
U270797,189777,6,2543335,రోహిత్కు ముందే చెప్పేశారా?,రోహిత్కు ముందే చెప్పేశారా?,5.0356316566467285
U270797,189777,7,2543414,రోహిత్కు ముందే చెప్పేశారా?,రోహిత్కు ముందే చెప్పేశారా?,5.0356316566467285
U270797,189777,8,2542932,రోహిత్కు ముందే చెప్పేశారా?,రోహిత్కు ముందే చెప్పేశారా?,5.0356316566467285
U270797,189777,9,2509453, బుమ్రాకే పగ్గాలు!,బుమ్రాకే పగ్గాలు!,5.035505294799805
U270797,189777,10,2509585, బుమ్రాకే పగ్గాలు!,బుమ్రాకే పగ్గాలు!,5.035505294799805
U272231,191372,1,2510149,బాబు.. పవర్ఫుల్ సీఎం!,బాబు.. పవర్ఫుల్ సీఎం!,4.9703192710876465
U272231,191372,2,2519508,కాంగ్రెస్ వేర్లు కాదు.. ఆకును కూడా పీకలేవు ,కాంగ్రెస్ వేర్లు కాదు.. ఆకును కూడా పీకలేవు,4.785211086273193
U272231,191372,3,2519217,కాంగ్రెస్ వేర్లు కాదు.. ఆకును కూడా పీకలేవు ,కాంగ్రెస్ వేర్లు కాదు.. ఆకును కూడా పీకలేవు,4.785211086273193
U272231,191372,4,2517423,చంద్రబాబు చేతికి జగన్ జుత్తు!,చంద్రబాబు చేతికి జగన్ జుత్తు!,4.73963737487793
U272231,191372,5,2496892,కేటీఆర్.. నువ్వో బేవకూఫ్ ,కేటీఆర్.. నువ్వో బేవకూఫ్,4.724462985992432
U272231,191372,6,2496845,కేటీఆర్.. నువ్వో బేవకూఫ్ ,కేటీఆర్.. నువ్వో బేవకూఫ్,4.724462985992432
U272231,191372,7,2502915,‘బడ్జెట్’లోనే హామీలివ్వండి,‘బడ్జెట్’లోనే హామీలివ్వండి,4.694869041442871
U272231,191372,8,2502791,‘బడ్జెట్’లోనే హామీలివ్వండి,‘బడ్జెట్’లోనే హామీలివ్వండి,4.694869041442871
U272231,191372,9,2494706,అవునా జగన్!,అవునా జగన్!,4.688302993774414
U272231,191372,10,2503230,‘బడ్జెట్’ చూసి హామీలివ్వండి,‘బడ్జెట్’ చూసి హామీలివ్వండి,4.666905879974365
U275782,195316,1,2527035,బరువు పెరగాలంటే..! ,బరువు పెరగాలంటే..!,4.398614883422852
U275782,195316,2,2528217,పండ్లు పరిమితంగానే...                        ,పండ్లు పరిమితంగానే...,4.39407205581665
U275782,195316,3,2527869,పండ్లు పరిమితంగానే...                        ,పండ్లు పరిమితంగానే...,4.39407205581665
U275782,195316,4,2527643,పండ్లు పరిమితంగానే...                        ,పండ్లు పరిమితంగానే...,4.39407205581665
U275782,195316,5,2508045,బరువు తగ్గండిలా...,బరువు తగ్గండిలా...,4.393568515777588
U275782,195316,6,2508244,బరువు తగ్గండిలా...,బరువు తగ్గండిలా...,4.393568515777588
U275782,195316,7,2507941,బరువు తగ్గండిలా...,బరువు తగ్గండిలా...,4.393568515777588
U275782,195316,8,2504853,ఇన్ఫ్లమేషన్ ,ఇన్ఫ్లమేషన్,4.392911911010742
U275782,195316,9,2514928,ఇలా చేస్తే మెదడుకు హాని,ఇలా చేస్తే మెదడుకు హాని,4.392486572265625
U275782,195316,10,2514456,ఇలా చేస్తే మెదడుకు హాని,ఇలా చేస్తే మెదడుకు హాని,4.392486572265625
U278494,198329,1,2527035,బరువు పెరగాలంటే..! ,బరువు పెరగాలంటే..!,1.9917188882827759
U278494,198329,2,2507941,బరువు తగ్గండిలా...,బరువు తగ్గండిలా...,1.989070177078247
U278494,198329,3,2508244,బరువు తగ్గండిలా...,బరువు తగ్గండిలా...,1.989070177078247
U278494,198329,4,2508045,బరువు తగ్గండిలా...,బరువు తగ్గండిలా...,1.989070177078247
U278494,198329,5,2527869,పండ్లు పరిమితంగానే...                        ,పండ్లు పరిమితంగానే...,1.9883273839950562
U278494,198329,6,2527643,పండ్లు పరిమితంగానే...                        ,పండ్లు పరిమితంగానే...,1.9883273839950562
U278494,198329,7,2528217,పండ్లు పరిమితంగానే...                        ,పండ్లు పరిమితంగానే...,1.9883273839950562
U278494,198329,8,2504853,ఇన్ఫ్లమేషన్ ,ఇన్ఫ్లమేషన్,1.9881489276885986
U278494,198329,9,2514456,ఇలా చేస్తే మెదడుకు హాని,ఇలా చేస్తే మెదడుకు హాని,1.9880322217941284
U278494,198329,10,2514928,ఇలా చేస్తే మెదడుకు హాని,ఇలా చేస్తే మెదడుకు హాని,1.9880322217941284
U278756,198620,1,2519719,‘ఇస్కాన్’పై బంగ్లాదేశ్లో నిషేధం?,‘ఇస్కాన్’పై బంగ్లాదేశ్లో నిషేధం?,1.6054432392120361
U278756,198620,2,2519811,‘ఇస్కాన్’పై బంగ్లాదేశ్లో నిషేధం?,‘ఇస్కాన్’పై బంగ్లాదేశ్లో నిషేధం?,1.6054432392120361
U278756,198620,3,2520014,‘ఇస్కాన్’పై బంగ్లాదేశ్లో నిషేధం!,‘ఇస్కాన్’పై బంగ్లాదేశ్లో నిషేధం!,1.6043856143951416
U278756,198620,4,2494871,గ్రూప్–1 మెయిన్స్ పరీక్షకు పటిష్ఠ భద్రత,గ్రూప్–1 మెయిన్స్ పరీక్షకు పటిష్ఠ భద్రత,1.6032633781433105
U278756,198620,5,2495277,గ్రూప్–1 మెయిన్స్ పరీక్షకు పటిష్ఠ భద్రత,గ్రూప్–1 మెయిన్స్ పరీక్షకు పటిష్ఠ భద్రత,1.6032633781433105
U278756,198620,6,2505088,కెనడాలో హిందూ  ఆలయంపై దాడి,కెనడాలో హిందూ ఆలయంపై దాడి,1.6007441282272339
U278756,198620,7,2504924,కెనడాలో హిందూ  ఆలయంపై దాడి,కెనడాలో హిందూ ఆలయంపై దాడి,1.6007441282272339
U278756,198620,8,2495790,అతిసారం మరణాలపై సమగ్ర విచారణ,అతిసారం మరణాలపై సమగ్ర విచారణ,1.6006946563720703
U278756,198620,9,2491497,బెంగాల్ సర్కారుకు సీనియర్ వైద్యుల హెచ్చరిక,బెంగాల్ సర్కారుకు సీనియర్ వైద్యుల హెచ్చరిక,1.598529577255249
U278756,198620,10,2532422,ఫర్నిచర్ వ్యాజ్యంలో కౌంటర్ వేయండి,ఫర్నిచర్ వ్యాజ్యంలో కౌంటర్ వేయండి,1.598101019859314
U280655,200731,1,2513068,హాట్ హిట్స్,హాట్ హిట్స్,4.234407424926758
U280655,200731,2,2513089,హాట్ హిట్స్,హాట్ హిట్స్,4.234407424926758
U280655,200731,3,2513315,హాట్ హిట్స్,హాట్ హిట్స్,4.234407424926758
U280655,200731,4,2508615,హాట్ హిట్స్ ,హాట్ హిట్స్,4.2319231033325195
U280655,200731,5,2508608,హాట్ హిట్స్ ,హాట్ హిట్స్,4.2319231033325195
U280655,200731,6,2508601,హాట్ హిట్స్ ,హాట్ హిట్స్,4.2319231033325195
U280655,200731,7,2515130,ఆమె కూడా భర్తకు విడాకులు ఇచ్చింది,ఆమె కూడా భర్తకు విడాకులు ఇచ్చింది,4.226362228393555
U280655,200731,8,2515400,ఆమె కూడా భర్తకు విడాకులు ఇచ్చింది,ఆమె కూడా భర్తకు విడాకులు ఇచ్చింది,4.226362228393555
U280655,200731,9,2515611,ఆమె కూడా భర్తకు విడాకులు ఇచ్చింది,ఆమె కూడా భర్తకు విడాకులు ఇచ్చింది,4.226362228393555
U280655,200731,10,2527427,హాట్ హిట్స్,హాట్ హిట్స్,4.214359283447266
U281349,201502,1,2533806,రచయిత ‘కాటూరు’ అస్తమయం ,రచయిత ‘కాటూరు’ అస్తమయం,3.0008137226104736
U281349,201502,2,684193,తెలుగు నవలకు జాతీయ అవార్డు,తెలుగు నవలకు జాతీయ అవార్డు,2.2504172325134277
U281349,201502,3,2507347,ఇలా అలంకరిస్తే ,ఇలా అలంకరిస్తే,2.1513547897338867
U281349,201502,4,2507149,ఇలా అలంకరిస్తే ,ఇలా అలంకరిస్తే,2.1513547897338867
U281349,201502,5,2507430,ఇలా అలంకరిస్తే ,ఇలా అలంకరిస్తే,2.1513547897338867
U281349,201502,6,2492910,ఆర్గంజా అదరహో... ,ఆర్గంజా అదరహో...,2.134636878967285
U281349,201502,7,2541361,ఇంటిని అందంగా అలంకరిద్దాం!,ఇంటిని అందంగా అలంకరిద్దాం!,2.107416868209839
U281349,201502,8,2514457,పిల్లలు ఎవరితోనూ కలవడం లేదా?,పిల్లలు ఎవరితోనూ కలవడం లేదా?,2.0910282135009766
U281349,201502,9,2514605,పిల్లలు ఎవరితోనూ కలవడం లేదా?,పిల్లలు ఎవరితోనూ కలవడం లేదా?,2.0910282135009766
U281349,201502,10,2514929,పిల్లలు ఎవరితోనూ కలవడం లేదా?,పిల్లలు ఎవరితోనూ కలవడం లేదా?,2.0910282135009766
U281977,202199,1,2494006,"ఇన్ఫీ లాభం రూ.6,506 కోట్లు","ఇన్ఫీ లాభం రూ.6,506 కోట్లు",2.3188533782958984
U281977,202199,2,2493810,"ఇన్ఫీ లాభం రూ.6,506 కోట్లు","ఇన్ఫీ లాభం రూ.6,506 కోట్లు",2.3188533782958984
U281977,202199,3,2493695,"ఇన్ఫీ లాభం రూ.6,506 కోట్లు","ఇన్ఫీ లాభం రూ.6,506 కోట్లు",2.3188533782958984
U281977,202199,4,2499551,"ఐసీఐసీఐ బ్యాంక్  లాభం రూ.11,746 కోట్లు ","ఐసీఐసీఐ బ్యాంక్ లాభం రూ.11,746 కోట్లు",2.3186986446380615
U281977,202199,5,2541219,ఏడాదిలో రూ.77.6 లక్షల కోట్లు ,ఏడాదిలో రూ.77.6 లక్షల కోట్లు,2.3184549808502197
U281977,202199,6,2541167,ఏడాదిలో రూ.77.6 లక్షల కోట్లు ,ఏడాదిలో రూ.77.6 లక్షల కోట్లు,2.3184549808502197
U281977,202199,7,2541551,ఏడాదిలో రూ.77.6 లక్షల కోట్లు ,ఏడాదిలో రూ.77.6 లక్షల కోట్లు,2.3184549808502197
U281977,202199,8,2502725,మురిపించిన ‘మూరత్’,మురిపించిన ‘మూరత్’,2.3174891471862793
U281977,202199,9,2503289,మురిపించిన ‘మూరత్’,మురిపించిన ‘మూరత్’,2.3174891471862793
U281977,202199,10,2502831,మురిపించిన ‘మూరత్’,మురిపించిన ‘మూరత్’,2.3174891471862793
U282896,203220,1,2541551,ఏడాదిలో రూ.77.6 లక్షల కోట్లు ,ఏడాదిలో రూ.77.6 లక్షల కోట్లు,2.5418505668640137
U282896,203220,2,2541167,ఏడాదిలో రూ.77.6 లక్షల కోట్లు ,ఏడాదిలో రూ.77.6 లక్షల కోట్లు,2.5418505668640137
U282896,203220,3,2541219,ఏడాదిలో రూ.77.6 లక్షల కోట్లు ,ఏడాదిలో రూ.77.6 లక్షల కోట్లు,2.5418505668640137
U282896,203220,4,2503289,మురిపించిన ‘మూరత్’,మురిపించిన ‘మూరత్’,2.541569232940674
U282896,203220,5,2502725,మురిపించిన ‘మూరత్’,మురిపించిన ‘మూరత్’,2.541569232940674
U282896,203220,6,2502831,మురిపించిన ‘మూరత్’,మురిపించిన ‘మూరత్’,2.541569232940674
U282896,203220,7,2494006,"ఇన్ఫీ లాభం రూ.6,506 కోట్లు","ఇన్ఫీ లాభం రూ.6,506 కోట్లు",2.5412628650665283
U282896,203220,8,2493695,"ఇన్ఫీ లాభం రూ.6,506 కోట్లు","ఇన్ఫీ లాభం రూ.6,506 కోట్లు",2.5412628650665283
U282896,203220,9,2493810,"ఇన్ఫీ లాభం రూ.6,506 కోట్లు","ఇన్ఫీ లాభం రూ.6,506 కోట్లు",2.5412628650665283
U282896,203220,10,2499551,"ఐసీఐసీఐ బ్యాంక్  లాభం రూ.11,746 కోట్లు ","ఐసీఐసీఐ బ్యాంక్ లాభం రూ.11,746 కోట్లు",2.540728807449341
U283936,204376,1,2525927,చలి కాలంలో,చలి కాలంలో,4.852292537689209
U283936,204376,2,2526063,చలి కాలంలో,చలి కాలంలో,4.852292537689209
U283936,204376,3,2503090,ఆప్రికాట్ డిలైట్,ఆప్రికాట్ డిలైట్,4.8183746337890625
U283936,204376,4,2502885,ఆప్రికాట్ డిలైట్,ఆప్రికాట్ డిలైట్,4.8183746337890625
U283936,204376,5,2502779,ఆప్రికాట్ డిలైట్,ఆప్రికాట్ డిలైట్,4.8183746337890625
U283936,204376,6,2483635,కాఫీ సందేశ్!,కాఫీ సందేశ్!,4.78614616394043
U283936,204376,7,2483620,కాఫీ సందేశ్!,కాఫీ సందేశ్!,4.78614616394043
U283936,204376,8,2483693,కాఫీ సందేశ్!,కాఫీ సందేశ్!,4.78614616394043
U283936,204376,9,2516579,శీతాకాలంవేడి వేడిగా..!,శీతాకాలంవేడి వేడిగా..!,4.708728790283203
U283936,204376,10,2521059,చపాతీలతో తింటే భలే రుచి,చపాతీలతో తింటే భలే రుచి,4.665403842926025
U284066,204521,1,2493810,"ఇన్ఫీ లాభం రూ.6,506 కోట్లు","ఇన్ఫీ లాభం రూ.6,506 కోట్లు",4.15429162979126
U284066,204521,2,2494006,"ఇన్ఫీ లాభం రూ.6,506 కోట్లు","ఇన్ఫీ లాభం రూ.6,506 కోట్లు",4.15429162979126
U284066,204521,3,2493695,"ఇన్ఫీ లాభం రూ.6,506 కోట్లు","ఇన్ఫీ లాభం రూ.6,506 కోట్లు",4.15429162979126
U284066,204521,4,2541219,ఏడాదిలో రూ.77.6 లక్షల కోట్లు ,ఏడాదిలో రూ.77.6 లక్షల కోట్లు,4.1541218757629395
U284066,204521,5,2541167,ఏడాదిలో రూ.77.6 లక్షల కోట్లు ,ఏడాదిలో రూ.77.6 లక్షల కోట్లు,4.1541218757629395
U284066,204521,6,2541551,ఏడాదిలో రూ.77.6 లక్షల కోట్లు ,ఏడాదిలో రూ.77.6 లక్షల కోట్లు,4.1541218757629395
U284066,204521,7,2499551,"ఐసీఐసీఐ బ్యాంక్  లాభం రూ.11,746 కోట్లు ","ఐసీఐసీఐ బ్యాంక్ లాభం రూ.11,746 కోట్లు",4.153311252593994
U284066,204521,8,2503289,మురిపించిన ‘మూరత్’,మురిపించిన ‘మూరత్’,4.152895450592041
U284066,204521,9,2502831,మురిపించిన ‘మూరత్’,మురిపించిన ‘మూరత్’,4.152895450592041
U284066,204521,10,2502725,మురిపించిన ‘మూరత్’,మురిపించిన ‘మూరత్’,4.152895450592041
U28833,209258,1,2527035,బరువు పెరగాలంటే..! ,బరువు పెరగాలంటే..!,4.8274078369140625
U28833,209258,2,2514928,ఇలా చేస్తే మెదడుకు హాని,ఇలా చేస్తే మెదడుకు హాని,4.823028564453125
U28833,209258,3,2514604,ఇలా చేస్తే మెదడుకు హాని,ఇలా చేస్తే మెదడుకు హాని,4.823028564453125
U28833,209258,4,2514456,ఇలా చేస్తే మెదడుకు హాని,ఇలా చేస్తే మెదడుకు హాని,4.823028564453125
U28833,209258,5,2504853,ఇన్ఫ్లమేషన్ ,ఇన్ఫ్లమేషన్,4.821399688720703
U28833,209258,6,2507941,బరువు తగ్గండిలా...,బరువు తగ్గండిలా...,4.821229457855225
U28833,209258,7,2508244,బరువు తగ్గండిలా...,బరువు తగ్గండిలా...,4.821229457855225
U28833,209258,8,2508045,బరువు తగ్గండిలా...,బరువు తగ్గండిలా...,4.821229457855225
U28833,209258,9,2528217,పండ్లు పరిమితంగానే...                        ,పండ్లు పరిమితంగానే...,4.820544719696045
U28833,209258,10,2527643,పండ్లు పరిమితంగానే...                        ,పండ్లు పరిమితంగానే...,4.820544719696045
U289268,210300,1,2526063,చలి కాలంలో,చలి కాలంలో,5.50823974609375
U289268,210300,2,2525927,చలి కాలంలో,చలి కాలంలో,5.50823974609375
U289268,210300,3,2502779,ఆప్రికాట్ డిలైట్,ఆప్రికాట్ డిలైట్,5.45334529876709
U289268,210300,4,2503090,ఆప్రికాట్ డిలైట్,ఆప్రికాట్ డిలైట్,5.45334529876709
U289268,210300,5,2502885,ఆప్రికాట్ డిలైట్,ఆప్రికాట్ డిలైట్,5.45334529876709
U289268,210300,6,2483693,కాఫీ సందేశ్!,కాఫీ సందేశ్!,5.4299726486206055
U289268,210300,7,2483635,కాఫీ సందేశ్!,కాఫీ సందేశ్!,5.4299726486206055
U289268,210300,8,2483620,కాఫీ సందేశ్!,కాఫీ సందేశ్!,5.4299726486206055
U289268,210300,9,2516579,శీతాకాలంవేడి వేడిగా..!,శీతాకాలంవేడి వేడిగా..!,5.330768585205078
U289268,210300,10,2521059,చపాతీలతో తింటే భలే రుచి,చపాతీలతో తింటే భలే రుచి,5.277270793914795
U290068,211190,1,666637,రానా ' హిరణ్య కశ్యప’ మూవీ నుంచి లేటెస్ట్ అప్డేట్ !,రానా ' హిరణ్య కశ్యప’ మూవీ నుంచి లేటెస్ట్ అప్డేట్ !,4.110658168792725
U290068,211190,2,2540458,రొమాంటిక్ ఎంటర్టైనర్,రొమాంటిక్ ఎంటర్టైనర్,4.109663486480713
U290068,211190,3,2540424,రొమాంటిక్ ఎంటర్టైనర్,రొమాంటిక్ ఎంటర్టైనర్,4.109663486480713
U290068,211190,4,2540403,రొమాంటిక్ ఎంటర్టైనర్,రొమాంటిక్ ఎంటర్టైనర్,4.109663486480713
U290068,211190,5,723423,Blur : ముగిసిన ' బ్లర్ ' చిత్రీకరణ,Blur : ముగిసిన ' బ్లర్ ' చిత్రీకరణ,4.109343528747559
U290068,211190,6,800065,‘మహానటి’ రిలీజ్ డేట్ ఫిక్స్,‘మహానటి’ రిలీజ్ డేట్ ఫిక్స్,4.107048511505127
U290068,211190,7,468101,' తిమ్మరుసు ' విడుదలకు రెడీ,' తిమ్మరుసు ' విడుదలకు రెడీ,4.106959819793701
U290068,211190,8,2536886, అధికంగా టిక్కెట్లు అమ్ముడైన సినిమాలు,అధికంగా టిక్కెట్లు అమ్ముడైన సినిమాలు,4.106143951416016
U290068,211190,9,2536984, అధికంగా టిక్కెట్లు అమ్ముడైన సినిమాలు,అధికంగా టిక్కెట్లు అమ్ముడైన సినిమాలు,4.106143951416016
U290068,211190,10,540995,తెలుగులో రిలీజ్ కానున్న ' దియా ',తెలుగులో రిలీజ్ కానున్న ' దియా ',4.105835437774658
U291605,212898,1,2482203,హరిత కాకతీయ హోటల్లో ఫుడ్ఫెస్టివల్,హరిత కాకతీయ హోటల్లో ఫుడ్ఫెస్టివల్,2.474902868270874
U291605,212898,2,2514799,● కేక్ మిక్సింగ్,● కేక్ మిక్సింగ్,2.4635169506073
U291605,212898,3,2529706,వహ్వా.. హైదరాబాద్ బిర్యానీ!,వహ్వా.. హైదరాబాద్ బిర్యానీ!,2.445228099822998
U291605,212898,4,2529847,వహ్వా.. హైదరాబాద్ బిర్యానీ!,వహ్వా.. హైదరాబాద్ బిర్యానీ!,2.445228099822998
U291605,212898,5,2482989,ఫుడ్ ఫెస్టివల్లో ఆకట్టుకున్న వంటకాలు,ఫుడ్ ఫెస్టివల్లో ఆకట్టుకున్న వంటకాలు,2.407907724380493
U291605,212898,6,2505021,ఒక్కో ప్రాంతానికి ఒక్కో మెనూ,ఒక్కో ప్రాంతానికి ఒక్కో మెనూ,2.405452251434326
U291605,212898,7,2494257,మంచింగ్గా కుళ్లిన చికెన్! ,మంచింగ్గా కుళ్లిన చికెన్!,2.3994812965393066
U291605,212898,8,2494442,మంచింగ్గా కుళ్లిన చికెన్! ,మంచింగ్గా కుళ్లిన చికెన్!,2.3994812965393066
U291605,212898,9,2530995,వారం పాటు పెట్టాల్సిన ఆహార పదార్థాలు ఇవే...,వారం పాటు పెట్టాల్సిన ఆహార పదార్థాలు ఇవే...,2.344682216644287
U291605,212898,10,2530925,వారం పాటు పెట్టాల్సిన ఆహార పదార్థాలు ఇవే...,వారం పాటు పెట్టాల్సిన ఆహార పదార్థాలు ఇవే...,2.344682216644287
U293394,214885,1,723423,Blur : ముగిసిన ' బ్లర్ ' చిత్రీకరణ,Blur : ముగిసిన ' బ్లర్ ' చిత్రీకరణ,3.0235888957977295
U293394,214885,2,666637,రానా ' హిరణ్య కశ్యప’ మూవీ నుంచి లేటెస్ట్ అప్డేట్ !,రానా ' హిరణ్య కశ్యప’ మూవీ నుంచి లేటెస్ట్ అప్డేట్ !,3.0159389972686768
U293394,214885,3,800065,‘మహానటి’ రిలీజ్ డేట్ ఫిక్స్,‘మహానటి’ రిలీజ్ డేట్ ఫిక్స్,3.0137109756469727
U293394,214885,4,468101,' తిమ్మరుసు ' విడుదలకు రెడీ,' తిమ్మరుసు ' విడుదలకు రెడీ,3.0123419761657715
U293394,214885,5,2540424,రొమాంటిక్ ఎంటర్టైనర్,రొమాంటిక్ ఎంటర్టైనర్,3.012082815170288
U293394,214885,6,2540458,రొమాంటిక్ ఎంటర్టైనర్,రొమాంటిక్ ఎంటర్టైనర్,3.012082815170288
U293394,214885,7,2540403,రొమాంటిక్ ఎంటర్టైనర్,రొమాంటిక్ ఎంటర్టైనర్,3.012082815170288
U293394,214885,8,421537,ఈ నెల 17 న రానున్న ' అర్జున్ సురవరం ',ఈ నెల 17 న రానున్న ' అర్జున్ సురవరం ',3.012075662612915
U293394,214885,9,867192,ఆర్ఆర్ఆర్ షూటింగ్ మళ్లీ వాయిదా,ఆర్ఆర్ఆర్ షూటింగ్ మళ్లీ వాయిదా,3.0089399814605713
U293394,214885,10,2493360,థ్రిల్ ఇచ్చే డీల్,థ్రిల్ ఇచ్చే డీల్,3.0088624954223633
U297013,218907,1,2526063,చలి కాలంలో,చలి కాలంలో,4.506430149078369
U297013,218907,2,2525927,చలి కాలంలో,చలి కాలంలో,4.506430149078369
U297013,218907,3,2483620,కాఫీ సందేశ్!,కాఫీ సందేశ్!,4.477437496185303
U297013,218907,4,2483635,కాఫీ సందేశ్!,కాఫీ సందేశ్!,4.477437496185303
U297013,218907,5,2483693,కాఫీ సందేశ్!,కాఫీ సందేశ్!,4.477437496185303
U297013,218907,6,2503090,ఆప్రికాట్ డిలైట్,ఆప్రికాట్ డిలైట్,4.438724517822266
U297013,218907,7,2502885,ఆప్రికాట్ డిలైట్,ఆప్రికాట్ డిలైట్,4.438724517822266
U297013,218907,8,2502779,ఆప్రికాట్ డిలైట్,ఆప్రికాట్ డిలైట్,4.438724517822266
U297013,218907,9,2516579,శీతాకాలంవేడి వేడిగా..!,శీతాకాలంవేడి వేడిగా..!,4.401416778564453
U297013,218907,10,2521059,చపాతీలతో తింటే భలే రుచి,చపాతీలతో తింటే భలే రుచి,4.381687641143799
U298217,220244,1,2527035,బరువు పెరగాలంటే..! ,బరువు పెరగాలంటే..!,4.372544288635254
U298217,220244,2,2527643,పండ్లు పరిమితంగానే...                        ,పండ్లు పరిమితంగానే...,4.367151260375977
U298217,220244,3,2527869,పండ్లు పరిమితంగానే...                        ,పండ్లు పరిమితంగానే...,4.367151260375977
U298217,220244,4,2528217,పండ్లు పరిమితంగానే...                        ,పండ్లు పరిమితంగానే...,4.367151260375977
U298217,220244,5,2508045,బరువు తగ్గండిలా...,బరువు తగ్గండిలా...,4.366465091705322
U298217,220244,6,2507941,బరువు తగ్గండిలా...,బరువు తగ్గండిలా...,4.366465091705322
U298217,220244,7,2508244,బరువు తగ్గండిలా...,బరువు తగ్గండిలా...,4.366465091705322
U298217,220244,8,2514604,ఇలా చేస్తే మెదడుకు హాని,ఇలా చేస్తే మెదడుకు హాని,4.366360664367676
U298217,220244,9,2514928,ఇలా చేస్తే మెదడుకు హాని,ఇలా చేస్తే మెదడుకు హాని,4.366360664367676
U298217,220244,10,2514456,ఇలా చేస్తే మెదడుకు హాని,ఇలా చేస్తే మెదడుకు హాని,4.366360664367676
U299720,221914,1,2505621,25 నుంచి పార్లమెంటు శీతాకాల సమావేశాలు,25 నుంచి పార్లమెంటు శీతాకాల సమావేశాలు,2.70185923576355
U299720,221914,2,2528868,జమిలిపై ముందుకు!,జమిలిపై ముందుకు!,2.685039520263672
U299720,221914,3,2517765,పార్లమెంటు ముందుకు,పార్లమెంటు ముందుకు,2.6566781997680664
U299720,221914,4,2518106,పార్లమెంటు ముందుకు,పార్లమెంటు ముందుకు,2.6566781997680664
U299720,221914,5,2503356,5న రాష్ట్రానికి రాహుల్,5న రాష్ట్రానికి రాహుల్,2.6445233821868896
U299720,221914,6,2518272,పార్లమెంటు ముందుకు,పార్లమెంటు ముందుకు,2.644479274749756
U299720,221914,7,2505445,25 నుంచి పార్లమెంట్  శీతాకాల సమావేశాలు,25 నుంచి పార్లమెంట్ శీతాకాల సమావేశాలు,2.6437714099884033
U299720,221914,8,2505249,25 నుంచి పార్లమెంట్  శీతాకాల సమావేశాలు,25 నుంచి పార్లమెంట్ శీతాకాల సమావేశాలు,2.6437714099884033
U299720,221914,9,2517319,వైసీపీకి జయమంగళ గుడ్బై,వైసీపీకి జయమంగళ గుడ్బై,2.641038417816162
U299720,221914,10,2517732,పార్లమెంటు ముందుకు 16 బిల్లులు!,పార్లమెంటు ముందుకు 16 బిల్లులు!,2.638866662979126
U300607,222901,1,540597,వెస్టిండీస్ పర్యటనకు భారత జట్టు ప్రకటన,వెస్టిండీస్ పర్యటనకు భారత జట్టు ప్రకటన,3.5338199138641357
U300607,222901,2,666456,ఇప్పట్లో ధోనీ రిటైర్ అవ్వడు : ఎమ్మెస్కే,ఇప్పట్లో ధోనీ రిటైర్ అవ్వడు : ఎమ్మెస్కే,3.533801555633545
U300607,222901,3,2530007,ఆకాశ్దీప్ ఆడేనా?,ఆకాశ్దీప్ ఆడేనా?,3.5338008403778076
U300607,222901,4,2529927,ఆకాశ్దీప్ ఆడేనా?,ఆకాశ్దీప్ ఆడేనా?,3.5338008403778076
U300607,222901,5,2529957,ఆకాశ్దీప్ ఆడేనా?,ఆకాశ్దీప్ ఆడేనా?,3.5338008403778076
U300607,222901,6,2542932,రోహిత్కు ముందే చెప్పేశారా?,రోహిత్కు ముందే చెప్పేశారా?,3.533456325531006
U300607,222901,7,2543414,రోహిత్కు ముందే చెప్పేశారా?,రోహిత్కు ముందే చెప్పేశారా?,3.533456325531006
U300607,222901,8,2543335,రోహిత్కు ముందే చెప్పేశారా?,రోహిత్కు ముందే చెప్పేశారా?,3.533456325531006
U300607,222901,9,465999,టీమిండియాలో ప్రసిద్ధ్ కృష్ణ,టీమిండియాలో ప్రసిద్ధ్ కృష్ణ,3.533278465270996
U300607,222901,10,2509453, బుమ్రాకే పగ్గాలు!,బుమ్రాకే పగ్గాలు!,3.5332136154174805
U302408,224902,1,666456,ఇప్పట్లో ధోనీ రిటైర్ అవ్వడు : ఎమ్మెస్కే,ఇప్పట్లో ధోనీ రిటైర్ అవ్వడు : ఎమ్మెస్కే,8.72673511505127
U302408,224902,2,540597,వెస్టిండీస్ పర్యటనకు భారత జట్టు ప్రకటన,వెస్టిండీస్ పర్యటనకు భారత జట్టు ప్రకటన,8.726460456848145
U302408,224902,3,2529957,ఆకాశ్దీప్ ఆడేనా?,ఆకాశ్దీప్ ఆడేనా?,8.726367950439453
U302408,224902,4,2530007,ఆకాశ్దీప్ ఆడేనా?,ఆకాశ్దీప్ ఆడేనా?,8.726367950439453
U302408,224902,5,2529927,ఆకాశ్దీప్ ఆడేనా?,ఆకాశ్దీప్ ఆడేనా?,8.726367950439453
U302408,224902,6,2543335,రోహిత్కు ముందే చెప్పేశారా?,రోహిత్కు ముందే చెప్పేశారా?,8.725350379943848
U302408,224902,7,2542932,రోహిత్కు ముందే చెప్పేశారా?,రోహిత్కు ముందే చెప్పేశారా?,8.725350379943848
U302408,224902,8,2543414,రోహిత్కు ముందే చెప్పేశారా?,రోహిత్కు ముందే చెప్పేశారా?,8.725350379943848
U302408,224902,9,2545264,‘రిజర్వ్’ పేస్లో ,‘రిజర్వ్’ పేస్లో,8.72530460357666
U302408,224902,10,2544674,‘రిజర్వ్’ పేస్లో ,‘రిజర్వ్’ పేస్లో,8.72530460357666
U302669,225191,1,937990,గోదాం దగ్ధం కేసులో ఇద్దరికి జైలుశిక్ష,గోదాం దగ్ధం కేసులో ఇద్దరికి జైలుశిక్ష,3.61637020111084
U302669,225191,2,2488130,రూ. 24 లక్షల బాణసంచా పట్టివేత,రూ. 24 లక్షల బాణసంచా పట్టివేత,3.6160075664520264
U302669,225191,3,888063,అల్లుడిని చంపిన కేసులో మామ అరెస్టు,అల్లుడిని చంపిన కేసులో మామ అరెస్టు,3.6097989082336426
U302669,225191,4,910014,మహిళను వేధించిన కేసులో యువకుడు అరెస్టు,మహిళను వేధించిన కేసులో యువకుడు అరెస్టు,3.608283519744873
U302669,225191,5,991306,మైనర్ బాలిక హత్యచారం కేసులో నిందితుడు అరెస్టు,మైనర్ బాలిక హత్యచారం కేసులో నిందితుడు అరెస్టు,3.606574296951294
U302669,225191,6,2485923,ముగ్గురు గంజాయి విక్రేతల అరెస్టు,ముగ్గురు గంజాయి విక్రేతల అరెస్టు,3.6041016578674316
U302669,225191,7,2521877,ఫేక్ బెయిల్తో జైలు నుంచి బయటకు,ఫేక్ బెయిల్తో జైలు నుంచి బయటకు,3.603868246078491
U302669,225191,8,2521757,దొంగ.. బెయిల్,దొంగ.. బెయిల్,3.60190749168396
U302669,225191,9,648247,చోరీకి పాల్పడిన ముగ్గురి అరెస్టు,చోరీకి పాల్పడిన ముగ్గురి అరెస్టు,3.5991051197052
U302669,225191,10,543186,మహమ్మదాబాద్లో వ్యక్తి హత్య,మహమ్మదాబాద్లో వ్యక్తి హత్య,3.5980262756347656
U30311,225682,1,2483501,పండగ సీజన్పై ‘ఆటో’ ఆశలు,పండగ సీజన్పై ‘ఆటో’ ఆశలు,3.4102158546447754
U30311,225682,2,2483429,పండగ సీజన్పై ‘ఆటో’ ఆశలు,పండగ సీజన్పై ‘ఆటో’ ఆశలు,3.4102158546447754
U30311,225682,3,2483772,పండగ సీజన్పై ‘ఆటో’ ఆశలు,పండగ సీజన్పై ‘ఆటో’ ఆశలు,3.4102158546447754
U30311,225682,4,2523169,స్కోడా కైలాక్ బుకింగ్స్ షురూ,స్కోడా కైలాక్ బుకింగ్స్ షురూ,3.404341459274292
U30311,225682,5,2523399,స్కోడా కైలాక్ బుకింగ్స్ షురూ,స్కోడా కైలాక్ బుకింగ్స్ షురూ,3.404341459274292
U30311,225682,6,2522969,స్కోడా కైలాక్ బుకింగ్స్ షురూ,స్కోడా కైలాక్ బుకింగ్స్ షురూ,3.404341459274292
U30311,225682,7,2524309,హోండా అమేజ్ కొత్త వెర్షన్,హోండా అమేజ్ కొత్త వెర్షన్,3.3906824588775635
U30311,225682,8,2524737,హోండా అమేజ్ కొత్త వెర్షన్,హోండా అమేజ్ కొత్త వెర్షన్,3.3906824588775635
U30311,225682,9,2524477,హోండా అమేజ్ కొత్త వెర్షన్,హోండా అమేజ్ కొత్త వెర్షన్,3.3906824588775635
U30311,225682,10,2510782,మారుతి సుజుకి ’న్యూ ఆల్ డిజైర్’ కారు విడుదల,మారుతి సుజుకి ’న్యూ ఆల్ డిజైర్’ కారు విడుదల,3.3744752407073975
U307774,230863,1,2507430,ఇలా అలంకరిస్తే ,ఇలా అలంకరిస్తే,2.194272994995117
U307774,230863,2,2507149,ఇలా అలంకరిస్తే ,ఇలా అలంకరిస్తే,2.194272994995117
U307774,230863,3,2507347,ఇలా అలంకరిస్తే ,ఇలా అలంకరిస్తే,2.194272994995117
U307774,230863,4,2492910,ఆర్గంజా అదరహో... ,ఆర్గంజా అదరహో...,2.1830546855926514
U307774,230863,5,2542748,మనం స్వేచ్ఛగానే ఉన్నామా?,మనం స్వేచ్ఛగానే ఉన్నామా?,2.143202066421509
U307774,230863,6,2541361,ఇంటిని అందంగా అలంకరిద్దాం!,ఇంటిని అందంగా అలంకరిద్దాం!,2.142637014389038
U307774,230863,7,2505205,ఇల్లు విలాసవంతంగా,ఇల్లు విలాసవంతంగా,2.118422508239746
U307774,230863,8,2505382,ఇల్లు విలాసవంతంగా,ఇల్లు విలాసవంతంగా,2.118422508239746
U307774,230863,9,2541389,అందంగా అలంకరిద్దాం!,అందంగా అలంకరిద్దాం!,2.115973711013794
U307774,230863,10,2514929,పిల్లలు ఎవరితోనూ కలవడం లేదా?,పిల్లలు ఎవరితోనూ కలవడం లేదా?,2.11580753326416
U311395,234887,1,728477,నేటి వాతావరణ సమాచారం,నేటి వాతావరణ సమాచారం,6.719812870025635
U311395,234887,2,2543538,గజగజ,గజగజ,6.717411041259766
U311395,234887,3,2543662,గజగజ,గజగజ,6.717411041259766
U311395,234887,4,2502865,ఈ నెల చలి తక్కువే!,ఈ నెల చలి తక్కువే!,6.717189311981201
U311395,234887,5,2503064,ఈ నెల చలి తక్కువే!,ఈ నెల చలి తక్కువే!,6.717189311981201
U311395,234887,6,2529776,"ఏజెన్సీలు గజగజపడిపోయిన ఉష్ణోగ్రతలు,  కమ్మేస్తున్న పొగమంచు","ఏజెన్సీలు గజగజపడిపోయిన ఉష్ణోగ్రతలు, కమ్మేస్తున్న పొగమంచు",6.716206073760986
U311395,234887,7,2529663,"ఏజెన్సీలు గజగజపడిపోయిన ఉష్ణోగ్రతలు,  కమ్మేస్తున్న పొగమంచు","ఏజెన్సీలు గజగజపడిపోయిన ఉష్ణోగ్రతలు, కమ్మేస్తున్న పొగమంచు",6.716206073760986
U311395,234887,8,2543983,ఏజెనీ్స గజగజ ,ఏజెనీ్స గజగజ,6.716032981872559
U311395,234887,9,2507247,వేడీ ఎక్కువే.. చలీ ఎక్కువే! ,వేడీ ఎక్కువే.. చలీ ఎక్కువే!,6.715695858001709
U311395,234887,10,2507298,వేడీ ఎక్కువే.. చలీ ఎక్కువే! ,వేడీ ఎక్కువే.. చలీ ఎక్కువే!,6.715695858001709
U312574,236197,1,2483772,పండగ సీజన్పై ‘ఆటో’ ఆశలు,పండగ సీజన్పై ‘ఆటో’ ఆశలు,3.4112749099731445
U312574,236197,2,2483429,పండగ సీజన్పై ‘ఆటో’ ఆశలు,పండగ సీజన్పై ‘ఆటో’ ఆశలు,3.4112749099731445
U312574,236197,3,2483501,పండగ సీజన్పై ‘ఆటో’ ఆశలు,పండగ సీజన్పై ‘ఆటో’ ఆశలు,3.4112749099731445
U312574,236197,4,2523169,స్కోడా కైలాక్ బుకింగ్స్ షురూ,స్కోడా కైలాక్ బుకింగ్స్ షురూ,3.4025769233703613
U312574,236197,5,2522969,స్కోడా కైలాక్ బుకింగ్స్ షురూ,స్కోడా కైలాక్ బుకింగ్స్ షురూ,3.4025769233703613
U312574,236197,6,2523399,స్కోడా కైలాక్ బుకింగ్స్ షురూ,స్కోడా కైలాక్ బుకింగ్స్ షురూ,3.4025769233703613
U312574,236197,7,2524737,హోండా అమేజ్ కొత్త వెర్షన్,హోండా అమేజ్ కొత్త వెర్షన్,3.3861310482025146
U312574,236197,8,2524309,హోండా అమేజ్ కొత్త వెర్షన్,హోండా అమేజ్ కొత్త వెర్షన్,3.3861310482025146
U312574,236197,9,2524477,హోండా అమేజ్ కొత్త వెర్షన్,హోండా అమేజ్ కొత్త వెర్షన్,3.3861310482025146
U312574,236197,10,2510782,మారుతి సుజుకి ’న్యూ ఆల్ డిజైర్’ కారు విడుదల,మారుతి సుజుకి ’న్యూ ఆల్ డిజైర్’ కారు విడుదల,3.3713772296905518
U312854,236508,1,2507347,ఇలా అలంకరిస్తే ,ఇలా అలంకరిస్తే,3.459491014480591
U312854,236508,2,2507430,ఇలా అలంకరిస్తే ,ఇలా అలంకరిస్తే,3.459491014480591
U312854,236508,3,2507149,ఇలా అలంకరిస్తే ,ఇలా అలంకరిస్తే,3.459491014480591
U312854,236508,4,2541361,ఇంటిని అందంగా అలంకరిద్దాం!,ఇంటిని అందంగా అలంకరిద్దాం!,3.437621593475342
U312854,236508,5,2492910,ఆర్గంజా అదరహో... ,ఆర్గంజా అదరహో...,3.4290900230407715
U312854,236508,6,2541389,అందంగా అలంకరిద్దాం!,అందంగా అలంకరిద్దాం!,3.406367778778076
U312854,236508,7,2505205,ఇల్లు విలాసవంతంగా,ఇల్లు విలాసవంతంగా,3.3870391845703125
U312854,236508,8,2505382,ఇల్లు విలాసవంతంగా,ఇల్లు విలాసవంతంగా,3.3870391845703125
U312854,236508,9,2514605,పిల్లలు ఎవరితోనూ కలవడం లేదా?,పిల్లలు ఎవరితోనూ కలవడం లేదా?,3.315656900405884
U312854,236508,10,2514457,పిల్లలు ఎవరితోనూ కలవడం లేదా?,పిల్లలు ఎవరితోనూ కలవడం లేదా?,3.315656900405884
U31305,236726,1,666456,ఇప్పట్లో ధోనీ రిటైర్ అవ్వడు : ఎమ్మెస్కే,ఇప్పట్లో ధోనీ రిటైర్ అవ్వడు : ఎమ్మెస్కే,4.43807315826416
U31305,236726,2,540597,వెస్టిండీస్ పర్యటనకు భారత జట్టు ప్రకటన,వెస్టిండీస్ పర్యటనకు భారత జట్టు ప్రకటన,4.437933444976807
U31305,236726,3,2530007,ఆకాశ్దీప్ ఆడేనా?,ఆకాశ్దీప్ ఆడేనా?,4.43793249130249
U31305,236726,4,2529957,ఆకాశ్దీప్ ఆడేనా?,ఆకాశ్దీప్ ఆడేనా?,4.43793249130249
U31305,236726,5,2529927,ఆకాశ్దీప్ ఆడేనా?,ఆకాశ్దీప్ ఆడేనా?,4.43793249130249
U31305,236726,6,2543335,రోహిత్కు ముందే చెప్పేశారా?,రోహిత్కు ముందే చెప్పేశారా?,4.437407493591309
U31305,236726,7,2542932,రోహిత్కు ముందే చెప్పేశారా?,రోహిత్కు ముందే చెప్పేశారా?,4.437407493591309
U31305,236726,8,2543414,రోహిత్కు ముందే చెప్పేశారా?,రోహిత్కు ముందే చెప్పేశారా?,4.437407493591309
U31305,236726,9,2509453, బుమ్రాకే పగ్గాలు!,బుమ్రాకే పగ్గాలు!,4.437190055847168
U31305,236726,10,2509639, బుమ్రాకే పగ్గాలు!,బుమ్రాకే పగ్గాలు!,4.437190055847168
U316820,240915,1,2525927,చలి కాలంలో,చలి కాలంలో,2.924281597137451
U316820,240915,2,2526063,చలి కాలంలో,చలి కాలంలో,2.924281597137451
U316820,240915,3,2502779,ఆప్రికాట్ డిలైట్,ఆప్రికాట్ డిలైట్,2.906728744506836
U316820,240915,4,2503090,ఆప్రికాట్ డిలైట్,ఆప్రికాట్ డిలైట్,2.906728744506836
U316820,240915,5,2502885,ఆప్రికాట్ డిలైట్,ఆప్రికాట్ డిలైట్,2.906728744506836
U316820,240915,6,2483693,కాఫీ సందేశ్!,కాఫీ సందేశ్!,2.905099391937256
U316820,240915,7,2483635,కాఫీ సందేశ్!,కాఫీ సందేశ్!,2.905099391937256
U316820,240915,8,2483620,కాఫీ సందేశ్!,కాఫీ సందేశ్!,2.905099391937256
U316820,240915,9,2516579,శీతాకాలంవేడి వేడిగా..!,శీతాకాలంవేడి వేడిగా..!,2.872007369995117
U316820,240915,10,2521059,చపాతీలతో తింటే భలే రుచి,చపాతీలతో తింటే భలే రుచి,2.8619062900543213
U317669,241857,1,2525927,చలి కాలంలో,చలి కాలంలో,2.4554853439331055
U317669,241857,2,2526063,చలి కాలంలో,చలి కాలంలో,2.4554853439331055
U317669,241857,3,2483693,కాఫీ సందేశ్!,కాఫీ సందేశ్!,2.4542689323425293
U317669,241857,4,2483620,కాఫీ సందేశ్!,కాఫీ సందేశ్!,2.4542689323425293
U317669,241857,5,2483635,కాఫీ సందేశ్!,కాఫీ సందేశ్!,2.4542689323425293
U317669,241857,6,2502885,ఆప్రికాట్ డిలైట్,ఆప్రికాట్ డిలైట్,2.4281654357910156
U317669,241857,7,2503090,ఆప్రికాట్ డిలైట్,ఆప్రికాట్ డిలైట్,2.4281654357910156
U317669,241857,8,2502779,ఆప్రికాట్ డిలైట్,ఆప్రికాట్ డిలైట్,2.4281654357910156
U317669,241857,9,2494615,రుచికి రుచి,రుచికి రుచి,2.4226465225219727
U317669,241857,10,2494245,రుచికి రుచి,రుచికి రుచి,2.4226465225219727
U318042,242273,1,937990,గోదాం దగ్ధం కేసులో ఇద్దరికి జైలుశిక్ష,గోదాం దగ్ధం కేసులో ఇద్దరికి జైలుశిక్ష,3.8182530403137207
U318042,242273,2,2488130,రూ. 24 లక్షల బాణసంచా పట్టివేత,రూ. 24 లక్షల బాణసంచా పట్టివేత,3.814765214920044
U318042,242273,3,2521877,ఫేక్ బెయిల్తో జైలు నుంచి బయటకు,ఫేక్ బెయిల్తో జైలు నుంచి బయటకు,3.8114571571350098
U318042,242273,4,2521757,దొంగ.. బెయిల్,దొంగ.. బెయిల్,3.8099381923675537
U318042,242273,5,991306,మైనర్ బాలిక హత్యచారం కేసులో నిందితుడు అరెస్టు,మైనర్ బాలిక హత్యచారం కేసులో నిందితుడు అరెస్టు,3.802788496017456
U318042,242273,6,888063,అల్లుడిని చంపిన కేసులో మామ అరెస్టు,అల్లుడిని చంపిన కేసులో మామ అరెస్టు,3.801948070526123
U318042,242273,7,910014,మహిళను వేధించిన కేసులో యువకుడు అరెస్టు,మహిళను వేధించిన కేసులో యువకుడు అరెస్టు,3.7999985218048096
U318042,242273,8,2529405,చింతల్లో దారుణం,చింతల్లో దారుణం,3.797511577606201
U318042,242273,9,2485923,ముగ్గురు గంజాయి విక్రేతల అరెస్టు,ముగ్గురు గంజాయి విక్రేతల అరెస్టు,3.7954418659210205
U318042,242273,10,648247,చోరీకి పాల్పడిన ముగ్గురి అరెస్టు,చోరీకి పాల్పడిన ముగ్గురి అరెస్టు,3.7858664989471436
U318219,242469,1,318532,ఫేస్బుక్లో కొత్త ఫీచర్,ఫేస్బుక్లో కొత్త ఫీచర్,1.388759970664978
U318219,242469,2,2534451,వాట్సాప్లోనూ చాట్జీపీటీ,వాట్సాప్లోనూ చాట్జీపీటీ,1.3886418342590332
U318219,242469,3,2534484,వాట్సాప్లోనూ చాట్జీపీటీ,వాట్సాప్లోనూ చాట్జీపీటీ,1.3886418342590332
U318219,242469,4,416215,శామ్సంగ్ మడతపెట్టే ఫోన్,శామ్సంగ్ మడతపెట్టే ఫోన్,1.3847190141677856
U318219,242469,5,2503912,ఫేక్బుక్,ఫేక్బుక్,1.3845834732055664
U318219,242469,6,999861,కూల్ ప్యాడ్ కూల్3 స్మార్ట్ఫోన్ విడుదల,కూల్ ప్యాడ్ కూల్3 స్మార్ట్ఫోన్ విడుదల,1.3809783458709717
U318219,242469,7,2500289,‘డిజిటల్’ కండోమ్!,‘డిజిటల్’ కండోమ్!,1.3808660507202148
U318219,242469,8,2482491,కళ్లజోడు కాదు.. కంప్యూటర్!,కళ్లజోడు కాదు.. కంప్యూటర్!,1.3794879913330078
U318219,242469,9,2482237,కళ్లజోడు కాదు.. కంప్యూటర్!,కళ్లజోడు కాదు.. కంప్యూటర్!,1.3794879913330078
U318219,242469,10,2482607,కళ్లజోడు కాదు.. కంప్యూటర్!,కళ్లజోడు కాదు.. కంప్యూటర్!,1.3794879913330078
U323356,248177,1,2527035,బరువు పెరగాలంటే..! ,బరువు పెరగాలంటే..!,5.778185844421387
U323356,248177,2,2514928,ఇలా చేస్తే మెదడుకు హాని,ఇలా చేస్తే మెదడుకు హాని,5.772080421447754
U323356,248177,3,2514604,ఇలా చేస్తే మెదడుకు హాని,ఇలా చేస్తే మెదడుకు హాని,5.772080421447754
U323356,248177,4,2514456,ఇలా చేస్తే మెదడుకు హాని,ఇలా చేస్తే మెదడుకు హాని,5.772080421447754
U323356,248177,5,2504853,ఇన్ఫ్లమేషన్ ,ఇన్ఫ్లమేషన్,5.770392417907715
U323356,248177,6,2508045,బరువు తగ్గండిలా...,బరువు తగ్గండిలా...,5.770137310028076
U323356,248177,7,2507941,బరువు తగ్గండిలా...,బరువు తగ్గండిలా...,5.770137310028076
U323356,248177,8,2508244,బరువు తగ్గండిలా...,బరువు తగ్గండిలా...,5.770137310028076
U323356,248177,9,2528217,పండ్లు పరిమితంగానే...                        ,పండ్లు పరిమితంగానే...,5.769546031951904
U323356,248177,10,2527643,పండ్లు పరిమితంగానే...                        ,పండ్లు పరిమితంగానే...,5.769546031951904
U32363,248481,1,2483429,పండగ సీజన్పై ‘ఆటో’ ఆశలు,పండగ సీజన్పై ‘ఆటో’ ఆశలు,2.86409068107605
U32363,248481,2,2483772,పండగ సీజన్పై ‘ఆటో’ ఆశలు,పండగ సీజన్పై ‘ఆటో’ ఆశలు,2.86409068107605
U32363,248481,3,2483501,పండగ సీజన్పై ‘ఆటో’ ఆశలు,పండగ సీజన్పై ‘ఆటో’ ఆశలు,2.86409068107605
U32363,248481,4,2522969,స్కోడా కైలాక్ బుకింగ్స్ షురూ,స్కోడా కైలాక్ బుకింగ్స్ షురూ,2.8585214614868164
U32363,248481,5,2523399,స్కోడా కైలాక్ బుకింగ్స్ షురూ,స్కోడా కైలాక్ బుకింగ్స్ షురూ,2.8585214614868164
U32363,248481,6,2523169,స్కోడా కైలాక్ బుకింగ్స్ షురూ,స్కోడా కైలాక్ బుకింగ్స్ షురూ,2.8585214614868164
U32363,248481,7,2524477,హోండా అమేజ్ కొత్త వెర్షన్,హోండా అమేజ్ కొత్త వెర్షన్,2.847139358520508
U32363,248481,8,2524737,హోండా అమేజ్ కొత్త వెర్షన్,హోండా అమేజ్ కొత్త వెర్షన్,2.847139358520508
U32363,248481,9,2524309,హోండా అమేజ్ కొత్త వెర్షన్,హోండా అమేజ్ కొత్త వెర్షన్,2.847139358520508
U32363,248481,10,2510782,మారుతి సుజుకి ’న్యూ ఆల్ డిజైర్’ కారు విడుదల,మారుతి సుజుకి ’న్యూ ఆల్ డిజైర్’ కారు విడుదల,2.8340747356414795
U324233,249152,1,2507149,ఇలా అలంకరిస్తే ,ఇలా అలంకరిస్తే,3.2691543102264404
U324233,249152,2,2507430,ఇలా అలంకరిస్తే ,ఇలా అలంకరిస్తే,3.2691543102264404
U324233,249152,3,2507347,ఇలా అలంకరిస్తే ,ఇలా అలంకరిస్తే,3.2691543102264404
U324233,249152,4,2541361,ఇంటిని అందంగా అలంకరిద్దాం!,ఇంటిని అందంగా అలంకరిద్దాం!,3.251223087310791
U324233,249152,5,2505205,ఇల్లు విలాసవంతంగా,ఇల్లు విలాసవంతంగా,3.242539644241333
U324233,249152,6,2505382,ఇల్లు విలాసవంతంగా,ఇల్లు విలాసవంతంగా,3.242539644241333
U324233,249152,7,2541389,అందంగా అలంకరిద్దాం!,అందంగా అలంకరిద్దాం!,3.2278366088867188
U324233,249152,8,2492910,ఆర్గంజా అదరహో... ,ఆర్గంజా అదరహో...,3.2217822074890137
U324233,249152,9,2514457,పిల్లలు ఎవరితోనూ కలవడం లేదా?,పిల్లలు ఎవరితోనూ కలవడం లేదా?,3.145047664642334
U324233,249152,10,2514929,పిల్లలు ఎవరితోనూ కలవడం లేదా?,పిల్లలు ఎవరితోనూ కలవడం లేదా?,3.145047664642334
U325505,250565,1,2507149,ఇలా అలంకరిస్తే ,ఇలా అలంకరిస్తే,2.826772689819336
U325505,250565,2,2507347,ఇలా అలంకరిస్తే ,ఇలా అలంకరిస్తే,2.826772689819336
U325505,250565,3,2507430,ఇలా అలంకరిస్తే ,ఇలా అలంకరిస్తే,2.826772689819336
U325505,250565,4,2492910,ఆర్గంజా అదరహో... ,ఆర్గంజా అదరహో...,2.80106520652771
U325505,250565,5,2541361,ఇంటిని అందంగా అలంకరిద్దాం!,ఇంటిని అందంగా అలంకరిద్దాం!,2.7785427570343018
U325505,250565,6,2505382,ఇల్లు విలాసవంతంగా,ఇల్లు విలాసవంతంగా,2.74863862991333
U325505,250565,7,2505205,ఇల్లు విలాసవంతంగా,ఇల్లు విలాసవంతంగా,2.74863862991333
U325505,250565,8,2541389,అందంగా అలంకరిద్దాం!,అందంగా అలంకరిద్దాం!,2.745593547821045
U325505,250565,9,2542748,మనం స్వేచ్ఛగానే ఉన్నామా?,మనం స్వేచ్ఛగానే ఉన్నామా?,2.6940395832061768
U325505,250565,10,2514605,పిల్లలు ఎవరితోనూ కలవడం లేదా?,పిల్లలు ఎవరితోనూ కలవడం లేదా?,2.6736900806427
U326696,251887,1,723423,Blur : ముగిసిన ' బ్లర్ ' చిత్రీకరణ,Blur : ముగిసిన ' బ్లర్ ' చిత్రీకరణ,3.9884393215179443
U326696,251887,2,2536984, అధికంగా టిక్కెట్లు అమ్ముడైన సినిమాలు,అధికంగా టిక్కెట్లు అమ్ముడైన సినిమాలు,3.9849767684936523
U326696,251887,3,2536886, అధికంగా టిక్కెట్లు అమ్ముడైన సినిమాలు,అధికంగా టిక్కెట్లు అమ్ముడైన సినిమాలు,3.9849767684936523
U326696,251887,4,2540424,రొమాంటిక్ ఎంటర్టైనర్,రొమాంటిక్ ఎంటర్టైనర్,3.983354091644287
U326696,251887,5,2540458,రొమాంటిక్ ఎంటర్టైనర్,రొమాంటిక్ ఎంటర్టైనర్,3.983354091644287
U326696,251887,6,2540403,రొమాంటిక్ ఎంటర్టైనర్,రొమాంటిక్ ఎంటర్టైనర్,3.983354091644287
U326696,251887,7,2501479,క్రిస్మస్ కోసం సిద్ధం,క్రిస్మస్ కోసం సిద్ధం,3.981717109680176
U326696,251887,8,2501622,క్రిస్మస్ కోసం సిద్ధం,క్రిస్మస్ కోసం సిద్ధం,3.981717109680176
U326696,251887,9,2501726,క్రిస్మస్ కోసం సిద్ధం,క్రిస్మస్ కోసం సిద్ధం,3.981717109680176
U326696,251887,10,668574,‘స్టూడెంట్ ఆఫ్ ద ఇయర్ 2’  సినిమా ట్రైలర్ విడుదల,‘స్టూడెంట్ ఆఫ్ ద ఇయర్ 2’ సినిమా ట్రైలర్ విడుదల,3.9815502166748047
U327210,252460,1,723423,Blur : ముగిసిన ' బ్లర్ ' చిత్రీకరణ,Blur : ముగిసిన ' బ్లర్ ' చిత్రీకరణ,2.8764233589172363
U327210,252460,2,666637,రానా ' హిరణ్య కశ్యప’ మూవీ నుంచి లేటెస్ట్ అప్డేట్ !,రానా ' హిరణ్య కశ్యప’ మూవీ నుంచి లేటెస్ట్ అప్డేట్ !,2.872365951538086
U327210,252460,3,800065,‘మహానటి’ రిలీజ్ డేట్ ఫిక్స్,‘మహానటి’ రిలీజ్ డేట్ ఫిక్స్,2.8687047958374023
U327210,252460,4,2540424,రొమాంటిక్ ఎంటర్టైనర్,రొమాంటిక్ ఎంటర్టైనర్,2.867781639099121
U327210,252460,5,2540458,రొమాంటిక్ ఎంటర్టైనర్,రొమాంటిక్ ఎంటర్టైనర్,2.867781639099121
U327210,252460,6,2540403,రొమాంటిక్ ఎంటర్టైనర్,రొమాంటిక్ ఎంటర్టైనర్,2.867781639099121
U327210,252460,7,468101,' తిమ్మరుసు ' విడుదలకు రెడీ,' తిమ్మరుసు ' విడుదలకు రెడీ,2.8675858974456787
U327210,252460,8,2493133,థ్రిల్ ఇచ్చే డీల్,థ్రిల్ ఇచ్చే డీల్,2.8655221462249756
U327210,252460,9,2493360,థ్రిల్ ఇచ్చే డీల్,థ్రిల్ ఇచ్చే డీల్,2.8655221462249756
U327210,252460,10,2493002,థ్రిల్ ఇచ్చే డీల్,థ్రిల్ ఇచ్చే డీల్,2.8655221462249756
U328662,254072,1,666456,ఇప్పట్లో ధోనీ రిటైర్ అవ్వడు : ఎమ్మెస్కే,ఇప్పట్లో ధోనీ రిటైర్ అవ్వడు : ఎమ్మెస్కే,3.480343818664551
U328662,254072,2,2529927,ఆకాశ్దీప్ ఆడేనా?,ఆకాశ్దీప్ ఆడేనా?,3.4802677631378174
U328662,254072,3,2529957,ఆకాశ్దీప్ ఆడేనా?,ఆకాశ్దీప్ ఆడేనా?,3.4802677631378174
U328662,254072,4,2530007,ఆకాశ్దీప్ ఆడేనా?,ఆకాశ్దీప్ ఆడేనా?,3.4802677631378174
U328662,254072,5,540597,వెస్టిండీస్ పర్యటనకు భారత జట్టు ప్రకటన,వెస్టిండీస్ పర్యటనకు భారత జట్టు ప్రకటన,3.4802589416503906
U328662,254072,6,2543414,రోహిత్కు ముందే చెప్పేశారా?,రోహిత్కు ముందే చెప్పేశారా?,3.479811906814575
U328662,254072,7,2543335,రోహిత్కు ముందే చెప్పేశారా?,రోహిత్కు ముందే చెప్పేశారా?,3.479811906814575
U328662,254072,8,2542932,రోహిత్కు ముందే చెప్పేశారా?,రోహిత్కు ముందే చెప్పేశారా?,3.479811906814575
U328662,254072,9,2509453, బుమ్రాకే పగ్గాలు!,బుమ్రాకే పగ్గాలు!,3.4796268939971924
U328662,254072,10,2509639, బుమ్రాకే పగ్గాలు!,బుమ్రాకే పగ్గాలు!,3.4796268939971924
U329835,255375,1,540597,వెస్టిండీస్ పర్యటనకు భారత జట్టు ప్రకటన,వెస్టిండీస్ పర్యటనకు భారత జట్టు ప్రకటన,3.140094041824341
U329835,255375,2,666456,ఇప్పట్లో ధోనీ రిటైర్ అవ్వడు : ఎమ్మెస్కే,ఇప్పట్లో ధోనీ రిటైర్ అవ్వడు : ఎమ్మెస్కే,3.1400816440582275
U329835,255375,3,2529957,ఆకాశ్దీప్ ఆడేనా?,ఆకాశ్దీప్ ఆడేనా?,3.1400067806243896
U329835,255375,4,2529927,ఆకాశ్దీప్ ఆడేనా?,ఆకాశ్దీప్ ఆడేనా?,3.1400067806243896
U329835,255375,5,2530007,ఆకాశ్దీప్ ఆడేనా?,ఆకాశ్దీప్ ఆడేనా?,3.1400067806243896
U329835,255375,6,2509585, బుమ్రాకే పగ్గాలు!,బుమ్రాకే పగ్గాలు!,3.139786958694458
U329835,255375,7,2509639, బుమ్రాకే పగ్గాలు!,బుమ్రాకే పగ్గాలు!,3.139786958694458
U329835,255375,8,2509453, బుమ్రాకే పగ్గాలు!,బుమ్రాకే పగ్గాలు!,3.139786958694458
U329835,255375,9,2533304,రిటైర్మెంట్కిదా సమయం: సన్నీ,రిటైర్మెంట్కిదా సమయం: సన్నీ,3.1397790908813477
U329835,255375,10,2533416,రిటైర్మెంట్కిదా సమయం: సన్నీ,రిటైర్మెంట్కిదా సమయం: సన్నీ,3.1397790908813477
U329958,255511,1,666456,ఇప్పట్లో ధోనీ రిటైర్ అవ్వడు : ఎమ్మెస్కే,ఇప్పట్లో ధోనీ రిటైర్ అవ్వడు : ఎమ్మెస్కే,2.6931161880493164
U329958,255511,2,540597,వెస్టిండీస్ పర్యటనకు భారత జట్టు ప్రకటన,వెస్టిండీస్ పర్యటనకు భారత జట్టు ప్రకటన,2.693054437637329
U329958,255511,3,2529927,ఆకాశ్దీప్ ఆడేనా?,ఆకాశ్దీప్ ఆడేనా?,2.6929819583892822
U329958,255511,4,2529957,ఆకాశ్దీప్ ఆడేనా?,ఆకాశ్దీప్ ఆడేనా?,2.6929819583892822
U329958,255511,5,2530007,ఆకాశ్దీప్ ఆడేనా?,ఆకాశ్దీప్ ఆడేనా?,2.6929819583892822
U329958,255511,6,2544674,‘రిజర్వ్’ పేస్లో ,‘రిజర్వ్’ పేస్లో,2.692779541015625
U329958,255511,7,2545264,‘రిజర్వ్’ పేస్లో ,‘రిజర్వ్’ పేస్లో,2.692779541015625
U329958,255511,8,2544989,‘రిజర్వ్’ పేస్లో ,‘రిజర్వ్’ పేస్లో,2.692779541015625
U329958,255511,9,2509453, బుమ్రాకే పగ్గాలు!,బుమ్రాకే పగ్గాలు!,2.692758083343506
U329958,255511,10,2509585, బుమ్రాకే పగ్గాలు!,బుమ్రాకే పగ్గాలు!,2.692758083343506
U332236,258044,1,666456,ఇప్పట్లో ధోనీ రిటైర్ అవ్వడు : ఎమ్మెస్కే,ఇప్పట్లో ధోనీ రిటైర్ అవ్వడు : ఎమ్మెస్కే,6.367578983306885
U332236,258044,2,2530007,ఆకాశ్దీప్ ఆడేనా?,ఆకాశ్దీప్ ఆడేనా?,6.367416858673096
U332236,258044,3,2529957,ఆకాశ్దీప్ ఆడేనా?,ఆకాశ్దీప్ ఆడేనా?,6.367416858673096
U332236,258044,4,2529927,ఆకాశ్దీప్ ఆడేనా?,ఆకాశ్దీప్ ఆడేనా?,6.367416858673096
U332236,258044,5,540597,వెస్టిండీస్ పర్యటనకు భారత జట్టు ప్రకటన,వెస్టిండీస్ పర్యటనకు భారత జట్టు ప్రకటన,6.367387771606445
U332236,258044,6,2543414,రోహిత్కు ముందే చెప్పేశారా?,రోహిత్కు ముందే చెప్పేశారా?,6.366714954376221
U332236,258044,7,2543335,రోహిత్కు ముందే చెప్పేశారా?,రోహిత్కు ముందే చెప్పేశారా?,6.366714954376221
U332236,258044,8,2542932,రోహిత్కు ముందే చెప్పేశారా?,రోహిత్కు ముందే చెప్పేశారా?,6.366714954376221
U332236,258044,9,2509639, బుమ్రాకే పగ్గాలు!,బుమ్రాకే పగ్గాలు!,6.366517066955566
U332236,258044,10,2509585, బుమ్రాకే పగ్గాలు!,బుమ్రాకే పగ్గాలు!,6.366517066955566
U332909,258791,1,728477,నేటి వాతావరణ సమాచారం,నేటి వాతావరణ సమాచారం,8.362317085266113
U332909,258791,2,2543538,గజగజ,గజగజ,8.3603515625
U332909,258791,3,2543662,గజగజ,గజగజ,8.3603515625
U332909,258791,4,2503064,ఈ నెల చలి తక్కువే!,ఈ నెల చలి తక్కువే!,8.359784126281738
U332909,258791,5,2502865,ఈ నెల చలి తక్కువే!,ఈ నెల చలి తక్కువే!,8.359784126281738
U332909,258791,6,2529776,"ఏజెన్సీలు గజగజపడిపోయిన ఉష్ణోగ్రతలు,  కమ్మేస్తున్న పొగమంచు","ఏజెన్సీలు గజగజపడిపోయిన ఉష్ణోగ్రతలు, కమ్మేస్తున్న పొగమంచు",8.359538078308105
U332909,258791,7,2529663,"ఏజెన్సీలు గజగజపడిపోయిన ఉష్ణోగ్రతలు,  కమ్మేస్తున్న పొగమంచు","ఏజెన్సీలు గజగజపడిపోయిన ఉష్ణోగ్రతలు, కమ్మేస్తున్న పొగమంచు",8.359538078308105
U332909,258791,8,2543983,ఏజెనీ్స గజగజ ,ఏజెనీ్స గజగజ,8.359294891357422
U332909,258791,9,2507298,వేడీ ఎక్కువే.. చలీ ఎక్కువే! ,వేడీ ఎక్కువే.. చలీ ఎక్కువే!,8.358813285827637
U332909,258791,10,2507247,వేడీ ఎక్కువే.. చలీ ఎక్కువే! ,వేడీ ఎక్కువే.. చలీ ఎక్కువే!,8.358813285827637
U337523,263918,1,2507285,కేటీఆర్.. యాక్టింగ్ సీఎం ,కేటీఆర్.. యాక్టింగ్ సీఎం,3.8562002182006836
U337523,263918,2,2507102,కేటీఆర్.. యాక్టింగ్ సీఎం ,కేటీఆర్.. యాక్టింగ్ సీఎం,3.8562002182006836
U337523,263918,3,2517423,చంద్రబాబు చేతికి జగన్ జుత్తు!,చంద్రబాబు చేతికి జగన్ జుత్తు!,3.808622360229492
U337523,263918,4,2509894,రేవంత్ది అబద్ధాల ప్రచారం,రేవంత్ది అబద్ధాల ప్రచారం,3.8041512966156006
U337523,263918,5,2509763,రేవంత్ది అబద్ధాల ప్రచారం,రేవంత్ది అబద్ధాల ప్రచారం,3.8041512966156006
U337523,263918,6,2516143,"అదానీతో బీజేపీ, కాంగ్రెస్ అనుబంధం  దేశానికే అవమానం: కేటీఆర్","అదానీతో బీజేపీ, కాంగ్రెస్ అనుబంధం దేశానికే అవమానం: కేటీఆర్",3.798267126083374
U337523,263918,7,2517772,మోసం చేసి.. విజయోత్సవాలా?,మోసం చేసి.. విజయోత్సవాలా?,3.785310983657837
U337523,263918,8,2517661,మోసం చేసి.. విజయోత్సవాలా?,మోసం చేసి.. విజయోత్సవాలా?,3.785310983657837
U337523,263918,9,2496845,కేటీఆర్.. నువ్వో బేవకూఫ్ ,కేటీఆర్.. నువ్వో బేవకూఫ్,3.7790513038635254
U337523,263918,10,2496892,కేటీఆర్.. నువ్వో బేవకూఫ్ ,కేటీఆర్.. నువ్వో బేవకూఫ్,3.7790513038635254
U338386,264876,1,2507149,ఇలా అలంకరిస్తే ,ఇలా అలంకరిస్తే,2.7691333293914795
U338386,264876,2,2507347,ఇలా అలంకరిస్తే ,ఇలా అలంకరిస్తే,2.7691333293914795
U338386,264876,3,2507430,ఇలా అలంకరిస్తే ,ఇలా అలంకరిస్తే,2.7691333293914795
U338386,264876,4,2492910,ఆర్గంజా అదరహో... ,ఆర్గంజా అదరహో...,2.760524272918701
U338386,264876,5,2541361,ఇంటిని అందంగా అలంకరిద్దాం!,ఇంటిని అందంగా అలంకరిద్దాం!,2.7037012577056885
U338386,264876,6,386042,‘మాస్టర్ చెఫ్’కి హోస్ట్ గా తమన్నా !,‘మాస్టర్ చెఫ్’కి హోస్ట్ గా తమన్నా !,2.6981966495513916
U338386,264876,7,2541389,అందంగా అలంకరిద్దాం!,అందంగా అలంకరిద్దాం!,2.662976026535034
U338386,264876,8,2505382,ఇల్లు విలాసవంతంగా,ఇల్లు విలాసవంతంగా,2.655224323272705
U338386,264876,9,2505205,ఇల్లు విలాసవంతంగా,ఇల్లు విలాసవంతంగా,2.655224323272705
U338386,264876,10,2542748,మనం స్వేచ్ఛగానే ఉన్నామా?,మనం స్వేచ్ఛగానే ఉన్నామా?,2.6240649223327637
U341497,268333,1,2527035,బరువు పెరగాలంటే..! ,బరువు పెరగాలంటే..!,3.7432165145874023
U341497,268333,2,2514604,ఇలా చేస్తే మెదడుకు హాని,ఇలా చేస్తే మెదడుకు హాని,3.739908456802368
U341497,268333,3,2514928,ఇలా చేస్తే మెదడుకు హాని,ఇలా చేస్తే మెదడుకు హాని,3.739908456802368
U341497,268333,4,2514456,ఇలా చేస్తే మెదడుకు హాని,ఇలా చేస్తే మెదడుకు హాని,3.739908456802368
U341497,268333,5,2508244,బరువు తగ్గండిలా...,బరువు తగ్గండిలా...,3.7389132976531982
U341497,268333,6,2507941,బరువు తగ్గండిలా...,బరువు తగ్గండిలా...,3.7389132976531982
U341497,268333,7,2508045,బరువు తగ్గండిలా...,బరువు తగ్గండిలా...,3.7389132976531982
U341497,268333,8,2504853,ఇన్ఫ్లమేషన్ ,ఇన్ఫ్లమేషన్,3.738539934158325
U341497,268333,9,2528217,పండ్లు పరిమితంగానే...                        ,పండ్లు పరిమితంగానే...,3.738032579421997
U341497,268333,10,2527869,పండ్లు పరిమితంగానే...                        ,పండ్లు పరిమితంగానే...,3.738032579421997
U342487,269433,1,2483635,కాఫీ సందేశ్!,కాఫీ సందేశ్!,3.4301187992095947
U342487,269433,2,2483620,కాఫీ సందేశ్!,కాఫీ సందేశ్!,3.4301187992095947
U342487,269433,3,2483693,కాఫీ సందేశ్!,కాఫీ సందేశ్!,3.4301187992095947
U342487,269433,4,2526063,చలి కాలంలో,చలి కాలంలో,3.428476572036743
U342487,269433,5,2525927,చలి కాలంలో,చలి కాలంలో,3.428476572036743
U342487,269433,6,2494615,రుచికి రుచి,రుచికి రుచి,3.3910939693450928
U342487,269433,7,2494245,రుచికి రుచి,రుచికి రుచి,3.3910939693450928
U342487,269433,8,2516579,శీతాకాలంవేడి వేడిగా..!,శీతాకాలంవేడి వేడిగా..!,3.3810877799987793
U342487,269433,9,2521059,చపాతీలతో తింటే భలే రుచి,చపాతీలతో తింటే భలే రుచి,3.381028413772583
U342487,269433,10,2502885,ఆప్రికాట్ డిలైట్,ఆప్రికాట్ డిలైట్,3.3784565925598145
U345094,272330,1,2515095,ఈ చిట్టి.. జగజ్జెట్టి,ఈ చిట్టి.. జగజ్జెట్టి,4.428800106048584
U345094,272330,2,2515330,ఈ చిట్టి.. జగజ్జెట్టి,ఈ చిట్టి.. జగజ్జెట్టి,4.428800106048584
U345094,272330,3,295510,స్వాతంత్ర్య వేడుకల్లో అల్లు అర్జున్ కొడుకు అయాన్ ( ఫోటోస్ ),స్వాతంత్ర్య వేడుకల్లో అల్లు అర్జున్ కొడుకు అయాన్ ( ఫోటోస్ ),4.293172836303711
U345094,272330,4,876219,ప్రాణాలు కోసం… ఎలుగుబంటి నాలుకను ఊడొచ్చేలా కొరికాడు,ప్రాణాలు కోసం… ఎలుగుబంటి నాలుకను ఊడొచ్చేలా కొరికాడు,4.149871349334717
U345094,272330,5,2511737,‘డాకు మహారాజ్’గా బాలకృష్ణ,‘డాకు మహారాజ్’గా బాలకృష్ణ,4.133281707763672
U345094,272330,6,702097,పబ్లిక్ లో సోనమ్ కపూర్ ప్యాంట్ జారిపోయింది,పబ్లిక్ లో సోనమ్ కపూర్ ప్యాంట్ జారిపోయింది,4.130160808563232
U345094,272330,7,756115,స్విమ్మింగ్ఫూల్ బాలీవుడ్ బ్యూటీ మలైకా అరోరా,స్విమ్మింగ్ఫూల్ బాలీవుడ్ బ్యూటీ మలైకా అరోరా,4.122270107269287
U345094,272330,8,2505968,సరదాగా రానా.. ఘాటుగా హరీశ్శంకర్!,సరదాగా రానా.. ఘాటుగా హరీశ్శంకర్!,4.0954790115356445
U345094,272330,9,2505866,సరదాగా రానా.. ఘాటుగా హరీశ్శంకర్!,సరదాగా రానా.. ఘాటుగా హరీశ్శంకర్!,4.0954790115356445
U345094,272330,10,2506011,సరదాగా రానా.. ఘాటుగా హరీశ్శంకర్!,సరదాగా రానా.. ఘాటుగా హరీశ్శంకర్!,4.0954790115356445
U345391,272660,1,2515095,ఈ చిట్టి.. జగజ్జెట్టి,ఈ చిట్టి.. జగజ్జెట్టి,2.244074821472168
U345391,272660,2,2515330,ఈ చిట్టి.. జగజ్జెట్టి,ఈ చిట్టి.. జగజ్జెట్టి,2.244074821472168
U345391,272660,3,295510,స్వాతంత్ర్య వేడుకల్లో అల్లు అర్జున్ కొడుకు అయాన్ ( ఫోటోస్ ),స్వాతంత్ర్య వేడుకల్లో అల్లు అర్జున్ కొడుకు అయాన్ ( ఫోటోస్ ),2.1976516246795654
U345391,272660,4,385068,డ్యాన్స్ అదరగొట్టిన పూజ హెగ్డే,డ్యాన్స్ అదరగొట్టిన పూజ హెగ్డే,2.155951738357544
U345391,272660,5,2528868,జమిలిపై ముందుకు!,జమిలిపై ముందుకు!,2.1340267658233643
U345391,272660,6,2505621,25 నుంచి పార్లమెంటు శీతాకాల సమావేశాలు,25 నుంచి పార్లమెంటు శీతాకాల సమావేశాలు,2.127152442932129
U345391,272660,7,489212,నాన్ స్టాప్గా మాట్లాడుతుంది : మనవరాలు ఆరాధ్యపై అమితాబ్,నాన్ స్టాప్గా మాట్లాడుతుంది : మనవరాలు ఆరాధ్యపై అమితాబ్,2.119050979614258
U345391,272660,8,2517765,పార్లమెంటు ముందుకు,పార్లమెంటు ముందుకు,2.1150639057159424
U345391,272660,9,2518106,పార్లమెంటు ముందుకు,పార్లమెంటు ముందుకు,2.1150639057159424
U345391,272660,10,756115,స్విమ్మింగ్ఫూల్ బాలీవుడ్ బ్యూటీ మలైకా అరోరా,స్విమ్మింగ్ఫూల్ బాలీవుడ్ బ్యూటీ మలైకా అరోరా,2.1110687255859375
U346896,274331,1,2527035,బరువు పెరగాలంటే..! ,బరువు పెరగాలంటే..!,2.980116605758667
U346896,274331,2,2514456,ఇలా చేస్తే మెదడుకు హాని,ఇలా చేస్తే మెదడుకు హాని,2.976604461669922
U346896,274331,3,2514928,ఇలా చేస్తే మెదడుకు హాని,ఇలా చేస్తే మెదడుకు హాని,2.976604461669922
U346896,274331,4,2514604,ఇలా చేస్తే మెదడుకు హాని,ఇలా చేస్తే మెదడుకు హాని,2.976604461669922
U346896,274331,5,2504853,ఇన్ఫ్లమేషన్ ,ఇన్ఫ్లమేషన్,2.976492166519165
U346896,274331,6,2508244,బరువు తగ్గండిలా...,బరువు తగ్గండిలా...,2.9763991832733154
U346896,274331,7,2507941,బరువు తగ్గండిలా...,బరువు తగ్గండిలా...,2.9763991832733154
U346896,274331,8,2508045,బరువు తగ్గండిలా...,బరువు తగ్గండిలా...,2.9763991832733154
U346896,274331,9,2527643,పండ్లు పరిమితంగానే...                        ,పండ్లు పరిమితంగానే...,2.975856304168701
U346896,274331,10,2527869,పండ్లు పరిమితంగానే...                        ,పండ్లు పరిమితంగానే...,2.975856304168701
U355178,283534,1,2527035,బరువు పెరగాలంటే..! ,బరువు పెరగాలంటే..!,4.589297771453857
U355178,283534,2,2514456,ఇలా చేస్తే మెదడుకు హాని,ఇలా చేస్తే మెదడుకు హాని,4.586400508880615
U355178,283534,3,2514604,ఇలా చేస్తే మెదడుకు హాని,ఇలా చేస్తే మెదడుకు హాని,4.586400508880615
U355178,283534,4,2514928,ఇలా చేస్తే మెదడుకు హాని,ఇలా చేస్తే మెదడుకు హాని,4.586400508880615
U355178,283534,5,2504853,ఇన్ఫ్లమేషన్ ,ఇన్ఫ్లమేషన్,4.582742691040039
U355178,283534,6,2508244,బరువు తగ్గండిలా...,బరువు తగ్గండిలా...,4.582571506500244
U355178,283534,7,2508045,బరువు తగ్గండిలా...,బరువు తగ్గండిలా...,4.582571506500244
U355178,283534,8,2507941,బరువు తగ్గండిలా...,బరువు తగ్గండిలా...,4.582571506500244
U355178,283534,9,2527643,పండ్లు పరిమితంగానే...                        ,పండ్లు పరిమితంగానే...,4.5811543464660645
U355178,283534,10,2528217,పండ్లు పరిమితంగానే...                        ,పండ్లు పరిమితంగానే...,4.5811543464660645
U356204,284675,1,2535594,మళ్లీ వస్తోన్న స్క్విడ్ గేమ్,మళ్లీ వస్తోన్న స్క్విడ్ గేమ్,3.6740095615386963
U356204,284675,2,2533806,రచయిత ‘కాటూరు’ అస్తమయం ,రచయిత ‘కాటూరు’ అస్తమయం,3.156996250152588
U356204,284675,3,2543810,"సినిమాలో కథ, కథనం బాగుంటేనే ఆదరణ","సినిమాలో కథ, కథనం బాగుంటేనే ఆదరణ",2.950768232345581
U356204,284675,4,359531,"‘బాహుబల్’ యానిమేటెడ్ సిరీస్ ఫస్ట్ లుక్ , టీజర్ రిలీజ్","‘బాహుబల్’ యానిమేటెడ్ సిరీస్ ఫస్ట్ లుక్ , టీజర్ రిలీజ్",2.8715708255767822
U356204,284675,5,576164,యూత్ఫుల్ లవ్ ఎంటర్టైనర్,యూత్ఫుల్ లవ్ ఎంటర్టైనర్,2.8029160499572754
U356204,284675,6,773879,2012 లో సిద్దార్ధ వి ఐదు రిలీజ్ లు,2012 లో సిద్దార్ధ వి ఐదు రిలీజ్ లు,2.7820546627044678
U356204,284675,7,874252,మార్జావాన్ – ఫస్ట్ లుక్,మార్జావాన్ – ఫస్ట్ లుక్,2.7721827030181885
U356204,284675,8,812682,ఉప్పెనలా రాబోతున్న విజయ్ సేతుపతి .. సమ్మర్ లోనే 4 సినిమాలు !,ఉప్పెనలా రాబోతున్న విజయ్ సేతుపతి .. సమ్మర్ లోనే 4 సినిమాలు !,2.764615297317505
U356204,284675,9,2536984, అధికంగా టిక్కెట్లు అమ్ముడైన సినిమాలు,అధికంగా టిక్కెట్లు అమ్ముడైన సినిమాలు,2.7626876831054688
U356204,284675,10,2536886, అధికంగా టిక్కెట్లు అమ్ముడైన సినిమాలు,అధికంగా టిక్కెట్లు అమ్ముడైన సినిమాలు,2.7626876831054688
U356567,285077,1,2483501,పండగ సీజన్పై ‘ఆటో’ ఆశలు,పండగ సీజన్పై ‘ఆటో’ ఆశలు,2.897434949874878
U356567,285077,2,2483429,పండగ సీజన్పై ‘ఆటో’ ఆశలు,పండగ సీజన్పై ‘ఆటో’ ఆశలు,2.897434949874878
U356567,285077,3,2483772,పండగ సీజన్పై ‘ఆటో’ ఆశలు,పండగ సీజన్పై ‘ఆటో’ ఆశలు,2.897434949874878
U356567,285077,4,2523169,స్కోడా కైలాక్ బుకింగ్స్ షురూ,స్కోడా కైలాక్ బుకింగ్స్ షురూ,2.89251446723938
U356567,285077,5,2523399,స్కోడా కైలాక్ బుకింగ్స్ షురూ,స్కోడా కైలాక్ బుకింగ్స్ షురూ,2.89251446723938
U356567,285077,6,2522969,స్కోడా కైలాక్ బుకింగ్స్ షురూ,స్కోడా కైలాక్ బుకింగ్స్ షురూ,2.89251446723938
U356567,285077,7,2524737,హోండా అమేజ్ కొత్త వెర్షన్,హోండా అమేజ్ కొత్త వెర్షన్,2.881535053253174
U356567,285077,8,2524309,హోండా అమేజ్ కొత్త వెర్షన్,హోండా అమేజ్ కొత్త వెర్షన్,2.881535053253174
U356567,285077,9,2524477,హోండా అమేజ్ కొత్త వెర్షన్,హోండా అమేజ్ కొత్త వెర్షన్,2.881535053253174
U356567,285077,10,2510782,మారుతి సుజుకి ’న్యూ ఆల్ డిజైర్’ కారు విడుదల,మారుతి సుజుకి ’న్యూ ఆల్ డిజైర్’ కారు విడుదల,2.870187759399414
U357766,286409,1,2483429,పండగ సీజన్పై ‘ఆటో’ ఆశలు,పండగ సీజన్పై ‘ఆటో’ ఆశలు,5.867099761962891
U357766,286409,2,2483772,పండగ సీజన్పై ‘ఆటో’ ఆశలు,పండగ సీజన్పై ‘ఆటో’ ఆశలు,5.867099761962891
U357766,286409,3,2483501,పండగ సీజన్పై ‘ఆటో’ ఆశలు,పండగ సీజన్పై ‘ఆటో’ ఆశలు,5.867099761962891
U357766,286409,4,2523169,స్కోడా కైలాక్ బుకింగ్స్ షురూ,స్కోడా కైలాక్ బుకింగ్స్ షురూ,5.85862922668457
U357766,286409,5,2523399,స్కోడా కైలాక్ బుకింగ్స్ షురూ,స్కోడా కైలాక్ బుకింగ్స్ షురూ,5.85862922668457
U357766,286409,6,2522969,స్కోడా కైలాక్ బుకింగ్స్ షురూ,స్కోడా కైలాక్ బుకింగ్స్ షురూ,5.85862922668457
U357766,286409,7,2524737,హోండా అమేజ్ కొత్త వెర్షన్,హోండా అమేజ్ కొత్త వెర్షన్,5.8397016525268555
U357766,286409,8,2524309,హోండా అమేజ్ కొత్త వెర్షన్,హోండా అమేజ్ కొత్త వెర్షన్,5.8397016525268555
U357766,286409,9,2524477,హోండా అమేజ్ కొత్త వెర్షన్,హోండా అమేజ్ కొత్త వెర్షన్,5.8397016525268555
U357766,286409,10,2510782,మారుతి సుజుకి ’న్యూ ఆల్ డిజైర్’ కారు విడుదల,మారుతి సుజుకి ’న్యూ ఆల్ డిజైర్’ కారు విడుదల,5.816315650939941
U363636,292932,1,2535594,మళ్లీ వస్తోన్న స్క్విడ్ గేమ్,మళ్లీ వస్తోన్న స్క్విడ్ గేమ్,3.207777500152588
U363636,292932,2,2533806,రచయిత ‘కాటూరు’ అస్తమయం ,రచయిత ‘కాటూరు’ అస్తమయం,2.7837154865264893
U363636,292932,3,386042,‘మాస్టర్ చెఫ్’కి హోస్ట్ గా తమన్నా !,‘మాస్టర్ చెఫ్’కి హోస్ట్ గా తమన్నా !,2.740495204925537
U363636,292932,4,335747,వెబ్ సిరీస్ లోకి హీరో సూర్య ఎంట్రీ,వెబ్ సిరీస్ లోకి హీరో సూర్య ఎంట్రీ,2.6197781562805176
U363636,292932,5,694953,యూట్యూబ్ చానెళ్లపై సమంత పరువు నష్టం దావా,యూట్యూబ్ చానెళ్లపై సమంత పరువు నష్టం దావా,2.5883452892303467
U363636,292932,6,359531,"‘బాహుబల్’ యానిమేటెడ్ సిరీస్ ఫస్ట్ లుక్ , టీజర్ రిలీజ్","‘బాహుబల్’ యానిమేటెడ్ సిరీస్ ఫస్ట్ లుక్ , టీజర్ రిలీజ్",2.5875070095062256
U363636,292932,7,2524584,మహిళ మృతి,మహిళ మృతి,2.529094696044922
U363636,292932,8,2527321,మళ్లీ యాక్షన్ మోడ్లోకి,మళ్లీ యాక్షన్ మోడ్లోకి,2.505725383758545
U363636,292932,9,2527482,మళ్లీ యాక్షన్ మోడ్లోకి,మళ్లీ యాక్షన్ మోడ్లోకి,2.505725383758545
U363636,292932,10,2527432,మళ్లీ యాక్షన్ మోడ్లోకి,మళ్లీ యాక్షన్ మోడ్లోకి,2.505725383758545
U366089,295657,1,723423,Blur : ముగిసిన ' బ్లర్ ' చిత్రీకరణ,Blur : ముగిసిన ' బ్లర్ ' చిత్రీకరణ,3.251278877258301
U366089,295657,2,666637,రానా ' హిరణ్య కశ్యప’ మూవీ నుంచి లేటెస్ట్ అప్డేట్ !,రానా ' హిరణ్య కశ్యప’ మూవీ నుంచి లేటెస్ట్ అప్డేట్ !,3.250882387161255
U366089,295657,3,800065,‘మహానటి’ రిలీజ్ డేట్ ఫిక్స్,‘మహానటి’ రిలీజ్ డేట్ ఫిక్స్,3.2480275630950928
U366089,295657,4,2540424,రొమాంటిక్ ఎంటర్టైనర్,రొమాంటిక్ ఎంటర్టైనర్,3.247953176498413
U366089,295657,5,2540458,రొమాంటిక్ ఎంటర్టైనర్,రొమాంటిక్ ఎంటర్టైనర్,3.247953176498413
U366089,295657,6,2540403,రొమాంటిక్ ఎంటర్టైనర్,రొమాంటిక్ ఎంటర్టైనర్,3.247953176498413
U366089,295657,7,468101,' తిమ్మరుసు ' విడుదలకు రెడీ,' తిమ్మరుసు ' విడుదలకు రెడీ,3.2465107440948486
U366089,295657,8,2493133,థ్రిల్ ఇచ్చే డీల్,థ్రిల్ ఇచ్చే డీల్,3.2459092140197754
U366089,295657,9,2493002,థ్రిల్ ఇచ్చే డీల్,థ్రిల్ ఇచ్చే డీల్,3.2459092140197754
U366089,295657,10,2493360,థ్రిల్ ఇచ్చే డీల్,థ్రిల్ ఇచ్చే డీల్,3.2459092140197754
U366515,296131,1,2528868,జమిలిపై ముందుకు!,జమిలిపై ముందుకు!,1.1488475799560547
U366515,296131,2,2517765,పార్లమెంటు ముందుకు,పార్లమెంటు ముందుకు,1.1342228651046753
U366515,296131,3,2518106,పార్లమెంటు ముందుకు,పార్లమెంటు ముందుకు,1.1342228651046753
U366515,296131,4,2505621,25 నుంచి పార్లమెంటు శీతాకాల సమావేశాలు,25 నుంచి పార్లమెంటు శీతాకాల సమావేశాలు,1.1328433752059937
U366515,296131,5,2518272,పార్లమెంటు ముందుకు,పార్లమెంటు ముందుకు,1.1298637390136719
U366515,296131,6,2517732,పార్లమెంటు ముందుకు 16 బిల్లులు!,పార్లమెంటు ముందుకు 16 బిల్లులు!,1.1209207773208618
U366515,296131,7,2517832,పార్లమెంటు ముందుకు 16 బిల్లులు!,పార్లమెంటు ముందుకు 16 బిల్లులు!,1.1209207773208618
U366515,296131,8,2518049,పార్లమెంటు ముందుకు 16 బిల్లులు!,పార్లమెంటు ముందుకు 16 బిల్లులు!,1.1209207773208618
U366515,296131,9,2527755,ఏపీ కేబినెట్లోకి నాగబాబు!,ఏపీ కేబినెట్లోకి నాగబాబు!,1.1173549890518188
U366515,296131,10,2527970,ఏపీ కేబినెట్లోకి నాగబాబు!,ఏపీ కేబినెట్లోకి నాగబాబు!,1.1173549890518188
U371843,302051,1,2513068,హాట్ హిట్స్,హాట్ హిట్స్,4.352358818054199
U371843,302051,2,2513315,హాట్ హిట్స్,హాట్ హిట్స్,4.352358818054199
U371843,302051,3,2513089,హాట్ హిట్స్,హాట్ హిట్స్,4.352358818054199
U371843,302051,4,2508615,హాట్ హిట్స్ ,హాట్ హిట్స్,4.350862979888916
U371843,302051,5,2508608,హాట్ హిట్స్ ,హాట్ హిట్స్,4.350862979888916
U371843,302051,6,2508601,హాట్ హిట్స్ ,హాట్ హిట్స్,4.350862979888916
U371843,302051,7,2515400,ఆమె కూడా భర్తకు విడాకులు ఇచ్చింది,ఆమె కూడా భర్తకు విడాకులు ఇచ్చింది,4.342712879180908
U371843,302051,8,2515611,ఆమె కూడా భర్తకు విడాకులు ఇచ్చింది,ఆమె కూడా భర్తకు విడాకులు ఇచ్చింది,4.342712879180908
U371843,302051,9,2515130,ఆమె కూడా భర్తకు విడాకులు ఇచ్చింది,ఆమె కూడా భర్తకు విడాకులు ఇచ్చింది,4.342712879180908
U371843,302051,10,2527189,హాట్ హిట్స్,హాట్ హిట్స్,4.327826499938965
U372432,302706,1,728477,నేటి వాతావరణ సమాచారం,నేటి వాతావరణ సమాచారం,2.8488969802856445
U372432,302706,2,2503064,ఈ నెల చలి తక్కువే!,ఈ నెల చలి తక్కువే!,2.8481814861297607
U372432,302706,3,2502865,ఈ నెల చలి తక్కువే!,ఈ నెల చలి తక్కువే!,2.8481814861297607
U372432,302706,4,2543538,గజగజ,గజగజ,2.8481740951538086
U372432,302706,5,2543662,గజగజ,గజగజ,2.8481740951538086
U372432,302706,6,2543983,ఏజెనీ్స గజగజ ,ఏజెనీ్స గజగజ,2.8477084636688232
U372432,302706,7,2524073,ఈసారి చలి తక్కువే: వాతావరణ శాఖ,ఈసారి చలి తక్కువే: వాతావరణ శాఖ,2.847620725631714
U372432,302706,8,2529663,"ఏజెన్సీలు గజగజపడిపోయిన ఉష్ణోగ్రతలు,  కమ్మేస్తున్న పొగమంచు","ఏజెన్సీలు గజగజపడిపోయిన ఉష్ణోగ్రతలు, కమ్మేస్తున్న పొగమంచు",2.847607135772705
U372432,302706,9,2529776,"ఏజెన్సీలు గజగజపడిపోయిన ఉష్ణోగ్రతలు,  కమ్మేస్తున్న పొగమంచు","ఏజెన్సీలు గజగజపడిపోయిన ఉష్ణోగ్రతలు, కమ్మేస్తున్న పొగమంచు",2.847607135772705
U372432,302706,10,2507247,వేడీ ఎక్కువే.. చలీ ఎక్కువే! ,వేడీ ఎక్కువే.. చలీ ఎక్కువే!,2.8475899696350098
U377553,308395,1,2528868,జమిలిపై ముందుకు!,జమిలిపై ముందుకు!,4.095036506652832
U377553,308395,2,2505621,25 నుంచి పార్లమెంటు శీతాకాల సమావేశాలు,25 నుంచి పార్లమెంటు శీతాకాల సమావేశాలు,4.092086315155029
U377553,308395,3,2484087,శివరాజ్ సింగ్కు బీజేపీ పగ్గాలు?,శివరాజ్ సింగ్కు బీజేపీ పగ్గాలు?,4.090015411376953
U377553,308395,4,2484135,శివరాజ్ సింగ్కు బీజేపీ పగ్గాలు?,శివరాజ్ సింగ్కు బీజేపీ పగ్గాలు?,4.090015411376953
U377553,308395,5,2528697,రాజ్యసభ చైర్మన్పై అవిశ్వాసం,రాజ్యసభ చైర్మన్పై అవిశ్వాసం,4.0858683586120605
U377553,308395,6,2528765,రాజ్యసభ చైర్మన్పై అవిశ్వాసం,రాజ్యసభ చైర్మన్పై అవిశ్వాసం,4.0858683586120605
U377553,308395,7,2517319,వైసీపీకి జయమంగళ గుడ్బై,వైసీపీకి జయమంగళ గుడ్బై,4.080167770385742
U377553,308395,8,2503356,5న రాష్ట్రానికి రాహుల్,5న రాష్ట్రానికి రాహుల్,4.071455955505371
U377553,308395,9,2494957,ఝార్ఖండ్లో సీట్ల పంపకంపై ఆర్జేడీ అసంతృప్తి,ఝార్ఖండ్లో సీట్ల పంపకంపై ఆర్జేడీ అసంతృప్తి,4.069507122039795
U377553,308395,10,2495067,ఝార్ఖండ్లో సీట్ల పంపకంపై ఆర్జేడీ అసంతృప్తి,ఝార్ఖండ్లో సీట్ల పంపకంపై ఆర్జేడీ అసంతృప్తి,4.069507122039795
U382114,313464,1,2505621,25 నుంచి పార్లమెంటు శీతాకాల సమావేశాలు,25 నుంచి పార్లమెంటు శీతాకాల సమావేశాలు,4.239630699157715
U382114,313464,2,2528868,జమిలిపై ముందుకు!,జమిలిపై ముందుకు!,4.229668617248535
U382114,313464,3,2517765,పార్లమెంటు ముందుకు,పార్లమెంటు ముందుకు,4.185308933258057
U382114,313464,4,2518106,పార్లమెంటు ముందుకు,పార్లమెంటు ముందుకు,4.185308933258057
U382114,313464,5,2503356,5న రాష్ట్రానికి రాహుల్,5న రాష్ట్రానికి రాహుల్,4.177603244781494
U382114,313464,6,2517319,వైసీపీకి జయమంగళ గుడ్బై,వైసీపీకి జయమంగళ గుడ్బై,4.17230749130249
U382114,313464,7,2518272,పార్లమెంటు ముందుకు,పార్లమెంటు ముందుకు,4.165314674377441
U382114,313464,8,2528765,రాజ్యసభ చైర్మన్పై అవిశ్వాసం,రాజ్యసభ చైర్మన్పై అవిశ్వాసం,4.158049583435059
U382114,313464,9,2528697,రాజ్యసభ చైర్మన్పై అవిశ్వాసం,రాజ్యసభ చైర్మన్పై అవిశ్వాసం,4.158049583435059
U382114,313464,10,2517732,పార్లమెంటు ముందుకు 16 బిల్లులు!,పార్లమెంటు ముందుకు 16 బిల్లులు!,4.156154155731201
U38305,314503,1,728477,నేటి వాతావరణ సమాచారం,నేటి వాతావరణ సమాచారం,3.4943900108337402
U38305,314503,2,2543662,గజగజ,గజగజ,3.4921810626983643
U38305,314503,3,2543538,గజగజ,గజగజ,3.4921810626983643
U38305,314503,4,2502865,ఈ నెల చలి తక్కువే!,ఈ నెల చలి తక్కువే!,3.4918887615203857
U38305,314503,5,2503064,ఈ నెల చలి తక్కువే!,ఈ నెల చలి తక్కువే!,3.4918887615203857
U38305,314503,6,2529776,"ఏజెన్సీలు గజగజపడిపోయిన ఉష్ణోగ్రతలు,  కమ్మేస్తున్న పొగమంచు","ఏజెన్సీలు గజగజపడిపోయిన ఉష్ణోగ్రతలు, కమ్మేస్తున్న పొగమంచు",3.491203784942627
U38305,314503,7,2529663,"ఏజెన్సీలు గజగజపడిపోయిన ఉష్ణోగ్రతలు,  కమ్మేస్తున్న పొగమంచు","ఏజెన్సీలు గజగజపడిపోయిన ఉష్ణోగ్రతలు, కమ్మేస్తున్న పొగమంచు",3.491203784942627
U38305,314503,8,2543983,ఏజెనీ్స గజగజ ,ఏజెనీ్స గజగజ,3.4909279346466064
U38305,314503,9,2507247,వేడీ ఎక్కువే.. చలీ ఎక్కువే! ,వేడీ ఎక్కువే.. చలీ ఎక్కువే!,3.490788221359253
U38305,314503,10,2507298,వేడీ ఎక్కువే.. చలీ ఎక్కువే! ,వేడీ ఎక్కువే.. చలీ ఎక్కువే!,3.490788221359253
U384197,315777,1,2527035,బరువు పెరగాలంటే..! ,బరువు పెరగాలంటే..!,-0.05344967544078827
U384197,315777,2,2514456,ఇలా చేస్తే మెదడుకు హాని,ఇలా చేస్తే మెదడుకు హాని,-0.05436285585165024
U384197,315777,3,2514604,ఇలా చేస్తే మెదడుకు హాని,ఇలా చేస్తే మెదడుకు హాని,-0.05436285585165024
U384197,315777,4,2514928,ఇలా చేస్తే మెదడుకు హాని,ఇలా చేస్తే మెదడుకు హాని,-0.05436285585165024
U384197,315777,5,2508244,బరువు తగ్గండిలా...,బరువు తగ్గండిలా...,-0.05546825751662254
U384197,315777,6,2507941,బరువు తగ్గండిలా...,బరువు తగ్గండిలా...,-0.05546825751662254
U384197,315777,7,2508045,బరువు తగ్గండిలా...,బరువు తగ్గండిలా...,-0.05546825751662254
U384197,315777,8,2504853,ఇన్ఫ్లమేషన్ ,ఇన్ఫ్లమేషన్,-0.05553077161312103
U384197,315777,9,2528217,పండ్లు పరిమితంగానే...                        ,పండ్లు పరిమితంగానే...,-0.05615910142660141
U384197,315777,10,2527643,పండ్లు పరిమితంగానే...                        ,పండ్లు పరిమితంగానే...,-0.05615910142660141
U386147,317944,1,386042,‘మాస్టర్ చెఫ్’కి హోస్ట్ గా తమన్నా !,‘మాస్టర్ చెఫ్’కి హోస్ట్ గా తమన్నా !,2.3427155017852783
U386147,317944,2,246246,నిహారిక కొణిదెల ‘ముద్దపప్పు ఆవకాయ’ ( ఎపిసోడ్ - 2 ),నిహారిక కొణిదెల ‘ముద్దపప్పు ఆవకాయ’ ( ఎపిసోడ్ - 2 ),2.2228779792785645
U386147,317944,3,2493696,నో అన్నా వాళ్లు వదల్లేదు!,నో అన్నా వాళ్లు వదల్లేదు!,2.201075315475464
U386147,317944,4,2493876,నో అన్నా వాళ్లు వదల్లేదు!,నో అన్నా వాళ్లు వదల్లేదు!,2.201075315475464
U386147,317944,5,2493634,నో అన్నా వాళ్లు వదల్లేదు!,నో అన్నా వాళ్లు వదల్లేదు!,2.201075315475464
U386147,317944,6,2524541,మహిళ మృతి,మహిళ మృతి,2.1835036277770996
U386147,317944,7,582899,అమ్మాయిలా మారిన సాయితేజ .. అదిరిందిలోకి ..,అమ్మాయిలా మారిన సాయితేజ .. అదిరిందిలోకి ..,2.1524014472961426
U386147,317944,8,2538853,అల్లు అర్జున్తో పోల్చొద్దు,అల్లు అర్జున్తో పోల్చొద్దు,2.1335418224334717
U386147,317944,9,2538905,అల్లు అర్జున్తో పోల్చొద్దు,అల్లు అర్జున్తో పోల్చొద్దు,2.1335418224334717
U386147,317944,10,2539347,అల్లు అర్జున్తో పోల్చొద్దు,అల్లు అర్జున్తో పోల్చొద్దు,2.1335418224334717
U386983,318872,1,666456,ఇప్పట్లో ధోనీ రిటైర్ అవ్వడు : ఎమ్మెస్కే,ఇప్పట్లో ధోనీ రిటైర్ అవ్వడు : ఎమ్మెస్కే,3.4542582035064697
U386983,318872,2,2529957,ఆకాశ్దీప్ ఆడేనా?,ఆకాశ్దీప్ ఆడేనా?,3.454143762588501
U386983,318872,3,2530007,ఆకాశ్దీప్ ఆడేనా?,ఆకాశ్దీప్ ఆడేనా?,3.454143762588501
U386983,318872,4,2529927,ఆకాశ్దీప్ ఆడేనా?,ఆకాశ్దీప్ ఆడేనా?,3.454143762588501
U386983,318872,5,540597,వెస్టిండీస్ పర్యటనకు భారత జట్టు ప్రకటన,వెస్టిండీస్ పర్యటనకు భారత జట్టు ప్రకటన,3.45408034324646
U386983,318872,6,2543414,రోహిత్కు ముందే చెప్పేశారా?,రోహిత్కు ముందే చెప్పేశారా?,3.4537346363067627
U386983,318872,7,2543335,రోహిత్కు ముందే చెప్పేశారా?,రోహిత్కు ముందే చెప్పేశారా?,3.4537346363067627
U386983,318872,8,2542932,రోహిత్కు ముందే చెప్పేశారా?,రోహిత్కు ముందే చెప్పేశారా?,3.4537346363067627
U386983,318872,9,2509585, బుమ్రాకే పగ్గాలు!,బుమ్రాకే పగ్గాలు!,3.4535293579101562
U386983,318872,10,2509639, బుమ్రాకే పగ్గాలు!,బుమ్రాకే పగ్గాలు!,3.4535293579101562
U390843,323162,1,2527035,బరువు పెరగాలంటే..! ,బరువు పెరగాలంటే..!,5.19742488861084
U390843,323162,2,2514928,ఇలా చేస్తే మెదడుకు హాని,ఇలా చేస్తే మెదడుకు హాని,5.192837715148926
U390843,323162,3,2514604,ఇలా చేస్తే మెదడుకు హాని,ఇలా చేస్తే మెదడుకు హాని,5.192837715148926
U390843,323162,4,2514456,ఇలా చేస్తే మెదడుకు హాని,ఇలా చేస్తే మెదడుకు హాని,5.192837715148926
U390843,323162,5,2508045,బరువు తగ్గండిలా...,బరువు తగ్గండిలా...,5.191185474395752
U390843,323162,6,2507941,బరువు తగ్గండిలా...,బరువు తగ్గండిలా...,5.191185474395752
U390843,323162,7,2508244,బరువు తగ్గండిలా...,బరువు తగ్గండిలా...,5.191185474395752
U390843,323162,8,2504853,ఇన్ఫ్లమేషన్ ,ఇన్ఫ్లమేషన్,5.191080570220947
U390843,323162,9,2527869,పండ్లు పరిమితంగానే...                        ,పండ్లు పరిమితంగానే...,5.19044303894043
U390843,323162,10,2528217,పండ్లు పరిమితంగానే...                        ,పండ్లు పరిమితంగానే...,5.19044303894043
U394178,326867,1,937990,గోదాం దగ్ధం కేసులో ఇద్దరికి జైలుశిక్ష,గోదాం దగ్ధం కేసులో ఇద్దరికి జైలుశిక్ష,3.2517850399017334
U394178,326867,2,2521877,ఫేక్ బెయిల్తో జైలు నుంచి బయటకు,ఫేక్ బెయిల్తో జైలు నుంచి బయటకు,3.2517287731170654
U394178,326867,3,2521757,దొంగ.. బెయిల్,దొంగ.. బెయిల్,3.249448537826538
U394178,326867,4,2488130,రూ. 24 లక్షల బాణసంచా పట్టివేత,రూ. 24 లక్షల బాణసంచా పట్టివేత,3.2385263442993164
U394178,326867,5,991306,మైనర్ బాలిక హత్యచారం కేసులో నిందితుడు అరెస్టు,మైనర్ బాలిక హత్యచారం కేసులో నిందితుడు అరెస్టు,3.223708152770996
U394178,326867,6,888063,అల్లుడిని చంపిన కేసులో మామ అరెస్టు,అల్లుడిని చంపిన కేసులో మామ అరెస్టు,3.2181670665740967
U394178,326867,7,2529405,చింతల్లో దారుణం,చింతల్లో దారుణం,3.2172701358795166
U394178,326867,8,910014,మహిళను వేధించిన కేసులో యువకుడు అరెస్టు,మహిళను వేధించిన కేసులో యువకుడు అరెస్టు,3.2133827209472656
U394178,326867,9,2485923,ముగ్గురు గంజాయి విక్రేతల అరెస్టు,ముగ్గురు గంజాయి విక్రేతల అరెస్టు,3.204664945602417
U394178,326867,10,2481757,గాంధీలో పసికందు కిడ్నాప్,గాంధీలో పసికందు కిడ్నాప్,3.2032251358032227
U396941,329937,1,910014,మహిళను వేధించిన కేసులో యువకుడు అరెస్టు,మహిళను వేధించిన కేసులో యువకుడు అరెస్టు,2.62087082862854
U396941,329937,2,888063,అల్లుడిని చంపిన కేసులో మామ అరెస్టు,అల్లుడిని చంపిన కేసులో మామ అరెస్టు,2.6207480430603027
U396941,329937,3,991306,మైనర్ బాలిక హత్యచారం కేసులో నిందితుడు అరెస్టు,మైనర్ బాలిక హత్యచారం కేసులో నిందితుడు అరెస్టు,2.6190290451049805
U396941,329937,4,2497786, పేరుమోసిన రౌడీషీటర్లు అరెస్ట్ ,పేరుమోసిన రౌడీషీటర్లు అరెస్ట్,2.618870258331299
U396941,329937,5,2485923,ముగ్గురు గంజాయి విక్రేతల అరెస్టు,ముగ్గురు గంజాయి విక్రేతల అరెస్టు,2.618865728378296
U396941,329937,6,2488130,రూ. 24 లక్షల బాణసంచా పట్టివేత,రూ. 24 లక్షల బాణసంచా పట్టివేత,2.6188623905181885
U396941,329937,7,2529405,చింతల్లో దారుణం,చింతల్లో దారుణం,2.6175544261932373
U396941,329937,8,543186,మహమ్మదాబాద్లో వ్యక్తి హత్య,మహమ్మదాబాద్లో వ్యక్తి హత్య,2.6173360347747803
U396941,329937,9,301960,ఫాస్ట్ట్రాక్ కోర్టుకు ‘సమత’ నిందితులు హాజరు,ఫాస్ట్ట్రాక్ కోర్టుకు ‘సమత’ నిందితులు హాజరు,2.615938901901245
U396941,329937,10,2495076,పట్టించిన ఫోన్,పట్టించిన ఫోన్,2.615374803543091
U397814,330907,1,540597,వెస్టిండీస్ పర్యటనకు భారత జట్టు ప్రకటన,వెస్టిండీస్ పర్యటనకు భారత జట్టు ప్రకటన,3.851111650466919
U397814,330907,2,666456,ఇప్పట్లో ధోనీ రిటైర్ అవ్వడు : ఎమ్మెస్కే,ఇప్పట్లో ధోనీ రిటైర్ అవ్వడు : ఎమ్మెస్కే,3.8510992527008057
U397814,330907,3,2529927,ఆకాశ్దీప్ ఆడేనా?,ఆకాశ్దీప్ ఆడేనా?,3.8510470390319824
U397814,330907,4,2530007,ఆకాశ్దీప్ ఆడేనా?,ఆకాశ్దీప్ ఆడేనా?,3.8510470390319824
U397814,330907,5,2529957,ఆకాశ్దీప్ ఆడేనా?,ఆకాశ్దీప్ ఆడేనా?,3.8510470390319824
U397814,330907,6,2543335,రోహిత్కు ముందే చెప్పేశారా?,రోహిత్కు ముందే చెప్పేశారా?,3.8506524562835693
U397814,330907,7,2542932,రోహిత్కు ముందే చెప్పేశారా?,రోహిత్కు ముందే చెప్పేశారా?,3.8506524562835693
U397814,330907,8,2543414,రోహిత్కు ముందే చెప్పేశారా?,రోహిత్కు ముందే చెప్పేశారా?,3.8506524562835693
U397814,330907,9,2509639, బుమ్రాకే పగ్గాలు!,బుమ్రాకే పగ్గాలు!,3.8505187034606934
U397814,330907,10,2509453, బుమ్రాకే పగ్గాలు!,బుమ్రాకే పగ్గాలు!,3.8505187034606934
U399612,332905,1,2527035,బరువు పెరగాలంటే..! ,బరువు పెరగాలంటే..!,5.0823774337768555
U399612,332905,2,2528217,పండ్లు పరిమితంగానే...                        ,పండ్లు పరిమితంగానే...,5.076614856719971
U399612,332905,3,2527869,పండ్లు పరిమితంగానే...                        ,పండ్లు పరిమితంగానే...,5.076614856719971
U399612,332905,4,2527643,పండ్లు పరిమితంగానే...                        ,పండ్లు పరిమితంగానే...,5.076614856719971
U399612,332905,5,2507941,బరువు తగ్గండిలా...,బరువు తగ్గండిలా...,5.075791835784912
U399612,332905,6,2508244,బరువు తగ్గండిలా...,బరువు తగ్గండిలా...,5.075791835784912
U399612,332905,7,2508045,బరువు తగ్గండిలా...,బరువు తగ్గండిలా...,5.075791835784912
U399612,332905,8,2504853,ఇన్ఫ్లమేషన్ ,ఇన్ఫ్లమేషన్,5.075054168701172
U399612,332905,9,2514604,ఇలా చేస్తే మెదడుకు హాని,ఇలా చేస్తే మెదడుకు హాని,5.07399845123291
U399612,332905,10,2514928,ఇలా చేస్తే మెదడుకు హాని,ఇలా చేస్తే మెదడుకు హాని,5.07399845123291
U40019,333548,1,2526063,చలి కాలంలో,చలి కాలంలో,2.9058268070220947
U40019,333548,2,2525927,చలి కాలంలో,చలి కాలంలో,2.9058268070220947
U40019,333548,3,2483635,కాఫీ సందేశ్!,కాఫీ సందేశ్!,2.8932411670684814
U40019,333548,4,2483620,కాఫీ సందేశ్!,కాఫీ సందేశ్!,2.8932411670684814
U40019,333548,5,2483693,కాఫీ సందేశ్!,కాఫీ సందేశ్!,2.8932411670684814
U40019,333548,6,2502885,ఆప్రికాట్ డిలైట్,ఆప్రికాట్ డిలైట్,2.8847694396972656
U40019,333548,7,2503090,ఆప్రికాట్ డిలైట్,ఆప్రికాట్ డిలైట్,2.8847694396972656
U40019,333548,8,2502779,ఆప్రికాట్ డిలైట్,ఆప్రికాట్ డిలైట్,2.8847694396972656
U40019,333548,9,2516579,శీతాకాలంవేడి వేడిగా..!,శీతాకాలంవేడి వేడిగా..!,2.865966320037842
U40019,333548,10,2521059,చపాతీలతో తింటే భలే రుచి,చపాతీలతో తింటే భలే రుచి,2.8532063961029053
U401309,334792,1,2533806,రచయిత ‘కాటూరు’ అస్తమయం ,రచయిత ‘కాటూరు’ అస్తమయం,2.5167713165283203
U401309,334792,2,386042,‘మాస్టర్ చెఫ్’కి హోస్ట్ గా తమన్నా !,‘మాస్టర్ చెఫ్’కి హోస్ట్ గా తమన్నా !,2.4960267543792725
U401309,334792,3,2493876,నో అన్నా వాళ్లు వదల్లేదు!,నో అన్నా వాళ్లు వదల్లేదు!,2.2845890522003174
U401309,334792,4,2493634,నో అన్నా వాళ్లు వదల్లేదు!,నో అన్నా వాళ్లు వదల్లేదు!,2.2845890522003174
U401309,334792,5,2493696,నో అన్నా వాళ్లు వదల్లేదు!,నో అన్నా వాళ్లు వదల్లేదు!,2.2845890522003174
U401309,334792,6,694953,యూట్యూబ్ చానెళ్లపై సమంత పరువు నష్టం దావా,యూట్యూబ్ చానెళ్లపై సమంత పరువు నష్టం దావా,2.267155170440674
U401309,334792,7,2524541,మహిళ మృతి,మహిళ మృతి,2.2621889114379883
U401309,334792,8,2535594,మళ్లీ వస్తోన్న స్క్విడ్ గేమ్,మళ్లీ వస్తోన్న స్క్విడ్ గేమ్,2.2600998878479004
U401309,334792,9,335747,వెబ్ సిరీస్ లోకి హీరో సూర్య ఎంట్రీ,వెబ్ సిరీస్ లోకి హీరో సూర్య ఎంట్రీ,2.2430930137634277
U401309,334792,10,2524584,మహిళ మృతి,మహిళ మృతి,2.2375643253326416
U401865,335409,1,220395,"నారా రోహిత్ , సుధీర్ బాబు , శ్రీవిష్ణు మల్టీ స్టారర్ ... ‘వీర భోగ వసంత రాయలు’","నారా రోహిత్ , సుధీర్ బాబు , శ్రీవిష్ణు మల్టీ స్టారర్ ... ‘వీర భోగ వసంత రాయలు’",4.099188327789307
U401865,335409,2,2540424,రొమాంటిక్ ఎంటర్టైనర్,రొమాంటిక్ ఎంటర్టైనర్,4.098136901855469
U401865,335409,3,2540403,రొమాంటిక్ ఎంటర్టైనర్,రొమాంటిక్ ఎంటర్టైనర్,4.098136901855469
U401865,335409,4,2540458,రొమాంటిక్ ఎంటర్టైనర్,రొమాంటిక్ ఎంటర్టైనర్,4.098136901855469
U401865,335409,5,723423,Blur : ముగిసిన ' బ్లర్ ' చిత్రీకరణ,Blur : ముగిసిన ' బ్లర్ ' చిత్రీకరణ,4.098066806793213
U401865,335409,6,2501726,క్రిస్మస్ కోసం సిద్ధం,క్రిస్మస్ కోసం సిద్ధం,4.097832679748535
U401865,335409,7,2501622,క్రిస్మస్ కోసం సిద్ధం,క్రిస్మస్ కోసం సిద్ధం,4.097832679748535
U401865,335409,8,2501479,క్రిస్మస్ కోసం సిద్ధం,క్రిస్మస్ కోసం సిద్ధం,4.097832679748535
U401865,335409,9,2536984, అధికంగా టిక్కెట్లు అమ్ముడైన సినిమాలు,అధికంగా టిక్కెట్లు అమ్ముడైన సినిమాలు,4.097561359405518
U401865,335409,10,2536886, అధికంగా టిక్కెట్లు అమ్ముడైన సినిమాలు,అధికంగా టిక్కెట్లు అమ్ముడైన సినిమాలు,4.097561359405518
U402562,336184,1,386042,‘మాస్టర్ చెఫ్’కి హోస్ట్ గా తమన్నా !,‘మాస్టర్ చెఫ్’కి హోస్ట్ గా తమన్నా !,2.198387384414673
U402562,336184,2,2524541,మహిళ మృతి,మహిళ మృతి,2.056023359298706
U402562,336184,3,2493876,నో అన్నా వాళ్లు వదల్లేదు!,నో అన్నా వాళ్లు వదల్లేదు!,2.053644895553589
U402562,336184,4,2493634,నో అన్నా వాళ్లు వదల్లేదు!,నో అన్నా వాళ్లు వదల్లేదు!,2.053644895553589
U402562,336184,5,2493696,నో అన్నా వాళ్లు వదల్లేదు!,నో అన్నా వాళ్లు వదల్లేదు!,2.053644895553589
U402562,336184,6,2524584,మహిళ మృతి,మహిళ మృతి,2.0524985790252686
U402562,336184,7,2495686,సెట్స్లోకి స్వాగతం,సెట్స్లోకి స్వాగతం,2.041799306869507
U402562,336184,8,2495615,సెట్స్లోకి స్వాగతం,సెట్స్లోకి స్వాగతం,2.041799306869507
U402562,336184,9,2495439,సెట్స్లోకి స్వాగతం,సెట్స్లోకి స్వాగతం,2.041799306869507
U402562,336184,10,760478,‘మా’ లో నరేష్ చేసిన మోసాలు బయటపెట్టిన జీవిత రాజశేఖర్,‘మా’ లో నరేష్ చేసిన మోసాలు బయటపెట్టిన జీవిత రాజశేఖర్,2.0233278274536133
U402651,336283,1,2536886, అధికంగా టిక్కెట్లు అమ్ముడైన సినిమాలు,అధికంగా టిక్కెట్లు అమ్ముడైన సినిమాలు,2.6684064865112305
U402651,336283,2,2536984, అధికంగా టిక్కెట్లు అమ్ముడైన సినిమాలు,అధికంగా టిక్కెట్లు అమ్ముడైన సినిమాలు,2.6684064865112305
U402651,336283,3,540995,తెలుగులో రిలీజ్ కానున్న ' దియా ',తెలుగులో రిలీజ్ కానున్న ' దియా ',2.66409969329834
U402651,336283,4,2501622,క్రిస్మస్ కోసం సిద్ధం,క్రిస్మస్ కోసం సిద్ధం,2.6619374752044678
U402651,336283,5,2501479,క్రిస్మస్ కోసం సిద్ధం,క్రిస్మస్ కోసం సిద్ధం,2.6619374752044678
U402651,336283,6,2501726,క్రిస్మస్ కోసం సిద్ధం,క్రిస్మస్ కోసం సిద్ధం,2.6619374752044678
U402651,336283,7,2540424,రొమాంటిక్ ఎంటర్టైనర్,రొమాంటిక్ ఎంటర్టైనర్,2.6612191200256348
U402651,336283,8,2540403,రొమాంటిక్ ఎంటర్టైనర్,రొమాంటిక్ ఎంటర్టైనర్,2.6612191200256348
U402651,336283,9,2540458,రొమాంటిక్ ఎంటర్టైనర్,రొమాంటిక్ ఎంటర్టైనర్,2.6612191200256348
U402651,336283,10,908576,ఫాస్ట్ అండ్ ఫ్యూరియస్ : హాబ్స్ అండ్ షా ( తెలుగు ట్రైలర్ ),ఫాస్ట్ అండ్ ఫ్యూరియస్ : హాబ్స్ అండ్ షా ( తెలుగు ట్రైలర్ ),2.660783290863037
U405225,339143,1,2528868,జమిలిపై ముందుకు!,జమిలిపై ముందుకు!,3.206092357635498
U405225,339143,2,2517765,పార్లమెంటు ముందుకు,పార్లమెంటు ముందుకు,3.1972334384918213
U405225,339143,3,2518106,పార్లమెంటు ముందుకు,పార్లమెంటు ముందుకు,3.1972334384918213
U405225,339143,4,2518272,పార్లమెంటు ముందుకు,పార్లమెంటు ముందుకు,3.195352077484131
U405225,339143,5,2527755,ఏపీ కేబినెట్లోకి నాగబాబు!,ఏపీ కేబినెట్లోకి నాగబాబు!,3.1943359375
U405225,339143,6,2527970,ఏపీ కేబినెట్లోకి నాగబాబు!,ఏపీ కేబినెట్లోకి నాగబాబు!,3.1943359375
U405225,339143,7,2503356,5న రాష్ట్రానికి రాహుల్,5న రాష్ట్రానికి రాహుల్,3.189314126968384
U405225,339143,8,2517832,పార్లమెంటు ముందుకు 16 బిల్లులు!,పార్లమెంటు ముందుకు 16 బిల్లులు!,3.186875104904175
U405225,339143,9,2517732,పార్లమెంటు ముందుకు 16 బిల్లులు!,పార్లమెంటు ముందుకు 16 బిల్లులు!,3.186875104904175
U405225,339143,10,2518049,పార్లమెంటు ముందుకు 16 బిల్లులు!,పార్లమెంటు ముందుకు 16 బిల్లులు!,3.186875104904175
U412748,347501,1,666456,ఇప్పట్లో ధోనీ రిటైర్ అవ్వడు : ఎమ్మెస్కే,ఇప్పట్లో ధోనీ రిటైర్ అవ్వడు : ఎమ్మెస్కే,5.4411301612854
U412748,347501,2,540597,వెస్టిండీస్ పర్యటనకు భారత జట్టు ప్రకటన,వెస్టిండీస్ పర్యటనకు భారత జట్టు ప్రకటన,5.440970420837402
U412748,347501,3,2530007,ఆకాశ్దీప్ ఆడేనా?,ఆకాశ్దీప్ ఆడేనా?,5.4409613609313965
U412748,347501,4,2529927,ఆకాశ్దీప్ ఆడేనా?,ఆకాశ్దీప్ ఆడేనా?,5.4409613609313965
U412748,347501,5,2529957,ఆకాశ్దీప్ ఆడేనా?,ఆకాశ్దీప్ ఆడేనా?,5.4409613609313965
U412748,347501,6,2543414,రోహిత్కు ముందే చెప్పేశారా?,రోహిత్కు ముందే చెప్పేశారా?,5.440319538116455
U412748,347501,7,2543335,రోహిత్కు ముందే చెప్పేశారా?,రోహిత్కు ముందే చెప్పేశారా?,5.440319538116455
U412748,347501,8,2542932,రోహిత్కు ముందే చెప్పేశారా?,రోహిత్కు ముందే చెప్పేశారా?,5.440319538116455
U412748,347501,9,2509585, బుమ్రాకే పగ్గాలు!,బుమ్రాకే పగ్గాలు!,5.440175533294678
U412748,347501,10,2509453, బుమ్రాకే పగ్గాలు!,బుమ్రాకే పగ్గాలు!,5.440175533294678
U41342,348248,1,666456,ఇప్పట్లో ధోనీ రిటైర్ అవ్వడు : ఎమ్మెస్కే,ఇప్పట్లో ధోనీ రిటైర్ అవ్వడు : ఎమ్మెస్కే,4.115161895751953
U41342,348248,2,540597,వెస్టిండీస్ పర్యటనకు భారత జట్టు ప్రకటన,వెస్టిండీస్ పర్యటనకు భారత జట్టు ప్రకటన,4.11497163772583
U41342,348248,3,2529927,ఆకాశ్దీప్ ఆడేనా?,ఆకాశ్దీప్ ఆడేనా?,4.114948749542236
U41342,348248,4,2529957,ఆకాశ్దీప్ ఆడేనా?,ఆకాశ్దీప్ ఆడేనా?,4.114948749542236
U41342,348248,5,2530007,ఆకాశ్దీప్ ఆడేనా?,ఆకాశ్దీప్ ఆడేనా?,4.114948749542236
U41342,348248,6,2545264,‘రిజర్వ్’ పేస్లో ,‘రిజర్వ్’ పేస్లో,4.114739894866943
U41342,348248,7,2544989,‘రిజర్వ్’ పేస్లో ,‘రిజర్వ్’ పేస్లో,4.114739894866943
U41342,348248,8,2544674,‘రిజర్వ్’ పేస్లో ,‘రిజర్వ్’ పేస్లో,4.114739894866943
U41342,348248,9,649796,ప్రపంచకప్ జట్టులో రహానె ఉండాలి,ప్రపంచకప్ జట్టులో రహానె ఉండాలి,4.114611625671387
U41342,348248,10,2533304,రిటైర్మెంట్కిదా సమయం: సన్నీ,రిటైర్మెంట్కిదా సమయం: సన్నీ,4.114532470703125
U416604,351786,1,2527035,బరువు పెరగాలంటే..! ,బరువు పెరగాలంటే..!,2.466158390045166
U416604,351786,2,2507941,బరువు తగ్గండిలా...,బరువు తగ్గండిలా...,2.4628915786743164
U416604,351786,3,2508244,బరువు తగ్గండిలా...,బరువు తగ్గండిలా...,2.4628915786743164
U416604,351786,4,2508045,బరువు తగ్గండిలా...,బరువు తగ్గండిలా...,2.4628915786743164
U416604,351786,5,2514604,ఇలా చేస్తే మెదడుకు హాని,ఇలా చేస్తే మెదడుకు హాని,2.4627389907836914
U416604,351786,6,2514928,ఇలా చేస్తే మెదడుకు హాని,ఇలా చేస్తే మెదడుకు హాని,2.4627389907836914
U416604,351786,7,2514456,ఇలా చేస్తే మెదడుకు హాని,ఇలా చేస్తే మెదడుకు హాని,2.4627389907836914
U416604,351786,8,2504853,ఇన్ఫ్లమేషన్ ,ఇన్ఫ్లమేషన్,2.4625322818756104
U416604,351786,9,2527869,పండ్లు పరిమితంగానే...                        ,పండ్లు పరిమితంగానే...,2.462494373321533
U416604,351786,10,2527643,పండ్లు పరిమితంగానే...                        ,పండ్లు పరిమితంగానే...,2.462494373321533
U418303,353674,1,2519811,‘ఇస్కాన్’పై బంగ్లాదేశ్లో నిషేధం?,‘ఇస్కాన్’పై బంగ్లాదేశ్లో నిషేధం?,1.7853718996047974
U418303,353674,2,2519719,‘ఇస్కాన్’పై బంగ్లాదేశ్లో నిషేధం?,‘ఇస్కాన్’పై బంగ్లాదేశ్లో నిషేధం?,1.7853718996047974
U418303,353674,3,2520014,‘ఇస్కాన్’పై బంగ్లాదేశ్లో నిషేధం!,‘ఇస్కాన్’పై బంగ్లాదేశ్లో నిషేధం!,1.784551739692688
U418303,353674,4,2504924,కెనడాలో హిందూ  ఆలయంపై దాడి,కెనడాలో హిందూ ఆలయంపై దాడి,1.7842644453048706
U418303,353674,5,2505088,కెనడాలో హిందూ  ఆలయంపై దాడి,కెనడాలో హిందూ ఆలయంపై దాడి,1.7842644453048706
U418303,353674,6,2510216,కెనడాలో భారతీయులకు గండం! ,కెనడాలో భారతీయులకు గండం!,1.7815775871276855
U418303,353674,7,2510059,కెనడాలో భారతీయులకు గండం! ,కెనడాలో భారతీయులకు గండం!,1.7815775871276855
U418303,353674,8,2509743,కెనడాలో భారతీయులకు గండం! ,కెనడాలో భారతీయులకు గండం!,1.7815775871276855
U418303,353674,9,2494871,గ్రూప్–1 మెయిన్స్ పరీక్షకు పటిష్ఠ భద్రత,గ్రూప్–1 మెయిన్స్ పరీక్షకు పటిష్ఠ భద్రత,1.7815086841583252
U418303,353674,10,2495277,గ్రూప్–1 మెయిన్స్ పరీక్షకు పటిష్ఠ భద్రత,గ్రూప్–1 మెయిన్స్ పరీక్షకు పటిష్ఠ భద్రత,1.7815086841583252
U423916,359910,1,2530925,వారం పాటు పెట్టాల్సిన ఆహార పదార్థాలు ఇవే...,వారం పాటు పెట్టాల్సిన ఆహార పదార్థాలు ఇవే...,2.5356974601745605
U423916,359910,2,2530995,వారం పాటు పెట్టాల్సిన ఆహార పదార్థాలు ఇవే...,వారం పాటు పెట్టాల్సిన ఆహార పదార్థాలు ఇవే...,2.5356974601745605
U423916,359910,3,2521652,పనీర్ మిరియాల కూర,పనీర్ మిరియాల కూర,2.5215816497802734
U423916,359910,4,2494615,రుచికి రుచి,రుచికి రుచి,2.515082836151123
U423916,359910,5,2494245,రుచికి రుచి,రుచికి రుచి,2.515082836151123
U423916,359910,6,2521439,పనీర్ మిరియాల కూర,పనీర్ మిరియాల కూర,2.513309955596924
U423916,359910,7,2483620,కాఫీ సందేశ్!,కాఫీ సందేశ్!,2.5122506618499756
U423916,359910,8,2483635,కాఫీ సందేశ్!,కాఫీ సందేశ్!,2.5122506618499756
U423916,359910,9,2483693,కాఫీ సందేశ్!,కాఫీ సందేశ్!,2.5122506618499756
U423916,359910,10,2525927,చలి కాలంలో,చలి కాలంలో,2.498913288116455
U42848,364980,1,666456,ఇప్పట్లో ధోనీ రిటైర్ అవ్వడు : ఎమ్మెస్కే,ఇప్పట్లో ధోనీ రిటైర్ అవ్వడు : ఎమ్మెస్కే,3.8425097465515137
U42848,364980,2,540597,వెస్టిండీస్ పర్యటనకు భారత జట్టు ప్రకటన,వెస్టిండీస్ పర్యటనకు భారత జట్టు ప్రకటన,3.8424079418182373
U42848,364980,3,2529927,ఆకాశ్దీప్ ఆడేనా?,ఆకాశ్దీప్ ఆడేనా?,3.842379093170166
U42848,364980,4,2530007,ఆకాశ్దీప్ ఆడేనా?,ఆకాశ్దీప్ ఆడేనా?,3.842379093170166
U42848,364980,5,2529957,ఆకాశ్దీప్ ఆడేనా?,ఆకాశ్దీప్ ఆడేనా?,3.842379093170166
U42848,364980,6,2543414,రోహిత్కు ముందే చెప్పేశారా?,రోహిత్కు ముందే చెప్పేశారా?,3.8419485092163086
U42848,364980,7,2543335,రోహిత్కు ముందే చెప్పేశారా?,రోహిత్కు ముందే చెప్పేశారా?,3.8419485092163086
U42848,364980,8,2542932,రోహిత్కు ముందే చెప్పేశారా?,రోహిత్కు ముందే చెప్పేశారా?,3.8419485092163086
U42848,364980,9,2509585, బుమ్రాకే పగ్గాలు!,బుమ్రాకే పగ్గాలు!,3.8417491912841797
U42848,364980,10,2509453, బుమ్రాకే పగ్గాలు!,బుమ్రాకే పగ్గాలు!,3.8417491912841797
U430109,366792,1,666456,ఇప్పట్లో ధోనీ రిటైర్ అవ్వడు : ఎమ్మెస్కే,ఇప్పట్లో ధోనీ రిటైర్ అవ్వడు : ఎమ్మెస్కే,4.6663899421691895
U430109,366792,2,2529957,ఆకాశ్దీప్ ఆడేనా?,ఆకాశ్దీప్ ఆడేనా?,4.666313171386719
U430109,366792,3,2530007,ఆకాశ్దీప్ ఆడేనా?,ఆకాశ్దీప్ ఆడేనా?,4.666313171386719
U430109,366792,4,2529927,ఆకాశ్దీప్ ఆడేనా?,ఆకాశ్దీప్ ఆడేనా?,4.666313171386719
U430109,366792,5,540597,వెస్టిండీస్ పర్యటనకు భారత జట్టు ప్రకటన,వెస్టిండీస్ పర్యటనకు భారత జట్టు ప్రకటన,4.666271209716797
U430109,366792,6,2543335,రోహిత్కు ముందే చెప్పేశారా?,రోహిత్కు ముందే చెప్పేశారా?,4.665728569030762
U430109,366792,7,2542932,రోహిత్కు ముందే చెప్పేశారా?,రోహిత్కు ముందే చెప్పేశారా?,4.665728569030762
U430109,366792,8,2543414,రోహిత్కు ముందే చెప్పేశారా?,రోహిత్కు ముందే చెప్పేశారా?,4.665728569030762
U430109,366792,9,465999,టీమిండియాలో ప్రసిద్ధ్ కృష్ణ,టీమిండియాలో ప్రసిద్ధ్ కృష్ణ,4.665468692779541
U430109,366792,10,2509585, బుమ్రాకే పగ్గాలు!,బుమ్రాకే పగ్గాలు!,4.665467262268066
U430589,367324,1,723423,Blur : ముగిసిన ' బ్లర్ ' చిత్రీకరణ,Blur : ముగిసిన ' బ్లర్ ' చిత్రీకరణ,2.3666956424713135
U430589,367324,2,2532704,రాబిన్హుడ్ వాయిదా...,రాబిన్హుడ్ వాయిదా...,2.3655428886413574
U430589,367324,3,2533130,రాబిన్హుడ్ వాయిదా...,రాబిన్హుడ్ వాయిదా...,2.3655428886413574
U430589,367324,4,2532829,రాబిన్హుడ్ వాయిదా...,రాబిన్హుడ్ వాయిదా...,2.3655428886413574
U430589,367324,5,867192,ఆర్ఆర్ఆర్ షూటింగ్ మళ్లీ వాయిదా,ఆర్ఆర్ఆర్ షూటింగ్ మళ్లీ వాయిదా,2.363947629928589
U430589,367324,6,421537,ఈ నెల 17 న రానున్న ' అర్జున్ సురవరం ',ఈ నెల 17 న రానున్న ' అర్జున్ సురవరం ',2.3626787662506104
U430589,367324,7,2484613,కొత్త కాన్సెప్ట్,కొత్త కాన్సెప్ట్,2.362578868865967
U430589,367324,8,2484804,కొత్త కాన్సెప్ట్,కొత్త కాన్సెప్ట్,2.362578868865967
U430589,367324,9,2484488,కొత్త కాన్సెప్ట్,కొత్త కాన్సెప్ట్,2.362578868865967
U430589,367324,10,800065,‘మహానటి’ రిలీజ్ డేట్ ఫిక్స్,‘మహానటి’ రిలీజ్ డేట్ ఫిక్స్,2.36203932762146
U43093,367703,1,2526063,చలి కాలంలో,చలి కాలంలో,2.5653343200683594
U43093,367703,2,2525927,చలి కాలంలో,చలి కాలంలో,2.5653343200683594
U43093,367703,3,2483693,కాఫీ సందేశ్!,కాఫీ సందేశ్!,2.5566625595092773
U43093,367703,4,2483620,కాఫీ సందేశ్!,కాఫీ సందేశ్!,2.5566625595092773
U43093,367703,5,2483635,కాఫీ సందేశ్!,కాఫీ సందేశ్!,2.5566625595092773
U43093,367703,6,2503090,ఆప్రికాట్ డిలైట్,ఆప్రికాట్ డిలైట్,2.5247273445129395
U43093,367703,7,2502779,ఆప్రికాట్ డిలైట్,ఆప్రికాట్ డిలైట్,2.5247273445129395
U43093,367703,8,2502885,ఆప్రికాట్ డిలైట్,ఆప్రికాట్ డిలైట్,2.5247273445129395
U43093,367703,9,2516579,శీతాకాలంవేడి వేడిగా..!,శీతాకాలంవేడి వేడిగా..!,2.5136172771453857
U43093,367703,10,2521059,చపాతీలతో తింటే భలే రుచి,చపాతీలతో తింటే భలే రుచి,2.5078177452087402
U432226,369144,1,2510149,బాబు.. పవర్ఫుల్ సీఎం!,బాబు.. పవర్ఫుల్ సీఎం!,5.725060939788818
U432226,369144,2,2517423,చంద్రబాబు చేతికి జగన్ జుత్తు!,చంద్రబాబు చేతికి జగన్ జుత్తు!,5.534994125366211
U432226,369144,3,2494706,అవునా జగన్!,అవునా జగన్!,5.514504909515381
U432226,369144,4,2519217,కాంగ్రెస్ వేర్లు కాదు.. ఆకును కూడా పీకలేవు ,కాంగ్రెస్ వేర్లు కాదు.. ఆకును కూడా పీకలేవు,5.487185955047607
U432226,369144,5,2519508,కాంగ్రెస్ వేర్లు కాదు.. ఆకును కూడా పీకలేవు ,కాంగ్రెస్ వేర్లు కాదు.. ఆకును కూడా పీకలేవు,5.487185955047607
U432226,369144,6,2496892,కేటీఆర్.. నువ్వో బేవకూఫ్ ,కేటీఆర్.. నువ్వో బేవకూఫ్,5.483396530151367
U432226,369144,7,2496845,కేటీఆర్.. నువ్వో బేవకూఫ్ ,కేటీఆర్.. నువ్వో బేవకూఫ్,5.483396530151367
U432226,369144,8,2511270,కేసు పెట్టాల్సింది.. సీఎం బ్రదర్స్పైనే ,కేసు పెట్టాల్సింది.. సీఎం బ్రదర్స్పైనే,5.4421186447143555
U432226,369144,9,2502915,‘బడ్జెట్’లోనే హామీలివ్వండి,‘బడ్జెట్’లోనే హామీలివ్వండి,5.438727855682373
U432226,369144,10,2502791,‘బడ్జెట్’లోనే హామీలివ్వండి,‘బడ్జెట్’లోనే హామీలివ్వండి,5.438727855682373
U433053,370063,1,2520361,బంజారాహిల్స్లో  లీలా లగ్జరీ హోటల్ ప్రారంభం,బంజారాహిల్స్లో లీలా లగ్జరీ హోటల్ ప్రారంభం,3.314445972442627
U433053,370063,2,2481807,హైదరాబాద్లో విదేశీ పర్యాటకులను ఆకర్షించే కట్టడాలు,హైదరాబాద్లో విదేశీ పర్యాటకులను ఆకర్షించే కట్టడాలు,3.308043956756592
U433053,370063,3,2510849,హైటెక్ సిటీలో మరో స్టార్ హోటల్,హైటెక్ సిటీలో మరో స్టార్ హోటల్,3.303039312362671
U433053,370063,4,2510857,హైటెక్ సిటీలో మరో స్టార్ హోటల్,హైటెక్ సిటీలో మరో స్టార్ హోటల్,3.303039312362671
U433053,370063,5,2504268,హంసలదీవిలో పర్యాటకుల సందడి,హంసలదీవిలో పర్యాటకుల సందడి,3.298316240310669
U433053,370063,6,2533050,టూరిజం హబ్గా జిల్లా..,టూరిజం హబ్గా జిల్లా..,3.2975692749023438
U433053,370063,7,2492822,యాత్రికుల స్వర్గధామంగా మధ్యప్రదేశ్ ,యాత్రికుల స్వర్గధామంగా మధ్యప్రదేశ్,3.2963826656341553
U433053,370063,8,2531541,విమానాశ్రయంలో పర్యాటక సమాచార కేంద్రం ,విమానాశ్రయంలో పర్యాటక సమాచార కేంద్రం,3.2903928756713867
U433053,370063,9,2531693,విమానాశ్రయంలో పర్యాటక సమాచార కేంద్రం ,విమానాశ్రయంలో పర్యాటక సమాచార కేంద్రం,3.2903928756713867
U433053,370063,10,2526343,మహా కుంభమేళా యాత్ర,మహా కుంభమేళా యాత్ర,3.2885897159576416
U433914,371019,1,2527035,బరువు పెరగాలంటే..! ,బరువు పెరగాలంటే..!,5.557470798492432
U433914,371019,2,2514456,ఇలా చేస్తే మెదడుకు హాని,ఇలా చేస్తే మెదడుకు హాని,5.551859378814697
U433914,371019,3,2514928,ఇలా చేస్తే మెదడుకు హాని,ఇలా చేస్తే మెదడుకు హాని,5.551859378814697
U433914,371019,4,2514604,ఇలా చేస్తే మెదడుకు హాని,ఇలా చేస్తే మెదడుకు హాని,5.551859378814697
U433914,371019,5,2527643,పండ్లు పరిమితంగానే...                        ,పండ్లు పరిమితంగానే...,5.549609184265137
U433914,371019,6,2527869,పండ్లు పరిమితంగానే...                        ,పండ్లు పరిమితంగానే...,5.549609184265137
U433914,371019,7,2528217,పండ్లు పరిమితంగానే...                        ,పండ్లు పరిమితంగానే...,5.549609184265137
U433914,371019,8,2508045,బరువు తగ్గండిలా...,బరువు తగ్గండిలా...,5.549252033233643
U433914,371019,9,2508244,బరువు తగ్గండిలా...,బరువు తగ్గండిలా...,5.549252033233643
U433914,371019,10,2507941,బరువు తగ్గండిలా...,బరువు తగ్గండిలా...,5.549252033233643
U435861,373182,1,2507347,ఇలా అలంకరిస్తే ,ఇలా అలంకరిస్తే,2.79714035987854
U435861,373182,2,2507430,ఇలా అలంకరిస్తే ,ఇలా అలంకరిస్తే,2.79714035987854
U435861,373182,3,2507149,ఇలా అలంకరిస్తే ,ఇలా అలంకరిస్తే,2.79714035987854
U435861,373182,4,2492910,ఆర్గంజా అదరహో... ,ఆర్గంజా అదరహో...,2.777728796005249
U435861,373182,5,2541361,ఇంటిని అందంగా అలంకరిద్దాం!,ఇంటిని అందంగా అలంకరిద్దాం!,2.7391245365142822
U435861,373182,6,2505205,ఇల్లు విలాసవంతంగా,ఇల్లు విలాసవంతంగా,2.717557430267334
U435861,373182,7,2505382,ఇల్లు విలాసవంతంగా,ఇల్లు విలాసవంతంగా,2.717557430267334
U435861,373182,8,2541389,అందంగా అలంకరిద్దాం!,అందంగా అలంకరిద్దాం!,2.704360246658325
U435861,373182,9,2493810,"ఇన్ఫీ లాభం రూ.6,506 కోట్లు","ఇన్ఫీ లాభం రూ.6,506 కోట్లు",2.693438768386841
U435861,373182,10,2494006,"ఇన్ఫీ లాభం రూ.6,506 కోట్లు","ఇన్ఫీ లాభం రూ.6,506 కోట్లు",2.693438768386841
U436561,373960,1,2528868,జమిలిపై ముందుకు!,జమిలిపై ముందుకు!,2.8273136615753174
U436561,373960,2,2517765,పార్లమెంటు ముందుకు,పార్లమెంటు ముందుకు,2.816953659057617
U436561,373960,3,2518106,పార్లమెంటు ముందుకు,పార్లమెంటు ముందుకు,2.816953659057617
U436561,373960,4,2503356,5న రాష్ట్రానికి రాహుల్,5న రాష్ట్రానికి రాహుల్,2.8156075477600098
U436561,373960,5,2518272,పార్లమెంటు ముందుకు,పార్లమెంటు ముందుకు,2.8143539428710938
U436561,373960,6,2517732,పార్లమెంటు ముందుకు 16 బిల్లులు!,పార్లమెంటు ముందుకు 16 బిల్లులు!,2.812870979309082
U436561,373960,7,2517832,పార్లమెంటు ముందుకు 16 బిల్లులు!,పార్లమెంటు ముందుకు 16 బిల్లులు!,2.812870979309082
U436561,373960,8,2518049,పార్లమెంటు ముందుకు 16 బిల్లులు!,పార్లమెంటు ముందుకు 16 బిల్లులు!,2.812870979309082
U436561,373960,9,2527755,ఏపీ కేబినెట్లోకి నాగబాబు!,ఏపీ కేబినెట్లోకి నాగబాబు!,2.8127171993255615
U436561,373960,10,2527970,ఏపీ కేబినెట్లోకి నాగబాబు!,ఏపీ కేబినెట్లోకి నాగబాబు!,2.8127171993255615
U437421,374916,1,2510857,హైటెక్ సిటీలో మరో స్టార్ హోటల్,హైటెక్ సిటీలో మరో స్టార్ హోటల్,4.31265115737915
U437421,374916,2,2510849,హైటెక్ సిటీలో మరో స్టార్ హోటల్,హైటెక్ సిటీలో మరో స్టార్ హోటల్,4.31265115737915
U437421,374916,3,2520361,బంజారాహిల్స్లో  లీలా లగ్జరీ హోటల్ ప్రారంభం,బంజారాహిల్స్లో లీలా లగ్జరీ హోటల్ ప్రారంభం,4.311576843261719
U437421,374916,4,2533050,టూరిజం హబ్గా జిల్లా..,టూరిజం హబ్గా జిల్లా..,4.3019185066223145
U437421,374916,5,2541455,పర్యాటకులు 1.92 కోట్లు,పర్యాటకులు 1.92 కోట్లు,4.300240993499756
U437421,374916,6,2481807,హైదరాబాద్లో విదేశీ పర్యాటకులను ఆకర్షించే కట్టడాలు,హైదరాబాద్లో విదేశీ పర్యాటకులను ఆకర్షించే కట్టడాలు,4.296998500823975
U437421,374916,7,2504268,హంసలదీవిలో పర్యాటకుల సందడి,హంసలదీవిలో పర్యాటకుల సందడి,4.296112060546875
U437421,374916,8,2531541,విమానాశ్రయంలో పర్యాటక సమాచార కేంద్రం ,విమానాశ్రయంలో పర్యాటక సమాచార కేంద్రం,4.29059362411499
U437421,374916,9,2531693,విమానాశ్రయంలో పర్యాటక సమాచార కేంద్రం ,విమానాశ్రయంలో పర్యాటక సమాచార కేంద్రం,4.29059362411499
U437421,374916,10,2526343,మహా కుంభమేళా యాత్ర,మహా కుంభమేళా యాత్ర,4.286379814147949
U438409,376013,1,2507149,ఇలా అలంకరిస్తే ,ఇలా అలంకరిస్తే,2.953195333480835
U438409,376013,2,2507430,ఇలా అలంకరిస్తే ,ఇలా అలంకరిస్తే,2.953195333480835
U438409,376013,3,2507347,ఇలా అలంకరిస్తే ,ఇలా అలంకరిస్తే,2.953195333480835
U438409,376013,4,2492910,ఆర్గంజా అదరహో... ,ఆర్గంజా అదరహో...,2.9283528327941895
U438409,376013,5,2541361,ఇంటిని అందంగా అలంకరిద్దాం!,ఇంటిని అందంగా అలంకరిద్దాం!,2.9051053524017334
U438409,376013,6,2505382,ఇల్లు విలాసవంతంగా,ఇల్లు విలాసవంతంగా,2.8886125087738037
U438409,376013,7,2505205,ఇల్లు విలాసవంతంగా,ఇల్లు విలాసవంతంగా,2.8886125087738037
U438409,376013,8,2541389,అందంగా అలంకరిద్దాం!,అందంగా అలంకరిద్దాం!,2.873950958251953
U438409,376013,9,2542748,మనం స్వేచ్ఛగానే ఉన్నామా?,మనం స్వేచ్ఛగానే ఉన్నామా?,2.837279796600342
U438409,376013,10,2514605,పిల్లలు ఎవరితోనూ కలవడం లేదా?,పిల్లలు ఎవరితోనూ కలవడం లేదా?,2.8217484951019287
U443217,381356,1,2483501,పండగ సీజన్పై ‘ఆటో’ ఆశలు,పండగ సీజన్పై ‘ఆటో’ ఆశలు,5.549882411956787
U443217,381356,2,2483772,పండగ సీజన్పై ‘ఆటో’ ఆశలు,పండగ సీజన్పై ‘ఆటో’ ఆశలు,5.549882411956787
U443217,381356,3,2483429,పండగ సీజన్పై ‘ఆటో’ ఆశలు,పండగ సీజన్పై ‘ఆటో’ ఆశలు,5.549882411956787
U443217,381356,4,2523399,స్కోడా కైలాక్ బుకింగ్స్ షురూ,స్కోడా కైలాక్ బుకింగ్స్ షురూ,5.542146682739258
U443217,381356,5,2523169,స్కోడా కైలాక్ బుకింగ్స్ షురూ,స్కోడా కైలాక్ బుకింగ్స్ షురూ,5.542146682739258
U443217,381356,6,2522969,స్కోడా కైలాక్ బుకింగ్స్ షురూ,స్కోడా కైలాక్ బుకింగ్స్ షురూ,5.542146682739258
U443217,381356,7,2524309,హోండా అమేజ్ కొత్త వెర్షన్,హోండా అమేజ్ కొత్త వెర్షన్,5.525104522705078
U443217,381356,8,2524737,హోండా అమేజ్ కొత్త వెర్షన్,హోండా అమేజ్ కొత్త వెర్షన్,5.525104522705078
U443217,381356,9,2524477,హోండా అమేజ్ కొత్త వెర్షన్,హోండా అమేజ్ కొత్త వెర్షన్,5.525104522705078
U443217,381356,10,2510782,మారుతి సుజుకి ’న్యూ ఆల్ డిజైర్’ కారు విడుదల,మారుతి సుజుకి ’న్యూ ఆల్ డిజైర్’ కారు విడుదల,5.502799987792969
U443765,381964,1,2527035,బరువు పెరగాలంటే..! ,బరువు పెరగాలంటే..!,2.9011552333831787
U443765,381964,2,2514604,ఇలా చేస్తే మెదడుకు హాని,ఇలా చేస్తే మెదడుకు హాని,2.8988075256347656
U443765,381964,3,2514928,ఇలా చేస్తే మెదడుకు హాని,ఇలా చేస్తే మెదడుకు హాని,2.8988075256347656
U443765,381964,4,2514456,ఇలా చేస్తే మెదడుకు హాని,ఇలా చేస్తే మెదడుకు హాని,2.8988075256347656
U443765,381964,5,2507941,బరువు తగ్గండిలా...,బరువు తగ్గండిలా...,2.897454261779785
U443765,381964,6,2508244,బరువు తగ్గండిలా...,బరువు తగ్గండిలా...,2.897454261779785
U443765,381964,7,2508045,బరువు తగ్గండిలా...,బరువు తగ్గండిలా...,2.897454261779785
U443765,381964,8,2504853,ఇన్ఫ్లమేషన్ ,ఇన్ఫ్లమేషన్,2.8972904682159424
U443765,381964,9,2528217,పండ్లు పరిమితంగానే...                        ,పండ్లు పరిమితంగానే...,2.8972811698913574
U443765,381964,10,2527869,పండ్లు పరిమితంగానే...                        ,పండ్లు పరిమితంగానే...,2.8972811698913574
U44395,382169,1,2510857,హైటెక్ సిటీలో మరో స్టార్ హోటల్,హైటెక్ సిటీలో మరో స్టార్ హోటల్,3.7572312355041504
U44395,382169,2,2510849,హైటెక్ సిటీలో మరో స్టార్ హోటల్,హైటెక్ సిటీలో మరో స్టార్ హోటల్,3.7572312355041504
U44395,382169,3,2520361,బంజారాహిల్స్లో  లీలా లగ్జరీ హోటల్ ప్రారంభం,బంజారాహిల్స్లో లీలా లగ్జరీ హోటల్ ప్రారంభం,3.756303071975708
U44395,382169,4,2533050,టూరిజం హబ్గా జిల్లా..,టూరిజం హబ్గా జిల్లా..,3.7551159858703613
U44395,382169,5,2504268,హంసలదీవిలో పర్యాటకుల సందడి,హంసలదీవిలో పర్యాటకుల సందడి,3.7523579597473145
U44395,382169,6,2541455,పర్యాటకులు 1.92 కోట్లు,పర్యాటకులు 1.92 కోట్లు,3.752243995666504
U44395,382169,7,2531693,విమానాశ్రయంలో పర్యాటక సమాచార కేంద్రం ,విమానాశ్రయంలో పర్యాటక సమాచార కేంద్రం,3.748972177505493
U44395,382169,8,2531541,విమానాశ్రయంలో పర్యాటక సమాచార కేంద్రం ,విమానాశ్రయంలో పర్యాటక సమాచార కేంద్రం,3.748972177505493
U44395,382169,9,2481807,హైదరాబాద్లో విదేశీ పర్యాటకులను ఆకర్షించే కట్టడాలు,హైదరాబాద్లో విదేశీ పర్యాటకులను ఆకర్షించే కట్టడాలు,3.748279094696045
U44395,382169,10,2492822,యాత్రికుల స్వర్గధామంగా మధ్యప్రదేశ్ ,యాత్రికుల స్వర్గధామంగా మధ్యప్రదేశ్,3.7419121265411377
U445375,383753,1,2483772,పండగ సీజన్పై ‘ఆటో’ ఆశలు,పండగ సీజన్పై ‘ఆటో’ ఆశలు,4.163703441619873
U445375,383753,2,2483429,పండగ సీజన్పై ‘ఆటో’ ఆశలు,పండగ సీజన్పై ‘ఆటో’ ఆశలు,4.163703441619873
U445375,383753,3,2483501,పండగ సీజన్పై ‘ఆటో’ ఆశలు,పండగ సీజన్పై ‘ఆటో’ ఆశలు,4.163703441619873
U445375,383753,4,2523399,స్కోడా కైలాక్ బుకింగ్స్ షురూ,స్కోడా కైలాక్ బుకింగ్స్ షురూ,4.158019065856934
U445375,383753,5,2522969,స్కోడా కైలాక్ బుకింగ్స్ షురూ,స్కోడా కైలాక్ బుకింగ్స్ షురూ,4.158019065856934
U445375,383753,6,2523169,స్కోడా కైలాక్ బుకింగ్స్ షురూ,స్కోడా కైలాక్ బుకింగ్స్ షురూ,4.158019065856934
U445375,383753,7,2524737,హోండా అమేజ్ కొత్త వెర్షన్,హోండా అమేజ్ కొత్త వెర్షన్,4.145804405212402
U445375,383753,8,2524477,హోండా అమేజ్ కొత్త వెర్షన్,హోండా అమేజ్ కొత్త వెర్షన్,4.145804405212402
U445375,383753,9,2524309,హోండా అమేజ్ కొత్త వెర్షన్,హోండా అమేజ్ కొత్త వెర్షన్,4.145804405212402
U445375,383753,10,2510782,మారుతి సుజుకి ’న్యూ ఆల్ డిజైర్’ కారు విడుదల,మారుతి సుజుకి ’న్యూ ఆల్ డిజైర్’ కారు విడుదల,4.129241466522217
U447125,385698,1,937990,గోదాం దగ్ధం కేసులో ఇద్దరికి జైలుశిక్ష,గోదాం దగ్ధం కేసులో ఇద్దరికి జైలుశిక్ష,3.958030939102173
U447125,385698,2,2521877,ఫేక్ బెయిల్తో జైలు నుంచి బయటకు,ఫేక్ బెయిల్తో జైలు నుంచి బయటకు,3.9558184146881104
U447125,385698,3,2521757,దొంగ.. బెయిల్,దొంగ.. బెయిల్,3.953908681869507
U447125,385698,4,2488130,రూ. 24 లక్షల బాణసంచా పట్టివేత,రూ. 24 లక్షల బాణసంచా పట్టివేత,3.951456069946289
U447125,385698,5,991306,మైనర్ బాలిక హత్యచారం కేసులో నిందితుడు అరెస్టు,మైనర్ బాలిక హత్యచారం కేసులో నిందితుడు అరెస్టు,3.9397411346435547
U447125,385698,6,888063,అల్లుడిని చంపిన కేసులో మామ అరెస్టు,అల్లుడిని చంపిన కేసులో మామ అరెస్టు,3.936617612838745
U447125,385698,7,2529405,చింతల్లో దారుణం,చింతల్లో దారుణం,3.9348206520080566
U447125,385698,8,910014,మహిళను వేధించిన కేసులో యువకుడు అరెస్టు,మహిళను వేధించిన కేసులో యువకుడు అరెస్టు,3.934084177017212
U447125,385698,9,2485923,ముగ్గురు గంజాయి విక్రేతల అరెస్టు,ముగ్గురు గంజాయి విక్రేతల అరెస్టు,3.9287948608398438
U447125,385698,10,648247,చోరీకి పాల్పడిన ముగ్గురి అరెస్టు,చోరీకి పాల్పడిన ముగ్గురి అరెస్టు,3.918480396270752
U448364,387074,1,2483501,పండగ సీజన్పై ‘ఆటో’ ఆశలు,పండగ సీజన్పై ‘ఆటో’ ఆశలు,1.110852837562561
U448364,387074,2,2483429,పండగ సీజన్పై ‘ఆటో’ ఆశలు,పండగ సీజన్పై ‘ఆటో’ ఆశలు,1.110852837562561
U448364,387074,3,2483772,పండగ సీజన్పై ‘ఆటో’ ఆశలు,పండగ సీజన్పై ‘ఆటో’ ఆశలు,1.110852837562561
U448364,387074,4,2523399,స్కోడా కైలాక్ బుకింగ్స్ షురూ,స్కోడా కైలాక్ బుకింగ్స్ షురూ,1.1060847043991089
U448364,387074,5,2523169,స్కోడా కైలాక్ బుకింగ్స్ షురూ,స్కోడా కైలాక్ బుకింగ్స్ షురూ,1.1060847043991089
U448364,387074,6,2522969,స్కోడా కైలాక్ బుకింగ్స్ షురూ,స్కోడా కైలాక్ బుకింగ్స్ షురూ,1.1060847043991089
U448364,387074,7,2524309,హోండా అమేజ్ కొత్త వెర్షన్,హోండా అమేజ్ కొత్త వెర్షన్,1.096847414970398
U448364,387074,8,2524477,హోండా అమేజ్ కొత్త వెర్షన్,హోండా అమేజ్ కొత్త వెర్షన్,1.096847414970398
U448364,387074,9,2524737,హోండా అమేజ్ కొత్త వెర్షన్,హోండా అమేజ్ కొత్త వెర్షన్,1.096847414970398
U448364,387074,10,2510782,మారుతి సుజుకి ’న్యూ ఆల్ డిజైర్’ కారు విడుదల,మారుతి సుజుకి ’న్యూ ఆల్ డిజైర్’ కారు విడుదల,1.083910584449768
U4484,387113,1,2483620,కాఫీ సందేశ్!,కాఫీ సందేశ్!,4.604783058166504
U4484,387113,2,2483635,కాఫీ సందేశ్!,కాఫీ సందేశ్!,4.604783058166504
U4484,387113,3,2483693,కాఫీ సందేశ్!,కాఫీ సందేశ్!,4.604783058166504
U4484,387113,4,2526063,చలి కాలంలో,చలి కాలంలో,4.59997034072876
U4484,387113,5,2525927,చలి కాలంలో,చలి కాలంలో,4.59997034072876
U4484,387113,6,2494615,రుచికి రుచి,రుచికి రుచి,4.551003456115723
U4484,387113,7,2494245,రుచికి రుచి,రుచికి రుచి,4.551003456115723
U4484,387113,8,2516579,శీతాకాలంవేడి వేడిగా..!,శీతాకాలంవేడి వేడిగా..!,4.542553424835205
U4484,387113,9,2521059,చపాతీలతో తింటే భలే రుచి,చపాతీలతో తింటే భలే రుచి,4.536951065063477
U4484,387113,10,2503090,ఆప్రికాట్ డిలైట్,ఆప్రికాట్ డిలైట్,4.521750450134277
U450888,389878,1,386042,‘మాస్టర్ చెఫ్’కి హోస్ట్ గా తమన్నా !,‘మాస్టర్ చెఫ్’కి హోస్ట్ గా తమన్నా !,3.243962526321411
U450888,389878,2,2524584,మహిళ మృతి,మహిళ మృతి,3.032500743865967
U450888,389878,3,335747,వెబ్ సిరీస్ లోకి హీరో సూర్య ఎంట్రీ,వెబ్ సిరీస్ లోకి హీరో సూర్య ఎంట్రీ,2.971374273300171
U450888,389878,4,2524541,మహిళ మృతి,మహిళ మృతి,2.9184868335723877
U450888,389878,5,2493696,నో అన్నా వాళ్లు వదల్లేదు!,నో అన్నా వాళ్లు వదల్లేదు!,2.8364334106445312
U450888,389878,6,2493876,నో అన్నా వాళ్లు వదల్లేదు!,నో అన్నా వాళ్లు వదల్లేదు!,2.8364334106445312
U450888,389878,7,2493634,నో అన్నా వాళ్లు వదల్లేదు!,నో అన్నా వాళ్లు వదల్లేదు!,2.8364334106445312
U450888,389878,8,2495615,సెట్స్లోకి స్వాగతం,సెట్స్లోకి స్వాగతం,2.8144075870513916
U450888,389878,9,2495686,సెట్స్లోకి స్వాగతం,సెట్స్లోకి స్వాగతం,2.8144075870513916
U450888,389878,10,2495439,సెట్స్లోకి స్వాగతం,సెట్స్లోకి స్వాగతం,2.8144075870513916
U451612,390684,1,666456,ఇప్పట్లో ధోనీ రిటైర్ అవ్వడు : ఎమ్మెస్కే,ఇప్పట్లో ధోనీ రిటైర్ అవ్వడు : ఎమ్మెస్కే,3.627420425415039
U451612,390684,2,2529957,ఆకాశ్దీప్ ఆడేనా?,ఆకాశ్దీప్ ఆడేనా?,3.6273751258850098
U451612,390684,3,2529927,ఆకాశ్దీప్ ఆడేనా?,ఆకాశ్దీప్ ఆడేనా?,3.6273751258850098
U451612,390684,4,2530007,ఆకాశ్దీప్ ఆడేనా?,ఆకాశ్దీప్ ఆడేనా?,3.6273751258850098
U451612,390684,5,540597,వెస్టిండీస్ పర్యటనకు భారత జట్టు ప్రకటన,వెస్టిండీస్ పర్యటనకు భారత జట్టు ప్రకటన,3.627300500869751
U451612,390684,6,2543414,రోహిత్కు ముందే చెప్పేశారా?,రోహిత్కు ముందే చెప్పేశారా?,3.626823663711548
U451612,390684,7,2543335,రోహిత్కు ముందే చెప్పేశారా?,రోహిత్కు ముందే చెప్పేశారా?,3.626823663711548
U451612,390684,8,2542932,రోహిత్కు ముందే చెప్పేశారా?,రోహిత్కు ముందే చెప్పేశారా?,3.626823663711548
U451612,390684,9,465999,టీమిండియాలో ప్రసిద్ధ్ కృష్ణ,టీమిండియాలో ప్రసిద్ధ్ కృష్ణ,3.6265132427215576
U451612,390684,10,2509453, బుమ్రాకే పగ్గాలు!,బుమ్రాకే పగ్గాలు!,3.6263980865478516
U453126,392366,1,2483501,పండగ సీజన్పై ‘ఆటో’ ఆశలు,పండగ సీజన్పై ‘ఆటో’ ఆశలు,3.388967514038086
U453126,392366,2,2483772,పండగ సీజన్పై ‘ఆటో’ ఆశలు,పండగ సీజన్పై ‘ఆటో’ ఆశలు,3.388967514038086
U453126,392366,3,2483429,పండగ సీజన్పై ‘ఆటో’ ఆశలు,పండగ సీజన్పై ‘ఆటో’ ఆశలు,3.388967514038086
U453126,392366,4,2522969,స్కోడా కైలాక్ బుకింగ్స్ షురూ,స్కోడా కైలాక్ బుకింగ్స్ షురూ,3.385390281677246
U453126,392366,5,2523399,స్కోడా కైలాక్ బుకింగ్స్ షురూ,స్కోడా కైలాక్ బుకింగ్స్ షురూ,3.385390281677246
U453126,392366,6,2523169,స్కోడా కైలాక్ బుకింగ్స్ షురూ,స్కోడా కైలాక్ బుకింగ్స్ షురూ,3.385390281677246
U453126,392366,7,2524309,హోండా అమేజ్ కొత్త వెర్షన్,హోండా అమేజ్ కొత్త వెర్షన్,3.3765604496002197
U453126,392366,8,2524477,హోండా అమేజ్ కొత్త వెర్షన్,హోండా అమేజ్ కొత్త వెర్షన్,3.3765604496002197
U453126,392366,9,2524737,హోండా అమేజ్ కొత్త వెర్షన్,హోండా అమేజ్ కొత్త వెర్షన్,3.3765604496002197
U453126,392366,10,2510782,మారుతి సుజుకి ’న్యూ ఆల్ డిజైర్’ కారు విడుదల,మారుతి సుజుకి ’న్యూ ఆల్ డిజైర్’ కారు విడుదల,3.362278461456299
U455237,394711,1,2483772,పండగ సీజన్పై ‘ఆటో’ ఆశలు,పండగ సీజన్పై ‘ఆటో’ ఆశలు,3.4796080589294434
U455237,394711,2,2483429,పండగ సీజన్పై ‘ఆటో’ ఆశలు,పండగ సీజన్పై ‘ఆటో’ ఆశలు,3.4796080589294434
U455237,394711,3,2483501,పండగ సీజన్పై ‘ఆటో’ ఆశలు,పండగ సీజన్పై ‘ఆటో’ ఆశలు,3.4796080589294434
U455237,394711,4,2522969,స్కోడా కైలాక్ బుకింగ్స్ షురూ,స్కోడా కైలాక్ బుకింగ్స్ షురూ,3.4769127368927
U455237,394711,5,2523169,స్కోడా కైలాక్ బుకింగ్స్ షురూ,స్కోడా కైలాక్ బుకింగ్స్ షురూ,3.4769127368927
U455237,394711,6,2523399,స్కోడా కైలాక్ బుకింగ్స్ షురూ,స్కోడా కైలాక్ బుకింగ్స్ షురూ,3.4769127368927
U455237,394711,7,2524737,హోండా అమేజ్ కొత్త వెర్షన్,హోండా అమేజ్ కొత్త వెర్షన్,3.4703710079193115
U455237,394711,8,2524477,హోండా అమేజ్ కొత్త వెర్షన్,హోండా అమేజ్ కొత్త వెర్షన్,3.4703710079193115
U455237,394711,9,2524309,హోండా అమేజ్ కొత్త వెర్షన్,హోండా అమేజ్ కొత్త వెర్షన్,3.4703710079193115
U455237,394711,10,2510782,మారుతి సుజుకి ’న్యూ ఆల్ డిజైర్’ కారు విడుదల,మారుతి సుజుకి ’న్యూ ఆల్ డిజైర్’ కారు విడుదల,3.459151268005371
U456121,395694,1,2527035,బరువు పెరగాలంటే..! ,బరువు పెరగాలంటే..!,2.7609031200408936
U456121,395694,2,2527643,పండ్లు పరిమితంగానే...                        ,పండ్లు పరిమితంగానే...,2.7579586505889893
U456121,395694,3,2528217,పండ్లు పరిమితంగానే...                        ,పండ్లు పరిమితంగానే...,2.7579586505889893
U456121,395694,4,2527869,పండ్లు పరిమితంగానే...                        ,పండ్లు పరిమితంగానే...,2.7579586505889893
U456121,395694,5,2508244,బరువు తగ్గండిలా...,బరువు తగ్గండిలా...,2.757650852203369
U456121,395694,6,2507941,బరువు తగ్గండిలా...,బరువు తగ్గండిలా...,2.757650852203369
U456121,395694,7,2508045,బరువు తగ్గండిలా...,బరువు తగ్గండిలా...,2.757650852203369
U456121,395694,8,2504853,ఇన్ఫ్లమేషన్ ,ఇన్ఫ్లమేషన్,2.757291793823242
U456121,395694,9,2514456,ఇలా చేస్తే మెదడుకు హాని,ఇలా చేస్తే మెదడుకు హాని,2.7563891410827637
U456121,395694,10,2514928,ఇలా చేస్తే మెదడుకు హాని,ఇలా చేస్తే మెదడుకు హాని,2.7563891410827637
U457438,397156,1,2533050,టూరిజం హబ్గా జిల్లా..,టూరిజం హబ్గా జిల్లా..,4.667780876159668
U457438,397156,2,2510849,హైటెక్ సిటీలో మరో స్టార్ హోటల్,హైటెక్ సిటీలో మరో స్టార్ హోటల్,4.666358947753906
U457438,397156,3,2510857,హైటెక్ సిటీలో మరో స్టార్ హోటల్,హైటెక్ సిటీలో మరో స్టార్ హోటల్,4.666358947753906
U457438,397156,4,2520361,బంజారాహిల్స్లో  లీలా లగ్జరీ హోటల్ ప్రారంభం,బంజారాహిల్స్లో లీలా లగ్జరీ హోటల్ ప్రారంభం,4.663240432739258
U457438,397156,5,2504268,హంసలదీవిలో పర్యాటకుల సందడి,హంసలదీవిలో పర్యాటకుల సందడి,4.661350250244141
U457438,397156,6,2531541,విమానాశ్రయంలో పర్యాటక సమాచార కేంద్రం ,విమానాశ్రయంలో పర్యాటక సమాచార కేంద్రం,4.6562089920043945
U457438,397156,7,2531693,విమానాశ్రయంలో పర్యాటక సమాచార కేంద్రం ,విమానాశ్రయంలో పర్యాటక సమాచార కేంద్రం,4.6562089920043945
U457438,397156,8,2481807,హైదరాబాద్లో విదేశీ పర్యాటకులను ఆకర్షించే కట్టడాలు,హైదరాబాద్లో విదేశీ పర్యాటకులను ఆకర్షించే కట్టడాలు,4.654865264892578
U457438,397156,9,2541455,పర్యాటకులు 1.92 కోట్లు,పర్యాటకులు 1.92 కోట్లు,4.653729438781738
U457438,397156,10,2526343,మహా కుంభమేళా యాత్ర,మహా కుంభమేళా యాత్ర,4.6499433517456055
U458896,398775,1,666456,ఇప్పట్లో ధోనీ రిటైర్ అవ్వడు : ఎమ్మెస్కే,ఇప్పట్లో ధోనీ రిటైర్ అవ్వడు : ఎమ్మెస్కే,4.997188091278076
U458896,398775,2,540597,వెస్టిండీస్ పర్యటనకు భారత జట్టు ప్రకటన,వెస్టిండీస్ పర్యటనకు భారత జట్టు ప్రకటన,4.9971418380737305
U458896,398775,3,2530007,ఆకాశ్దీప్ ఆడేనా?,ఆకాశ్దీప్ ఆడేనా?,4.997098445892334
U458896,398775,4,2529927,ఆకాశ్దీప్ ఆడేనా?,ఆకాశ్దీప్ ఆడేనా?,4.997098445892334
U458896,398775,5,2529957,ఆకాశ్దీప్ ఆడేనా?,ఆకాశ్దీప్ ఆడేనా?,4.997098445892334
U458896,398775,6,2543414,రోహిత్కు ముందే చెప్పేశారా?,రోహిత్కు ముందే చెప్పేశారా?,4.99656343460083
U458896,398775,7,2542932,రోహిత్కు ముందే చెప్పేశారా?,రోహిత్కు ముందే చెప్పేశారా?,4.99656343460083
U458896,398775,8,2543335,రోహిత్కు ముందే చెప్పేశారా?,రోహిత్కు ముందే చెప్పేశారా?,4.99656343460083
U458896,398775,9,2509585, బుమ్రాకే పగ్గాలు!,బుమ్రాకే పగ్గాలు!,4.996407985687256
U458896,398775,10,2509639, బుమ్రాకే పగ్గాలు!,బుమ్రాకే పగ్గాలు!,4.996407985687256
U459645,399608,1,2527035,బరువు పెరగాలంటే..! ,బరువు పెరగాలంటే..!,3.7429327964782715
U459645,399608,2,2528217,పండ్లు పరిమితంగానే...                        ,పండ్లు పరిమితంగానే...,3.738830089569092
U459645,399608,3,2527869,పండ్లు పరిమితంగానే...                        ,పండ్లు పరిమితంగానే...,3.738830089569092
U459645,399608,4,2527643,పండ్లు పరిమితంగానే...                        ,పండ్లు పరిమితంగానే...,3.738830089569092
U459645,399608,5,2508045,బరువు తగ్గండిలా...,బరువు తగ్గండిలా...,3.737719774246216
U459645,399608,6,2507941,బరువు తగ్గండిలా...,బరువు తగ్గండిలా...,3.737719774246216
U459645,399608,7,2508244,బరువు తగ్గండిలా...,బరువు తగ్గండిలా...,3.737719774246216
U459645,399608,8,2514456,ఇలా చేస్తే మెదడుకు హాని,ఇలా చేస్తే మెదడుకు హాని,3.7375810146331787
U459645,399608,9,2514604,ఇలా చేస్తే మెదడుకు హాని,ఇలా చేస్తే మెదడుకు హాని,3.7375810146331787
U459645,399608,10,2514928,ఇలా చేస్తే మెదడుకు హాని,ఇలా చేస్తే మెదడుకు హాని,3.7375810146331787
U461328,401479,1,386042,‘మాస్టర్ చెఫ్’కి హోస్ట్ గా తమన్నా !,‘మాస్టర్ చెఫ్’కి హోస్ట్ గా తమన్నా !,3.257638931274414
U461328,401479,2,2493876,నో అన్నా వాళ్లు వదల్లేదు!,నో అన్నా వాళ్లు వదల్లేదు!,3.031088352203369
U461328,401479,3,2493634,నో అన్నా వాళ్లు వదల్లేదు!,నో అన్నా వాళ్లు వదల్లేదు!,3.031088352203369
U461328,401479,4,2493696,నో అన్నా వాళ్లు వదల్లేదు!,నో అన్నా వాళ్లు వదల్లేదు!,3.031088352203369
U461328,401479,5,2524541,మహిళ మృతి,మహిళ మృతి,3.018850326538086
U461328,401479,6,2524584,మహిళ మృతి,మహిళ మృతి,3.0167460441589355
U461328,401479,7,2495615,సెట్స్లోకి స్వాగతం,సెట్స్లోకి స్వాగతం,2.9502904415130615
U461328,401479,8,2495686,సెట్స్లోకి స్వాగతం,సెట్స్లోకి స్వాగతం,2.9502904415130615
U461328,401479,9,2495439,సెట్స్లోకి స్వాగతం,సెట్స్లోకి స్వాగతం,2.9502904415130615
U461328,401479,10,335747,వెబ్ సిరీస్ లోకి హీరో సూర్య ఎంట్రీ,వెబ్ సిరీస్ లోకి హీరో సూర్య ఎంట్రీ,2.894770860671997
U462260,402515,1,937990,గోదాం దగ్ధం కేసులో ఇద్దరికి జైలుశిక్ష,గోదాం దగ్ధం కేసులో ఇద్దరికి జైలుశిక్ష,5.443263530731201
U462260,402515,2,2488130,రూ. 24 లక్షల బాణసంచా పట్టివేత,రూ. 24 లక్షల బాణసంచా పట్టివేత,5.433401107788086
U462260,402515,3,2521877,ఫేక్ బెయిల్తో జైలు నుంచి బయటకు,ఫేక్ బెయిల్తో జైలు నుంచి బయటకు,5.41595458984375
U462260,402515,4,2521757,దొంగ.. బెయిల్,దొంగ.. బెయిల్,5.411595344543457
U462260,402515,5,888063,అల్లుడిని చంపిన కేసులో మామ అరెస్టు,అల్లుడిని చంపిన కేసులో మామ అరెస్టు,5.402939319610596
U462260,402515,6,991306,మైనర్ బాలిక హత్యచారం కేసులో నిందితుడు అరెస్టు,మైనర్ బాలిక హత్యచారం కేసులో నిందితుడు అరెస్టు,5.399771690368652
U462260,402515,7,910014,మహిళను వేధించిన కేసులో యువకుడు అరెస్టు,మహిళను వేధించిన కేసులో యువకుడు అరెస్టు,5.397521018981934
U462260,402515,8,2485923,ముగ్గురు గంజాయి విక్రేతల అరెస్టు,ముగ్గురు గంజాయి విక్రేతల అరెస్టు,5.389155864715576
U462260,402515,9,2529405,చింతల్లో దారుణం,చింతల్లో దారుణం,5.374183654785156
U462260,402515,10,648247,చోరీకి పాల్పడిన ముగ్గురి అరెస్టు,చోరీకి పాల్పడిన ముగ్గురి అరెస్టు,5.372206211090088
U462352,402617,1,2488130,రూ. 24 లక్షల బాణసంచా పట్టివేత,రూ. 24 లక్షల బాణసంచా పట్టివేత,2.9523305892944336
U462352,402617,2,937990,గోదాం దగ్ధం కేసులో ఇద్దరికి జైలుశిక్ష,గోదాం దగ్ధం కేసులో ఇద్దరికి జైలుశిక్ష,2.9497368335723877
U462352,402617,3,888063,అల్లుడిని చంపిన కేసులో మామ అరెస్టు,అల్లుడిని చంపిన కేసులో మామ అరెస్టు,2.9467310905456543
U462352,402617,4,910014,మహిళను వేధించిన కేసులో యువకుడు అరెస్టు,మహిళను వేధించిన కేసులో యువకుడు అరెస్టు,2.9460031986236572
U462352,402617,5,2485923,ముగ్గురు గంజాయి విక్రేతల అరెస్టు,ముగ్గురు గంజాయి విక్రేతల అరెస్టు,2.942831039428711
U462352,402617,6,991306,మైనర్ బాలిక హత్యచారం కేసులో నిందితుడు అరెస్టు,మైనర్ బాలిక హత్యచారం కేసులో నిందితుడు అరెస్టు,2.9402453899383545
U462352,402617,7,648247,చోరీకి పాల్పడిన ముగ్గురి అరెస్టు,చోరీకి పాల్పడిన ముగ్గురి అరెస్టు,2.9389407634735107
U462352,402617,8,543186,మహమ్మదాబాద్లో వ్యక్తి హత్య,మహమ్మదాబాద్లో వ్యక్తి హత్య,2.938596725463867
U462352,402617,9,387817,ముగ్గురిపై వెట్టిచాకిరి కేసులు,ముగ్గురిపై వెట్టిచాకిరి కేసులు,2.9327218532562256
U462352,402617,10,604220,చిట్టీల పేరుతో భారీ మోసం ఇద్దరి అరెస్టు,చిట్టీల పేరుతో భారీ మోసం ఇద్దరి అరెస్టు,2.9312188625335693
U464109,404569,1,2528868,జమిలిపై ముందుకు!,జమిలిపై ముందుకు!,3.739495277404785
U464109,404569,2,2505621,25 నుంచి పార్లమెంటు శీతాకాల సమావేశాలు,25 నుంచి పార్లమెంటు శీతాకాల సమావేశాలు,3.7299835681915283
U464109,404569,3,2518106,పార్లమెంటు ముందుకు,పార్లమెంటు ముందుకు,3.7124884128570557
U464109,404569,4,2517765,పార్లమెంటు ముందుకు,పార్లమెంటు ముందుకు,3.7124884128570557
U464109,404569,5,2518272,పార్లమెంటు ముందుకు,పార్లమెంటు ముందుకు,3.7009806632995605
U464109,404569,6,2503356,5న రాష్ట్రానికి రాహుల్,5న రాష్ట్రానికి రాహుల్,3.6981406211853027
U464109,404569,7,2517732,పార్లమెంటు ముందుకు 16 బిల్లులు!,పార్లమెంటు ముందుకు 16 బిల్లులు!,3.6905734539031982
U464109,404569,8,2518049,పార్లమెంటు ముందుకు 16 బిల్లులు!,పార్లమెంటు ముందుకు 16 బిల్లులు!,3.6905734539031982
U464109,404569,9,2517832,పార్లమెంటు ముందుకు 16 బిల్లులు!,పార్లమెంటు ముందుకు 16 బిల్లులు!,3.6905734539031982
U464109,404569,10,2505445,25 నుంచి పార్లమెంట్  శీతాకాల సమావేశాలు,25 నుంచి పార్లమెంట్ శీతాకాల సమావేశాలు,3.6812832355499268
U468146,409054,1,2510149,బాబు.. పవర్ఫుల్ సీఎం!,బాబు.. పవర్ఫుల్ సీఎం!,4.5999860763549805
U468146,409054,2,2517423,చంద్రబాబు చేతికి జగన్ జుత్తు!,చంద్రబాబు చేతికి జగన్ జుత్తు!,4.546882152557373
U468146,409054,3,2496892,కేటీఆర్.. నువ్వో బేవకూఫ్ ,కేటీఆర్.. నువ్వో బేవకూఫ్,4.517556190490723
U468146,409054,4,2496845,కేటీఆర్.. నువ్వో బేవకూఫ్ ,కేటీఆర్.. నువ్వో బేవకూఫ్,4.517556190490723
U468146,409054,5,2494706,అవునా జగన్!,అవునా జగన్!,4.515505790710449
U468146,409054,6,2507285,కేటీఆర్.. యాక్టింగ్ సీఎం ,కేటీఆర్.. యాక్టింగ్ సీఎం,4.4931440353393555
U468146,409054,7,2507102,కేటీఆర్.. యాక్టింగ్ సీఎం ,కేటీఆర్.. యాక్టింగ్ సీఎం,4.4931440353393555
U468146,409054,8,2529443,రేవంత్రెడ్డి మరో కేసీఆర్!,రేవంత్రెడ్డి మరో కేసీఆర్!,4.480733871459961
U468146,409054,9,2529410,రేవంత్రెడ్డి మరో కేసీఆర్!,రేవంత్రెడ్డి మరో కేసీఆర్!,4.480733871459961
U468146,409054,10,2489544,నీ మాటలే నిన్ను పడగొడతాయి ,నీ మాటలే నిన్ను పడగొడతాయి,4.460727691650391
U471231,412483,1,2526063,చలి కాలంలో,చలి కాలంలో,5.147556781768799
U471231,412483,2,2525927,చలి కాలంలో,చలి కాలంలో,5.147556781768799
U471231,412483,3,2483693,కాఫీ సందేశ్!,కాఫీ సందేశ్!,5.078566074371338
U471231,412483,4,2483620,కాఫీ సందేశ్!,కాఫీ సందేశ్!,5.078566074371338
U471231,412483,5,2483635,కాఫీ సందేశ్!,కాఫీ సందేశ్!,5.078566074371338
U471231,412483,6,2502885,ఆప్రికాట్ డిలైట్,ఆప్రికాట్ డిలైట్,5.069408416748047
U471231,412483,7,2502779,ఆప్రికాట్ డిలైట్,ఆప్రికాట్ డిలైట్,5.069408416748047
U471231,412483,8,2503090,ఆప్రికాట్ డిలైట్,ఆప్రికాట్ డిలైట్,5.069408416748047
U471231,412483,9,2516579,శీతాకాలంవేడి వేడిగా..!,శీతాకాలంవేడి వేడిగా..!,4.988532543182373
U471231,412483,10,2531680,బెండకాయలతో బ్రహ్మాండంగా!,బెండకాయలతో బ్రహ్మాండంగా!,4.977465629577637
U471686,412987,1,2483429,పండగ సీజన్పై ‘ఆటో’ ఆశలు,పండగ సీజన్పై ‘ఆటో’ ఆశలు,3.1422231197357178
U471686,412987,2,2483501,పండగ సీజన్పై ‘ఆటో’ ఆశలు,పండగ సీజన్పై ‘ఆటో’ ఆశలు,3.1422231197357178
U471686,412987,3,2483772,పండగ సీజన్పై ‘ఆటో’ ఆశలు,పండగ సీజన్పై ‘ఆటో’ ఆశలు,3.1422231197357178
U471686,412987,4,2523169,స్కోడా కైలాక్ బుకింగ్స్ షురూ,స్కోడా కైలాక్ బుకింగ్స్ షురూ,3.137530565261841
U471686,412987,5,2522969,స్కోడా కైలాక్ బుకింగ్స్ షురూ,స్కోడా కైలాక్ బుకింగ్స్ షురూ,3.137530565261841
U471686,412987,6,2523399,స్కోడా కైలాక్ బుకింగ్స్ షురూ,స్కోడా కైలాక్ బుకింగ్స్ షురూ,3.137530565261841
U471686,412987,7,2524737,హోండా అమేజ్ కొత్త వెర్షన్,హోండా అమేజ్ కొత్త వెర్షన్,3.1275317668914795
U471686,412987,8,2524309,హోండా అమేజ్ కొత్త వెర్షన్,హోండా అమేజ్ కొత్త వెర్షన్,3.1275317668914795
U471686,412987,9,2524477,హోండా అమేజ్ కొత్త వెర్షన్,హోండా అమేజ్ కొత్త వెర్షన్,3.1275317668914795
U471686,412987,10,2510782,మారుతి సుజుకి ’న్యూ ఆల్ డిజైర్’ కారు విడుదల,మారుతి సుజుకి ’న్యూ ఆల్ డిజైర్’ కారు విడుదల,3.1128039360046387
U472300,413671,1,728477,నేటి వాతావరణ సమాచారం,నేటి వాతావరణ సమాచారం,2.9320950508117676
U472300,413671,2,2543538,గజగజ,గజగజ,2.930730104446411
U472300,413671,3,2543662,గజగజ,గజగజ,2.930730104446411
U472300,413671,4,2529776,"ఏజెన్సీలు గజగజపడిపోయిన ఉష్ణోగ్రతలు,  కమ్మేస్తున్న పొగమంచు","ఏజెన్సీలు గజగజపడిపోయిన ఉష్ణోగ్రతలు, కమ్మేస్తున్న పొగమంచు",2.9304628372192383
U472300,413671,5,2529663,"ఏజెన్సీలు గజగజపడిపోయిన ఉష్ణోగ్రతలు,  కమ్మేస్తున్న పొగమంచు","ఏజెన్సీలు గజగజపడిపోయిన ఉష్ణోగ్రతలు, కమ్మేస్తున్న పొగమంచు",2.9304628372192383
U472300,413671,6,2502865,ఈ నెల చలి తక్కువే!,ఈ నెల చలి తక్కువే!,2.930351734161377
U472300,413671,7,2503064,ఈ నెల చలి తక్కువే!,ఈ నెల చలి తక్కువే!,2.930351734161377
U472300,413671,8,2543983,ఏజెనీ్స గజగజ ,ఏజెనీ్స గజగజ,2.9300246238708496
U472300,413671,9,2507247,వేడీ ఎక్కువే.. చలీ ఎక్కువే! ,వేడీ ఎక్కువే.. చలీ ఎక్కువే!,2.9300179481506348
U472300,413671,10,2507298,వేడీ ఎక్కువే.. చలీ ఎక్కువే! ,వేడీ ఎక్కువే.. చలీ ఎక్కువే!,2.9300179481506348
U473624,415141,1,666456,ఇప్పట్లో ధోనీ రిటైర్ అవ్వడు : ఎమ్మెస్కే,ఇప్పట్లో ధోనీ రిటైర్ అవ్వడు : ఎమ్మెస్కే,5.424335479736328
U473624,415141,2,2529957,ఆకాశ్దీప్ ఆడేనా?,ఆకాశ్దీప్ ఆడేనా?,5.42410135269165
U473624,415141,3,2529927,ఆకాశ్దీప్ ఆడేనా?,ఆకాశ్దీప్ ఆడేనా?,5.42410135269165
U473624,415141,4,2530007,ఆకాశ్దీప్ ఆడేనా?,ఆకాశ్దీప్ ఆడేనా?,5.42410135269165
U473624,415141,5,540597,వెస్టిండీస్ పర్యటనకు భారత జట్టు ప్రకటన,వెస్టిండీస్ పర్యటనకు భారత జట్టు ప్రకటన,5.424086570739746
U473624,415141,6,2543414,రోహిత్కు ముందే చెప్పేశారా?,రోహిత్కు ముందే చెప్పేశారా?,5.4235100746154785
U473624,415141,7,2543335,రోహిత్కు ముందే చెప్పేశారా?,రోహిత్కు ముందే చెప్పేశారా?,5.4235100746154785
U473624,415141,8,2542932,రోహిత్కు ముందే చెప్పేశారా?,రోహిత్కు ముందే చెప్పేశారా?,5.4235100746154785
U473624,415141,9,2545264,‘రిజర్వ్’ పేస్లో ,‘రిజర్వ్’ పేస్లో,5.423285961151123
U473624,415141,10,2544989,‘రిజర్వ్’ పేస్లో ,‘రిజర్వ్’ పేస్లో,5.423285961151123
U474392,415994,1,2527035,బరువు పెరగాలంటే..! ,బరువు పెరగాలంటే..!,2.1410176753997803
U474392,415994,2,2514456,ఇలా చేస్తే మెదడుకు హాని,ఇలా చేస్తే మెదడుకు హాని,2.1398112773895264
U474392,415994,3,2514928,ఇలా చేస్తే మెదడుకు హాని,ఇలా చేస్తే మెదడుకు హాని,2.1398112773895264
U474392,415994,4,2514604,ఇలా చేస్తే మెదడుకు హాని,ఇలా చేస్తే మెదడుకు హాని,2.1398112773895264
U474392,415994,5,2507941,బరువు తగ్గండిలా...,బరువు తగ్గండిలా...,2.139502763748169
U474392,415994,6,2508244,బరువు తగ్గండిలా...,బరువు తగ్గండిలా...,2.139502763748169
U474392,415994,7,2508045,బరువు తగ్గండిలా...,బరువు తగ్గండిలా...,2.139502763748169
U474392,415994,8,2504853,ఇన్ఫ్లమేషన్ ,ఇన్ఫ్లమేషన్,2.1394498348236084
U474392,415994,9,2496191,మందులు వ్యసనంగా మారితే? ,మందులు వ్యసనంగా మారితే?,2.139068841934204
U474392,415994,10,2496277,మందులు వ్యసనంగా మారితే? ,మందులు వ్యసనంగా మారితే?,2.139068841934204
U475463,417184,1,2527035,బరువు పెరగాలంటే..! ,బరువు పెరగాలంటే..!,2.0607237815856934
U475463,417184,2,2514604,ఇలా చేస్తే మెదడుకు హాని,ఇలా చేస్తే మెదడుకు హాని,2.0582070350646973
U475463,417184,3,2514456,ఇలా చేస్తే మెదడుకు హాని,ఇలా చేస్తే మెదడుకు హాని,2.0582070350646973
U475463,417184,4,2514928,ఇలా చేస్తే మెదడుకు హాని,ఇలా చేస్తే మెదడుకు హాని,2.0582070350646973
U475463,417184,5,2508244,బరువు తగ్గండిలా...,బరువు తగ్గండిలా...,2.0574631690979004
U475463,417184,6,2508045,బరువు తగ్గండిలా...,బరువు తగ్గండిలా...,2.0574631690979004
U475463,417184,7,2507941,బరువు తగ్గండిలా...,బరువు తగ్గండిలా...,2.0574631690979004
U475463,417184,8,2504853,ఇన్ఫ్లమేషన్ ,ఇన్ఫ్లమేషన్,2.0574021339416504
U475463,417184,9,2527869,పండ్లు పరిమితంగానే...                        ,పండ్లు పరిమితంగానే...,2.0570321083068848
U475463,417184,10,2528217,పండ్లు పరిమితంగానే...                        ,పండ్లు పరిమితంగానే...,2.0570321083068848
U479917,422132,1,2504924,కెనడాలో హిందూ  ఆలయంపై దాడి,కెనడాలో హిందూ ఆలయంపై దాడి,1.8745676279067993
U479917,422132,2,2505088,కెనడాలో హిందూ  ఆలయంపై దాడి,కెనడాలో హిందూ ఆలయంపై దాడి,1.8745676279067993
U479917,422132,3,2519719,‘ఇస్కాన్’పై బంగ్లాదేశ్లో నిషేధం?,‘ఇస్కాన్’పై బంగ్లాదేశ్లో నిషేధం?,1.8699519634246826
U479917,422132,4,2519811,‘ఇస్కాన్’పై బంగ్లాదేశ్లో నిషేధం?,‘ఇస్కాన్’పై బంగ్లాదేశ్లో నిషేధం?,1.8699519634246826
U479917,422132,5,2536824,హసీనాను మాకు  అప్పగించండిభారత్ను కోరిన బంగ్లాదేశ్,హసీనాను మాకు అప్పగించండిభారత్ను కోరిన బంగ్లాదేశ్,1.8689144849777222
U479917,422132,6,2536558,హసీనాను మాకు  అప్పగించండిభారత్ను కోరిన బంగ్లాదేశ్,హసీనాను మాకు అప్పగించండిభారత్ను కోరిన బంగ్లాదేశ్,1.8689144849777222
U479917,422132,7,2536750,హసీనాను మాకు  అప్పగించండిభారత్ను కోరిన బంగ్లాదేశ్,హసీనాను మాకు అప్పగించండిభారత్ను కోరిన బంగ్లాదేశ్,1.8689144849777222
U479917,422132,8,2520014,‘ఇస్కాన్’పై బంగ్లాదేశ్లో నిషేధం!,‘ఇస్కాన్’పై బంగ్లాదేశ్లో నిషేధం!,1.8688009977340698
U479917,422132,9,2493912,శ్వేతపత్రాలపై ఏం చేశారు? ,శ్వేతపత్రాలపై ఏం చేశారు?,1.8686494827270508
U479917,422132,10,2510216,కెనడాలో భారతీయులకు గండం! ,కెనడాలో భారతీయులకు గండం!,1.8685636520385742
U480119,422358,1,2507347,ఇలా అలంకరిస్తే ,ఇలా అలంకరిస్తే,2.0116755962371826
U480119,422358,2,2507149,ఇలా అలంకరిస్తే ,ఇలా అలంకరిస్తే,2.0116755962371826
U480119,422358,3,2507430,ఇలా అలంకరిస్తే ,ఇలా అలంకరిస్తే,2.0116755962371826
U480119,422358,4,2492910,ఆర్గంజా అదరహో... ,ఆర్గంజా అదరహో...,2.003169298171997
U480119,422358,5,2541361,ఇంటిని అందంగా అలంకరిద్దాం!,ఇంటిని అందంగా అలంకరిద్దాం!,2.0009422302246094
U480119,422358,6,2541389,అందంగా అలంకరిద్దాం!,అందంగా అలంకరిద్దాం!,1.9860305786132812
U480119,422358,7,2505205,ఇల్లు విలాసవంతంగా,ఇల్లు విలాసవంతంగా,1.978179693222046
U480119,422358,8,2505382,ఇల్లు విలాసవంతంగా,ఇల్లు విలాసవంతంగా,1.978179693222046
U480119,422358,9,2527035,బరువు పెరగాలంటే..! ,బరువు పెరగాలంటే..!,1.973534345626831
U480119,422358,10,2514928,ఇలా చేస్తే మెదడుకు హాని,ఇలా చేస్తే మెదడుకు హాని,1.9721981287002563
U480131,422372,1,2483501,పండగ సీజన్పై ‘ఆటో’ ఆశలు,పండగ సీజన్పై ‘ఆటో’ ఆశలు,3.057670831680298
U480131,422372,2,2483429,పండగ సీజన్పై ‘ఆటో’ ఆశలు,పండగ సీజన్పై ‘ఆటో’ ఆశలు,3.057670831680298
U480131,422372,3,2483772,పండగ సీజన్పై ‘ఆటో’ ఆశలు,పండగ సీజన్పై ‘ఆటో’ ఆశలు,3.057670831680298
U480131,422372,4,2523169,స్కోడా కైలాక్ బుకింగ్స్ షురూ,స్కోడా కైలాక్ బుకింగ్స్ షురూ,3.0541555881500244
U480131,422372,5,2522969,స్కోడా కైలాక్ బుకింగ్స్ షురూ,స్కోడా కైలాక్ బుకింగ్స్ షురూ,3.0541555881500244
U480131,422372,6,2523399,స్కోడా కైలాక్ బుకింగ్స్ షురూ,స్కోడా కైలాక్ బుకింగ్స్ షురూ,3.0541555881500244
U480131,422372,7,2524477,హోండా అమేజ్ కొత్త వెర్షన్,హోండా అమేజ్ కొత్త వెర్షన్,3.044306993484497
U480131,422372,8,2524737,హోండా అమేజ్ కొత్త వెర్షన్,హోండా అమేజ్ కొత్త వెర్షన్,3.044306993484497
U480131,422372,9,2524309,హోండా అమేజ్ కొత్త వెర్షన్,హోండా అమేజ్ కొత్త వెర్షన్,3.044306993484497
U480131,422372,10,2510782,మారుతి సుజుకి ’న్యూ ఆల్ డిజైర్’ కారు విడుదల,మారుతి సుజుకి ’న్యూ ఆల్ డిజైర్’ కారు విడుదల,3.030524253845215
U481346,423721,1,2483429,పండగ సీజన్పై ‘ఆటో’ ఆశలు,పండగ సీజన్పై ‘ఆటో’ ఆశలు,2.9630746841430664
U481346,423721,2,2483772,పండగ సీజన్పై ‘ఆటో’ ఆశలు,పండగ సీజన్పై ‘ఆటో’ ఆశలు,2.9630746841430664
U481346,423721,3,2483501,పండగ సీజన్పై ‘ఆటో’ ఆశలు,పండగ సీజన్పై ‘ఆటో’ ఆశలు,2.9630746841430664
U481346,423721,4,2523399,స్కోడా కైలాక్ బుకింగ్స్ షురూ,స్కోడా కైలాక్ బుకింగ్స్ షురూ,2.959974765777588
U481346,423721,5,2523169,స్కోడా కైలాక్ బుకింగ్స్ షురూ,స్కోడా కైలాక్ బుకింగ్స్ షురూ,2.959974765777588
U481346,423721,6,2522969,స్కోడా కైలాక్ బుకింగ్స్ షురూ,స్కోడా కైలాక్ బుకింగ్స్ షురూ,2.959974765777588
U481346,423721,7,2524477,హోండా అమేజ్ కొత్త వెర్షన్,హోండా అమేజ్ కొత్త వెర్షన్,2.9537572860717773
U481346,423721,8,2524737,హోండా అమేజ్ కొత్త వెర్షన్,హోండా అమేజ్ కొత్త వెర్షన్,2.9537572860717773
U481346,423721,9,2524309,హోండా అమేజ్ కొత్త వెర్షన్,హోండా అమేజ్ కొత్త వెర్షన్,2.9537572860717773
U481346,423721,10,2510782,మారుతి సుజుకి ’న్యూ ఆల్ డిజైర్’ కారు విడుదల,మారుతి సుజుకి ’న్యూ ఆల్ డిజైర్’ కారు విడుదల,2.9418938159942627
U482814,425352,1,723423,Blur : ముగిసిన ' బ్లర్ ' చిత్రీకరణ,Blur : ముగిసిన ' బ్లర్ ' చిత్రీకరణ,2.733734130859375
U482814,425352,2,2533130,రాబిన్హుడ్ వాయిదా...,రాబిన్హుడ్ వాయిదా...,2.733555316925049
U482814,425352,3,2532704,రాబిన్హుడ్ వాయిదా...,రాబిన్హుడ్ వాయిదా...,2.733555316925049
U482814,425352,4,2532829,రాబిన్హుడ్ వాయిదా...,రాబిన్హుడ్ వాయిదా...,2.733555316925049
U482814,425352,5,2540424,రొమాంటిక్ ఎంటర్టైనర్,రొమాంటిక్ ఎంటర్టైనర్,2.73266863822937
U482814,425352,6,2540458,రొమాంటిక్ ఎంటర్టైనర్,రొమాంటిక్ ఎంటర్టైనర్,2.73266863822937
U482814,425352,7,2540403,రొమాంటిక్ ఎంటర్టైనర్,రొమాంటిక్ ఎంటర్టైనర్,2.73266863822937
U482814,425352,8,2484613,కొత్త కాన్సెప్ట్,కొత్త కాన్సెప్ట్,2.7314672470092773
U482814,425352,9,2484804,కొత్త కాన్సెప్ట్,కొత్త కాన్సెప్ట్,2.7314672470092773
U482814,425352,10,2484488,కొత్త కాన్సెప్ట్,కొత్త కాన్సెప్ట్,2.7314672470092773
U484776,427531,1,540597,వెస్టిండీస్ పర్యటనకు భారత జట్టు ప్రకటన,వెస్టిండీస్ పర్యటనకు భారత జట్టు ప్రకటన,3.1178696155548096
U484776,427531,2,666456,ఇప్పట్లో ధోనీ రిటైర్ అవ్వడు : ఎమ్మెస్కే,ఇప్పట్లో ధోనీ రిటైర్ అవ్వడు : ఎమ్మెస్కే,3.1178500652313232
U484776,427531,3,2529957,ఆకాశ్దీప్ ఆడేనా?,ఆకాశ్దీప్ ఆడేనా?,3.117816209793091
U484776,427531,4,2530007,ఆకాశ్దీప్ ఆడేనా?,ఆకాశ్దీప్ ఆడేనా?,3.117816209793091
U484776,427531,5,2529927,ఆకాశ్దీప్ ఆడేనా?,ఆకాశ్దీప్ ఆడేనా?,3.117816209793091
U484776,427531,6,2543414,రోహిత్కు ముందే చెప్పేశారా?,రోహిత్కు ముందే చెప్పేశారా?,3.117528200149536
U484776,427531,7,2542932,రోహిత్కు ముందే చెప్పేశారా?,రోహిత్కు ముందే చెప్పేశారా?,3.117528200149536
U484776,427531,8,2543335,రోహిత్కు ముందే చెప్పేశారా?,రోహిత్కు ముందే చెప్పేశారా?,3.117528200149536
U484776,427531,9,2509585, బుమ్రాకే పగ్గాలు!,బుమ్రాకే పగ్గాలు!,3.117367744445801
U484776,427531,10,2509453, బుమ్రాకే పగ్గాలు!,బుమ్రాకే పగ్గాలు!,3.117367744445801
U486172,429083,1,2526063,చలి కాలంలో,చలి కాలంలో,3.068621873855591
U486172,429083,2,2525927,చలి కాలంలో,చలి కాలంలో,3.068621873855591
U486172,429083,3,2483635,కాఫీ సందేశ్!,కాఫీ సందేశ్!,3.0280215740203857
U486172,429083,4,2483693,కాఫీ సందేశ్!,కాఫీ సందేశ్!,3.0280215740203857
U486172,429083,5,2483620,కాఫీ సందేశ్!,కాఫీ సందేశ్!,3.0280215740203857
U486172,429083,6,2502885,ఆప్రికాట్ డిలైట్,ఆప్రికాట్ డిలైట్,3.0279300212860107
U486172,429083,7,2503090,ఆప్రికాట్ డిలైట్,ఆప్రికాట్ డిలైట్,3.0279300212860107
U486172,429083,8,2502779,ఆప్రికాట్ డిలైట్,ఆప్రికాట్ డిలైట్,3.0279300212860107
U486172,429083,9,2516579,శీతాకాలంవేడి వేడిగా..!,శీతాకాలంవేడి వేడిగా..!,2.975399971008301
U486172,429083,10,2531974,బెండకాయలతో బ్రహ్మాండంగా!,బెండకాయలతో బ్రహ్మాండంగా!,2.959284782409668
U487497,430554,1,666637,రానా ' హిరణ్య కశ్యప’ మూవీ నుంచి లేటెస్ట్ అప్డేట్ !,రానా ' హిరణ్య కశ్యప’ మూవీ నుంచి లేటెస్ట్ అప్డేట్ !,1.8318878412246704
U487497,430554,2,723423,Blur : ముగిసిన ' బ్లర్ ' చిత్రీకరణ,Blur : ముగిసిన ' బ్లర్ ' చిత్రీకరణ,1.8314913511276245
U487497,430554,3,2493133,థ్రిల్ ఇచ్చే డీల్,థ్రిల్ ఇచ్చే డీల్,1.8307442665100098
U487497,430554,4,2493002,థ్రిల్ ఇచ్చే డీల్,థ్రిల్ ఇచ్చే డీల్,1.8307442665100098
U487497,430554,5,2493360,థ్రిల్ ఇచ్చే డీల్,థ్రిల్ ఇచ్చే డీల్,1.8307442665100098
U487497,430554,6,468101,' తిమ్మరుసు ' విడుదలకు రెడీ,' తిమ్మరుసు ' విడుదలకు రెడీ,1.8306649923324585
U487497,430554,7,800065,‘మహానటి’ రిలీజ్ డేట్ ఫిక్స్,‘మహానటి’ రిలీజ్ డేట్ ఫిక్స్,1.8296689987182617
U487497,430554,8,2540458,రొమాంటిక్ ఎంటర్టైనర్,రొమాంటిక్ ఎంటర్టైనర్,1.82920503616333
U487497,430554,9,2540424,రొమాంటిక్ ఎంటర్టైనర్,రొమాంటిక్ ఎంటర్టైనర్,1.82920503616333
U487497,430554,10,2540403,రొమాంటిక్ ఎంటర్టైనర్,రొమాంటిక్ ఎంటర్టైనర్,1.82920503616333
U487956,431064,1,937990,గోదాం దగ్ధం కేసులో ఇద్దరికి జైలుశిక్ష,గోదాం దగ్ధం కేసులో ఇద్దరికి జైలుశిక్ష,2.3947606086730957
U487956,431064,2,2488130,రూ. 24 లక్షల బాణసంచా పట్టివేత,రూ. 24 లక్షల బాణసంచా పట్టివేత,2.39233136177063
U487956,431064,3,888063,అల్లుడిని చంపిన కేసులో మామ అరెస్టు,అల్లుడిని చంపిన కేసులో మామ అరెస్టు,2.3841543197631836
U487956,431064,4,910014,మహిళను వేధించిన కేసులో యువకుడు అరెస్టు,మహిళను వేధించిన కేసులో యువకుడు అరెస్టు,2.382476329803467
U487956,431064,5,991306,మైనర్ బాలిక హత్యచారం కేసులో నిందితుడు అరెస్టు,మైనర్ బాలిక హత్యచారం కేసులో నిందితుడు అరెస్టు,2.381566286087036
U487956,431064,6,2521877,ఫేక్ బెయిల్తో జైలు నుంచి బయటకు,ఫేక్ బెయిల్తో జైలు నుంచి బయటకు,2.38152813911438
U487956,431064,7,2521757,దొంగ.. బెయిల్,దొంగ.. బెయిల్,2.3792641162872314
U487956,431064,8,2485923,ముగ్గురు గంజాయి విక్రేతల అరెస్టు,ముగ్గురు గంజాయి విక్రేతల అరెస్టు,2.37782883644104
U487956,431064,9,648247,చోరీకి పాల్పడిన ముగ్గురి అరెస్టు,చోరీకి పాల్పడిన ముగ్గురి అరెస్టు,2.373809576034546
U487956,431064,10,543186,మహమ్మదాబాద్లో వ్యక్తి హత్య,మహమ్మదాబాద్లో వ్యక్తి హత్య,2.3715572357177734
U488254,431396,1,937990,గోదాం దగ్ధం కేసులో ఇద్దరికి జైలుశిక్ష,గోదాం దగ్ధం కేసులో ఇద్దరికి జైలుశిక్ష,6.809633255004883
U488254,431396,2,2521877,ఫేక్ బెయిల్తో జైలు నుంచి బయటకు,ఫేక్ బెయిల్తో జైలు నుంచి బయటకు,6.802213191986084
U488254,431396,3,2521757,దొంగ.. బెయిల్,దొంగ.. బెయిల్,6.795825004577637
U488254,431396,4,2488130,రూ. 24 లక్షల బాణసంచా పట్టివేత,రూ. 24 లక్షల బాణసంచా పట్టివేత,6.787347316741943
U488254,431396,5,991306,మైనర్ బాలిక హత్యచారం కేసులో నిందితుడు అరెస్టు,మైనర్ బాలిక హత్యచారం కేసులో నిందితుడు అరెస్టు,6.7606611251831055
U488254,431396,6,888063,అల్లుడిని చంపిన కేసులో మామ అరెస్టు,అల్లుడిని చంపిన కేసులో మామ అరెస్టు,6.7522430419921875
U488254,431396,7,910014,మహిళను వేధించిన కేసులో యువకుడు అరెస్టు,మహిళను వేధించిన కేసులో యువకుడు అరెస్టు,6.744986057281494
U488254,431396,8,2529405,చింతల్లో దారుణం,చింతల్లో దారుణం,6.740567207336426
U488254,431396,9,2485923,ముగ్గురు గంజాయి విక్రేతల అరెస్టు,ముగ్గురు గంజాయి విక్రేతల అరెస్టు,6.727810382843018
U488254,431396,10,648247,చోరీకి పాల్పడిన ముగ్గురి అరెస్టు,చోరీకి పాల్పడిన ముగ్గురి అరెస్టు,6.708208084106445
U489602,432894,1,2528868,జమిలిపై ముందుకు!,జమిలిపై ముందుకు!,2.798003911972046
U489602,432894,2,2505621,25 నుంచి పార్లమెంటు శీతాకాల సమావేశాలు,25 నుంచి పార్లమెంటు శీతాకాల సమావేశాలు,2.7924904823303223
U489602,432894,3,2518106,పార్లమెంటు ముందుకు,పార్లమెంటు ముందుకు,2.7786946296691895
U489602,432894,4,2517765,పార్లమెంటు ముందుకు,పార్లమెంటు ముందుకు,2.7786946296691895
U489602,432894,5,2518272,పార్లమెంటు ముందుకు,పార్లమెంటు ముందుకు,2.7709453105926514
U489602,432894,6,2503356,5న రాష్ట్రానికి రాహుల్,5న రాష్ట్రానికి రాహుల్,2.770211935043335
U489602,432894,7,2517832,పార్లమెంటు ముందుకు 16 బిల్లులు!,పార్లమెంటు ముందుకు 16 బిల్లులు!,2.7636618614196777
U489602,432894,8,2517732,పార్లమెంటు ముందుకు 16 బిల్లులు!,పార్లమెంటు ముందుకు 16 బిల్లులు!,2.7636618614196777
U489602,432894,9,2518049,పార్లమెంటు ముందుకు 16 బిల్లులు!,పార్లమెంటు ముందుకు 16 బిల్లులు!,2.7636618614196777
U489602,432894,10,2527970,ఏపీ కేబినెట్లోకి నాగబాబు!,ఏపీ కేబినెట్లోకి నాగబాబు!,2.758667469024658
U491825,435364,1,2483429,పండగ సీజన్పై ‘ఆటో’ ఆశలు,పండగ సీజన్పై ‘ఆటో’ ఆశలు,4.154388427734375
U491825,435364,2,2483772,పండగ సీజన్పై ‘ఆటో’ ఆశలు,పండగ సీజన్పై ‘ఆటో’ ఆశలు,4.154388427734375
U491825,435364,3,2483501,పండగ సీజన్పై ‘ఆటో’ ఆశలు,పండగ సీజన్పై ‘ఆటో’ ఆశలు,4.154388427734375
U491825,435364,4,2522969,స్కోడా కైలాక్ బుకింగ్స్ షురూ,స్కోడా కైలాక్ బుకింగ్స్ షురూ,4.149796485900879
U491825,435364,5,2523169,స్కోడా కైలాక్ బుకింగ్స్ షురూ,స్కోడా కైలాక్ బుకింగ్స్ షురూ,4.149796485900879
U491825,435364,6,2523399,స్కోడా కైలాక్ బుకింగ్స్ షురూ,స్కోడా కైలాక్ బుకింగ్స్ షురూ,4.149796485900879
U491825,435364,7,2524309,హోండా అమేజ్ కొత్త వెర్షన్,హోండా అమేజ్ కొత్త వెర్షన్,4.137702941894531
U491825,435364,8,2524477,హోండా అమేజ్ కొత్త వెర్షన్,హోండా అమేజ్ కొత్త వెర్షన్,4.137702941894531
U491825,435364,9,2524737,హోండా అమేజ్ కొత్త వెర్షన్,హోండా అమేజ్ కొత్త వెర్షన్,4.137702941894531
U491825,435364,10,2510782,మారుతి సుజుకి ’న్యూ ఆల్ డిజైర్’ కారు విడుదల,మారుతి సుజుకి ’న్యూ ఆల్ డిజైర్’ కారు విడుదల,4.123325824737549
U492282,435872,1,2483635,కాఫీ సందేశ్!,కాఫీ సందేశ్!,3.9572293758392334
U492282,435872,2,2483620,కాఫీ సందేశ్!,కాఫీ సందేశ్!,3.9572293758392334
U492282,435872,3,2483693,కాఫీ సందేశ్!,కాఫీ సందేశ్!,3.9572293758392334
U492282,435872,4,2526063,చలి కాలంలో,చలి కాలంలో,3.956087827682495
U492282,435872,5,2525927,చలి కాలంలో,చలి కాలంలో,3.956087827682495
U492282,435872,6,2494245,రుచికి రుచి,రుచికి రుచి,3.913421154022217
U492282,435872,7,2494615,రుచికి రుచి,రుచికి రుచి,3.913421154022217
U492282,435872,8,2516579,శీతాకాలంవేడి వేడిగా..!,శీతాకాలంవేడి వేడిగా..!,3.9076859951019287
U492282,435872,9,2521059,చపాతీలతో తింటే భలే రుచి,చపాతీలతో తింటే భలే రుచి,3.9056289196014404
U492282,435872,10,2502885,ఆప్రికాట్ డిలైట్,ఆప్రికాట్ డిలైట్,3.899231195449829
U492917,436577,1,2541167,ఏడాదిలో రూ.77.6 లక్షల కోట్లు ,ఏడాదిలో రూ.77.6 లక్షల కోట్లు,5.4467453956604
U492917,436577,2,2541219,ఏడాదిలో రూ.77.6 లక్షల కోట్లు ,ఏడాదిలో రూ.77.6 లక్షల కోట్లు,5.4467453956604
U492917,436577,3,2541551,ఏడాదిలో రూ.77.6 లక్షల కోట్లు ,ఏడాదిలో రూ.77.6 లక్షల కోట్లు,5.4467453956604
U492917,436577,4,2493810,"ఇన్ఫీ లాభం రూ.6,506 కోట్లు","ఇన్ఫీ లాభం రూ.6,506 కోట్లు",5.446285247802734
U492917,436577,5,2493695,"ఇన్ఫీ లాభం రూ.6,506 కోట్లు","ఇన్ఫీ లాభం రూ.6,506 కోట్లు",5.446285247802734
U492917,436577,6,2494006,"ఇన్ఫీ లాభం రూ.6,506 కోట్లు","ఇన్ఫీ లాభం రూ.6,506 కోట్లు",5.446285247802734
U492917,436577,7,2502725,మురిపించిన ‘మూరత్’,మురిపించిన ‘మూరత్’,5.445981502532959
U492917,436577,8,2503289,మురిపించిన ‘మూరత్’,మురిపించిన ‘మూరత్’,5.445981502532959
U492917,436577,9,2502831,మురిపించిన ‘మూరత్’,మురిపించిన ‘మూరత్’,5.445981502532959
U492917,436577,10,2499551,"ఐసీఐసీఐ బ్యాంక్  లాభం రూ.11,746 కోట్లు ","ఐసీఐసీఐ బ్యాంక్ లాభం రూ.11,746 కోట్లు",5.445425987243652
U493934,437707,1,723423,Blur : ముగిసిన ' బ్లర్ ' చిత్రీకరణ,Blur : ముగిసిన ' బ్లర్ ' చిత్రీకరణ,3.528254985809326
U493934,437707,2,666637,రానా ' హిరణ్య కశ్యప’ మూవీ నుంచి లేటెస్ట్ అప్డేట్ !,రానా ' హిరణ్య కశ్యప’ మూవీ నుంచి లేటెస్ట్ అప్డేట్ !,3.5193421840667725
U493934,437707,3,800065,‘మహానటి’ రిలీజ్ డేట్ ఫిక్స్,‘మహానటి’ రిలీజ్ డేట్ ఫిక్స్,3.5183908939361572
U493934,437707,4,2540403,రొమాంటిక్ ఎంటర్టైనర్,రొమాంటిక్ ఎంటర్టైనర్,3.516845226287842
U493934,437707,5,2540424,రొమాంటిక్ ఎంటర్టైనర్,రొమాంటిక్ ఎంటర్టైనర్,3.516845226287842
U493934,437707,6,2540458,రొమాంటిక్ ఎంటర్టైనర్,రొమాంటిక్ ఎంటర్టైనర్,3.516845226287842
U493934,437707,7,468101,' తిమ్మరుసు ' విడుదలకు రెడీ,' తిమ్మరుసు ' విడుదలకు రెడీ,3.5156044960021973
U493934,437707,8,421537,ఈ నెల 17 న రానున్న ' అర్జున్ సురవరం ',ఈ నెల 17 న రానున్న ' అర్జున్ సురవరం ',3.515279769897461
U493934,437707,9,867192,ఆర్ఆర్ఆర్ షూటింగ్ మళ్లీ వాయిదా,ఆర్ఆర్ఆర్ షూటింగ్ మళ్లీ వాయిదా,3.5127971172332764
U493934,437707,10,220395,"నారా రోహిత్ , సుధీర్ బాబు , శ్రీవిష్ణు మల్టీ స్టారర్ ... ‘వీర భోగ వసంత రాయలు’","నారా రోహిత్ , సుధీర్ బాబు , శ్రీవిష్ణు మల్టీ స్టారర్ ... ‘వీర భోగ వసంత రాయలు’",3.5126287937164307
U496956,441064,1,666456,ఇప్పట్లో ధోనీ రిటైర్ అవ్వడు : ఎమ్మెస్కే,ఇప్పట్లో ధోనీ రిటైర్ అవ్వడు : ఎమ్మెస్కే,3.3500728607177734
U496956,441064,2,2530007,ఆకాశ్దీప్ ఆడేనా?,ఆకాశ్దీప్ ఆడేనా?,3.3499374389648438
U496956,441064,3,2529957,ఆకాశ్దీప్ ఆడేనా?,ఆకాశ్దీప్ ఆడేనా?,3.3499374389648438
U496956,441064,4,2529927,ఆకాశ్దీప్ ఆడేనా?,ఆకాశ్దీప్ ఆడేనా?,3.3499374389648438
U496956,441064,5,540597,వెస్టిండీస్ పర్యటనకు భారత జట్టు ప్రకటన,వెస్టిండీస్ పర్యటనకు భారత జట్టు ప్రకటన,3.3499033451080322
U496956,441064,6,2543335,రోహిత్కు ముందే చెప్పేశారా?,రోహిత్కు ముందే చెప్పేశారా?,3.3495237827301025
U496956,441064,7,2545264,‘రిజర్వ్’ పేస్లో ,‘రిజర్వ్’ పేస్లో,3.3495237827301025
U496956,441064,8,2543414,రోహిత్కు ముందే చెప్పేశారా?,రోహిత్కు ముందే చెప్పేశారా?,3.3495237827301025
U496956,441064,9,2544989,‘రిజర్వ్’ పేస్లో ,‘రిజర్వ్’ పేస్లో,3.3495237827301025
U496956,441064,10,2544674,‘రిజర్వ్’ పేస్లో ,‘రిజర్వ్’ పేస్లో,3.3495237827301025
U498219,442468,1,2513315,హాట్ హిట్స్,హాట్ హిట్స్,2.9841763973236084
U498219,442468,2,2513089,హాట్ హిట్స్,హాట్ హిట్స్,2.9841763973236084
U498219,442468,3,2513068,హాట్ హిట్స్,హాట్ హిట్స్,2.9841763973236084
U498219,442468,4,2508615,హాట్ హిట్స్ ,హాట్ హిట్స్,2.983330249786377
U498219,442468,5,2508601,హాట్ హిట్స్ ,హాట్ హిట్స్,2.983330249786377
U498219,442468,6,2508608,హాట్ హిట్స్ ,హాట్ హిట్స్,2.983330249786377
U498219,442468,7,2515611,ఆమె కూడా భర్తకు విడాకులు ఇచ్చింది,ఆమె కూడా భర్తకు విడాకులు ఇచ్చింది,2.974468946456909
U498219,442468,8,2515130,ఆమె కూడా భర్తకు విడాకులు ఇచ్చింది,ఆమె కూడా భర్తకు విడాకులు ఇచ్చింది,2.974468946456909
U498219,442468,9,2515400,ఆమె కూడా భర్తకు విడాకులు ఇచ్చింది,ఆమె కూడా భర్తకు విడాకులు ఇచ్చింది,2.974468946456909
U498219,442468,10,2527189,హాట్ హిట్స్,హాట్ హిట్స్,2.968813419342041
U501098,445668,1,2541219,ఏడాదిలో రూ.77.6 లక్షల కోట్లు ,ఏడాదిలో రూ.77.6 లక్షల కోట్లు,1.469516396522522
U501098,445668,2,2541167,ఏడాదిలో రూ.77.6 లక్షల కోట్లు ,ఏడాదిలో రూ.77.6 లక్షల కోట్లు,1.469516396522522
U501098,445668,3,2541551,ఏడాదిలో రూ.77.6 లక్షల కోట్లు ,ఏడాదిలో రూ.77.6 లక్షల కోట్లు,1.469516396522522
U501098,445668,4,2494006,"ఇన్ఫీ లాభం రూ.6,506 కోట్లు","ఇన్ఫీ లాభం రూ.6,506 కోట్లు",1.4691927433013916
U501098,445668,5,2493695,"ఇన్ఫీ లాభం రూ.6,506 కోట్లు","ఇన్ఫీ లాభం రూ.6,506 కోట్లు",1.4691927433013916
U501098,445668,6,2493810,"ఇన్ఫీ లాభం రూ.6,506 కోట్లు","ఇన్ఫీ లాభం రూ.6,506 కోట్లు",1.4691927433013916
U501098,445668,7,2503289,మురిపించిన ‘మూరత్’,మురిపించిన ‘మూరత్’,1.4689278602600098
U501098,445668,8,2502725,మురిపించిన ‘మూరత్’,మురిపించిన ‘మూరత్’,1.4689278602600098
U501098,445668,9,2502831,మురిపించిన ‘మూరత్’,మురిపించిన ‘మూరత్’,1.4689278602600098
U501098,445668,10,2499551,"ఐసీఐసీఐ బ్యాంక్  లాభం రూ.11,746 కోట్లు ","ఐసీఐసీఐ బ్యాంక్ లాభం రూ.11,746 కోట్లు",1.4686307907104492
U501357,445956,1,2513068,హాట్ హిట్స్,హాట్ హిట్స్,3.6958956718444824
U501357,445956,2,2513089,హాట్ హిట్స్,హాట్ హిట్స్,3.6958956718444824
U501357,445956,3,2513315,హాట్ హిట్స్,హాట్ హిట్స్,3.6958956718444824
U501357,445956,4,2508601,హాట్ హిట్స్ ,హాట్ హిట్స్,3.6935715675354004
U501357,445956,5,2508608,హాట్ హిట్స్ ,హాట్ హిట్స్,3.6935715675354004
U501357,445956,6,2508615,హాట్ హిట్స్ ,హాట్ హిట్స్,3.6935715675354004
U501357,445956,7,2515130,ఆమె కూడా భర్తకు విడాకులు ఇచ్చింది,ఆమె కూడా భర్తకు విడాకులు ఇచ్చింది,3.685831308364868
U501357,445956,8,2515611,ఆమె కూడా భర్తకు విడాకులు ఇచ్చింది,ఆమె కూడా భర్తకు విడాకులు ఇచ్చింది,3.685831308364868
U501357,445956,9,2515400,ఆమె కూడా భర్తకు విడాకులు ఇచ్చింది,ఆమె కూడా భర్తకు విడాకులు ఇచ్చింది,3.685831308364868
U501357,445956,10,2527338,హాట్ హిట్స్,హాట్ హిట్స్,3.6838557720184326
U504411,449350,1,2515400,ఆమె కూడా భర్తకు విడాకులు ఇచ్చింది,ఆమె కూడా భర్తకు విడాకులు ఇచ్చింది,2.4511656761169434
U504411,449350,2,2515611,ఆమె కూడా భర్తకు విడాకులు ఇచ్చింది,ఆమె కూడా భర్తకు విడాకులు ఇచ్చింది,2.4511656761169434
U504411,449350,3,2515130,ఆమె కూడా భర్తకు విడాకులు ఇచ్చింది,ఆమె కూడా భర్తకు విడాకులు ఇచ్చింది,2.4511656761169434
U504411,449350,4,2513089,హాట్ హిట్స్,హాట్ హిట్స్,2.450850009918213
U504411,449350,5,2513315,హాట్ హిట్స్,హాట్ హిట్స్,2.450850009918213
U504411,449350,6,2513068,హాట్ హిట్స్,హాట్ హిట్స్,2.450850009918213
U504411,449350,7,2508608,హాట్ హిట్స్ ,హాట్ హిట్స్,2.4502551555633545
U504411,449350,8,2508615,హాట్ హిట్స్ ,హాట్ హిట్స్,2.4502551555633545
U504411,449350,9,2508601,హాట్ హిట్స్ ,హాట్ హిట్స్,2.4502551555633545
U504411,449350,10,2527189,హాట్ హిట్స్,హాట్ హిట్స్,2.438685417175293
U505379,450424,1,2527035,బరువు పెరగాలంటే..! ,బరువు పెరగాలంటే..!,2.1622724533081055
U505379,450424,2,2504853,ఇన్ఫ్లమేషన్ ,ఇన్ఫ్లమేషన్,2.1601009368896484
U505379,450424,3,2508244,బరువు తగ్గండిలా...,బరువు తగ్గండిలా...,2.1599957942962646
U505379,450424,4,2508045,బరువు తగ్గండిలా...,బరువు తగ్గండిలా...,2.1599957942962646
U505379,450424,5,2507941,బరువు తగ్గండిలా...,బరువు తగ్గండిలా...,2.1599957942962646
U505379,450424,6,2514604,ఇలా చేస్తే మెదడుకు హాని,ఇలా చేస్తే మెదడుకు హాని,2.1599018573760986
U505379,450424,7,2514456,ఇలా చేస్తే మెదడుకు హాని,ఇలా చేస్తే మెదడుకు హాని,2.1599018573760986
U505379,450424,8,2514928,ఇలా చేస్తే మెదడుకు హాని,ఇలా చేస్తే మెదడుకు హాని,2.1599018573760986
U505379,450424,9,2496393,మందులు వ్యసనంగా మారితే? ,మందులు వ్యసనంగా మారితే?,2.159884452819824
U505379,450424,10,2496191,మందులు వ్యసనంగా మారితే? ,మందులు వ్యసనంగా మారితే?,2.159884452819824
U505425,450476,1,386042,‘మాస్టర్ చెఫ్’కి హోస్ట్ గా తమన్నా !,‘మాస్టర్ చెఫ్’కి హోస్ట్ గా తమన్నా !,2.8110909461975098
U505425,450476,2,2524584,మహిళ మృతి,మహిళ మృతి,2.6571779251098633
U505425,450476,3,2524541,మహిళ మృతి,మహిళ మృతి,2.6565260887145996
U505425,450476,4,2493876,నో అన్నా వాళ్లు వదల్లేదు!,నో అన్నా వాళ్లు వదల్లేదు!,2.626711845397949
U505425,450476,5,2493634,నో అన్నా వాళ్లు వదల్లేదు!,నో అన్నా వాళ్లు వదల్లేదు!,2.626711845397949
U505425,450476,6,2493696,నో అన్నా వాళ్లు వదల్లేదు!,నో అన్నా వాళ్లు వదల్లేదు!,2.626711845397949
U505425,450476,7,760478,‘మా’ లో నరేష్ చేసిన మోసాలు బయటపెట్టిన జీవిత రాజశేఖర్,‘మా’ లో నరేష్ చేసిన మోసాలు బయటపెట్టిన జీవిత రాజశేఖర్,2.58545184135437
U505425,450476,8,2495615,సెట్స్లోకి స్వాగతం,సెట్స్లోకి స్వాగతం,2.570894479751587
U505425,450476,9,2495439,సెట్స్లోకి స్వాగతం,సెట్స్లోకి స్వాగతం,2.570894479751587
U505425,450476,10,2495686,సెట్స్లోకి స్వాగతం,సెట్స్లోకి స్వాగతం,2.570894479751587
U50575,450836,1,386042,‘మాస్టర్ చెఫ్’కి హోస్ట్ గా తమన్నా !,‘మాస్టర్ చెఫ్’కి హోస్ట్ గా తమన్నా !,4.219233989715576
U50575,450836,2,2493696,నో అన్నా వాళ్లు వదల్లేదు!,నో అన్నా వాళ్లు వదల్లేదు!,3.9051673412323
U50575,450836,3,2493876,నో అన్నా వాళ్లు వదల్లేదు!,నో అన్నా వాళ్లు వదల్లేదు!,3.9051673412323
U50575,450836,4,2493634,నో అన్నా వాళ్లు వదల్లేదు!,నో అన్నా వాళ్లు వదల్లేదు!,3.9051673412323
U50575,450836,5,760478,‘మా’ లో నరేష్ చేసిన మోసాలు బయటపెట్టిన జీవిత రాజశేఖర్,‘మా’ లో నరేష్ చేసిన మోసాలు బయటపెట్టిన జీవిత రాజశేఖర్,3.8934695720672607
U50575,450836,6,2495439,సెట్స్లోకి స్వాగతం,సెట్స్లోకి స్వాగతం,3.877544403076172
U50575,450836,7,2495686,సెట్స్లోకి స్వాగతం,సెట్స్లోకి స్వాగతం,3.877544403076172
U50575,450836,8,2495615,సెట్స్లోకి స్వాగతం,సెట్స్లోకి స్వాగతం,3.877544403076172
U50575,450836,9,2524584,మహిళ మృతి,మహిళ మృతి,3.876265287399292
U50575,450836,10,2524541,మహిళ మృతి,మహిళ మృతి,3.8383595943450928
U506,451113,1,2510857,హైటెక్ సిటీలో మరో స్టార్ హోటల్,హైటెక్ సిటీలో మరో స్టార్ హోటల్,3.8477351665496826
U506,451113,2,2510849,హైటెక్ సిటీలో మరో స్టార్ హోటల్,హైటెక్ సిటీలో మరో స్టార్ హోటల్,3.8477351665496826
U506,451113,3,2520361,బంజారాహిల్స్లో  లీలా లగ్జరీ హోటల్ ప్రారంభం,బంజారాహిల్స్లో లీలా లగ్జరీ హోటల్ ప్రారంభం,3.8469345569610596
U506,451113,4,2533050,టూరిజం హబ్గా జిల్లా..,టూరిజం హబ్గా జిల్లా..,3.843324899673462
U506,451113,5,2541455,పర్యాటకులు 1.92 కోట్లు,పర్యాటకులు 1.92 కోట్లు,3.841364622116089
U506,451113,6,2531693,విమానాశ్రయంలో పర్యాటక సమాచార కేంద్రం ,విమానాశ్రయంలో పర్యాటక సమాచార కేంద్రం,3.8393874168395996
U506,451113,7,2531541,విమానాశ్రయంలో పర్యాటక సమాచార కేంద్రం ,విమానాశ్రయంలో పర్యాటక సమాచార కేంద్రం,3.8393874168395996
U506,451113,8,2481807,హైదరాబాద్లో విదేశీ పర్యాటకులను ఆకర్షించే కట్టడాలు,హైదరాబాద్లో విదేశీ పర్యాటకులను ఆకర్షించే కట్టడాలు,3.837657928466797
U506,451113,9,2504268,హంసలదీవిలో పర్యాటకుల సందడి,హంసలదీవిలో పర్యాటకుల సందడి,3.8351247310638428
U506,451113,10,2494169,ఎయిర్పోర్ట్లో ‘అతిథి దేవోభవ’ ప్రారంభం ,ఎయిర్పోర్ట్లో ‘అతిథి దేవోభవ’ ప్రారంభం,3.8341150283813477
U507739,453046,1,497902,గేమింగ్ ప్రియులకు శుభవార్త .. ఫౌజీ గేమ్ రేపే విడుదల,గేమింగ్ ప్రియులకు శుభవార్త .. ఫౌజీ గేమ్ రేపే విడుదల,3.0088086128234863
U507739,453046,2,2535594,మళ్లీ వస్తోన్న స్క్విడ్ గేమ్,మళ్లీ వస్తోన్న స్క్విడ్ గేమ్,2.9838836193084717
U507739,453046,3,2533806,రచయిత ‘కాటూరు’ అస్తమయం ,రచయిత ‘కాటూరు’ అస్తమయం,2.8965511322021484
U507739,453046,4,2491973,టెక్స్పెడిట్ రెండో ఎడిషన్ స్టార్ట్  ,టెక్స్పెడిట్ రెండో ఎడిషన్ స్టార్ట్,2.8940136432647705
U507739,453046,5,343610,ఒప్పో ఆర్ 17 స్మార్ట్ఫోన్ విడుదల,ఒప్పో ఆర్ 17 స్మార్ట్ఫోన్ విడుదల,2.8914146423339844
U507739,453046,6,999861,కూల్ ప్యాడ్ కూల్3 స్మార్ట్ఫోన్ విడుదల,కూల్ ప్యాడ్ కూల్3 స్మార్ట్ఫోన్ విడుదల,2.891055107116699
U507739,453046,7,199373,శాంసంగ్ గెలాక్సీ ఎ30 స్మార్ట్ఫోన్ విడుదల,శాంసంగ్ గెలాక్సీ ఎ30 స్మార్ట్ఫోన్ విడుదల,2.890444278717041
U507739,453046,8,266182,మార్కెట్లోకి వివో ఎక్స్ 21 ఎస్ స్మార్ట్ఫోన్ విడుదల,మార్కెట్లోకి వివో ఎక్స్ 21 ఎస్ స్మార్ట్ఫోన్ విడుదల,2.8900692462921143
U507739,453046,9,318532,ఫేస్బుక్లో కొత్త ఫీచర్,ఫేస్బుక్లో కొత్త ఫీచర్,2.889781951904297
U507739,453046,10,742056,కాషియో ప్రొ ట్రెక్ స్మార్ట్ వాచ్ విడుదల,కాషియో ప్రొ ట్రెక్ స్మార్ట్ వాచ్ విడుదల,2.8893837928771973
U508783,454206,1,2507149,ఇలా అలంకరిస్తే ,ఇలా అలంకరిస్తే,3.0791232585906982
U508783,454206,2,2507347,ఇలా అలంకరిస్తే ,ఇలా అలంకరిస్తే,3.0791232585906982
U508783,454206,3,2507430,ఇలా అలంకరిస్తే ,ఇలా అలంకరిస్తే,3.0791232585906982
U508783,454206,4,2541361,ఇంటిని అందంగా అలంకరిద్దాం!,ఇంటిని అందంగా అలంకరిద్దాం!,3.059150218963623
U508783,454206,5,2492910,ఆర్గంజా అదరహో... ,ఆర్గంజా అదరహో...,3.040196180343628
U508783,454206,6,2541389,అందంగా అలంకరిద్దాం!,అందంగా అలంకరిద్దాం!,3.0286262035369873
U508783,454206,7,2505205,ఇల్లు విలాసవంతంగా,ఇల్లు విలాసవంతంగా,3.0053861141204834
U508783,454206,8,2505382,ఇల్లు విలాసవంతంగా,ఇల్లు విలాసవంతంగా,3.0053861141204834
U508783,454206,9,2542748,మనం స్వేచ్ఛగానే ఉన్నామా?,మనం స్వేచ్ఛగానే ఉన్నామా?,2.972588062286377
U508783,454206,10,2514929,పిల్లలు ఎవరితోనూ కలవడం లేదా?,పిల్లలు ఎవరితోనూ కలవడం లేదా?,2.962407112121582
U510688,456323,1,2513089,హాట్ హిట్స్,హాట్ హిట్స్,3.1306397914886475
U510688,456323,2,2513315,హాట్ హిట్స్,హాట్ హిట్స్,3.1306397914886475
U510688,456323,3,2513068,హాట్ హిట్స్,హాట్ హిట్స్,3.1306397914886475
U510688,456323,4,2508601,హాట్ హిట్స్ ,హాట్ హిట్స్,3.127422332763672
U510688,456323,5,2508608,హాట్ హిట్స్ ,హాట్ హిట్స్,3.127422332763672
U510688,456323,6,2508615,హాట్ హిట్స్ ,హాట్ హిట్స్,3.127422332763672
U510688,456323,7,2527338,హాట్ హిట్స్,హాట్ హిట్స్,3.1184306144714355
U510688,456323,8,2527427,హాట్ హిట్స్,హాట్ హిట్స్,3.1184306144714355
U510688,456323,9,2527189,హాట్ హిట్స్,హాట్ హిట్స్,3.1184306144714355
U510688,456323,10,2515130,ఆమె కూడా భర్తకు విడాకులు ఇచ్చింది,ఆమె కూడా భర్తకు విడాకులు ఇచ్చింది,3.1129343509674072
U511513,457241,1,2528868,జమిలిపై ముందుకు!,జమిలిపై ముందుకు!,3.5189826488494873
U511513,457241,2,2505621,25 నుంచి పార్లమెంటు శీతాకాల సమావేశాలు,25 నుంచి పార్లమెంటు శీతాకాల సమావేశాలు,3.5165963172912598
U511513,457241,3,2518106,పార్లమెంటు ముందుకు,పార్లమెంటు ముందుకు,3.4946770668029785
U511513,457241,4,2517765,పార్లమెంటు ముందుకు,పార్లమెంటు ముందుకు,3.4946770668029785
U511513,457241,5,2518272,పార్లమెంటు ముందుకు,పార్లమెంటు ముందుకు,3.485363483428955
U511513,457241,6,2503356,5న రాష్ట్రానికి రాహుల్,5న రాష్ట్రానికి రాహుల్,3.482003927230835
U511513,457241,7,2518049,పార్లమెంటు ముందుకు 16 బిల్లులు!,పార్లమెంటు ముందుకు 16 బిల్లులు!,3.4770560264587402
U511513,457241,8,2517832,పార్లమెంటు ముందుకు 16 బిల్లులు!,పార్లమెంటు ముందుకు 16 బిల్లులు!,3.4770560264587402
U511513,457241,9,2517732,పార్లమెంటు ముందుకు 16 బిల్లులు!,పార్లమెంటు ముందుకు 16 బిల్లులు!,3.4770560264587402
U511513,457241,10,2505249,25 నుంచి పార్లమెంట్  శీతాకాల సమావేశాలు,25 నుంచి పార్లమెంట్ శీతాకాల సమావేశాలు,3.473355531692505
U512311,458128,1,888063,అల్లుడిని చంపిన కేసులో మామ అరెస్టు,అల్లుడిని చంపిన కేసులో మామ అరెస్టు,3.944164514541626
U512311,458128,2,910014,మహిళను వేధించిన కేసులో యువకుడు అరెస్టు,మహిళను వేధించిన కేసులో యువకుడు అరెస్టు,3.943190574645996
U512311,458128,3,2485923,ముగ్గురు గంజాయి విక్రేతల అరెస్టు,ముగ్గురు గంజాయి విక్రేతల అరెస్టు,3.942821979522705
U512311,458128,4,2488130,రూ. 24 లక్షల బాణసంచా పట్టివేత,రూ. 24 లక్షల బాణసంచా పట్టివేత,3.942298650741577
U512311,458128,5,543186,మహమ్మదాబాద్లో వ్యక్తి హత్య,మహమ్మదాబాద్లో వ్యక్తి హత్య,3.9384243488311768
U512311,458128,6,991306,మైనర్ బాలిక హత్యచారం కేసులో నిందితుడు అరెస్టు,మైనర్ బాలిక హత్యచారం కేసులో నిందితుడు అరెస్టు,3.9381840229034424
U512311,458128,7,2495076,పట్టించిన ఫోన్,పట్టించిన ఫోన్,3.936493396759033
U512311,458128,8,2497786, పేరుమోసిన రౌడీషీటర్లు అరెస్ట్ ,పేరుమోసిన రౌడీషీటర్లు అరెస్ట్,3.936424493789673
U512311,458128,9,2495232,పట్టించిన ఫోన్,పట్టించిన ఫోన్,3.935659408569336
U512311,458128,10,301960,ఫాస్ట్ట్రాక్ కోర్టుకు ‘సమత’ నిందితులు హాజరు,ఫాస్ట్ట్రాక్ కోర్టుకు ‘సమత’ నిందితులు హాజరు,3.9345405101776123
U514056,460066,1,386042,‘మాస్టర్ చెఫ్’కి హోస్ట్ గా తమన్నా !,‘మాస్టర్ చెఫ్’కి హోస్ట్ గా తమన్నా !,2.6262106895446777
U514056,460066,2,760478,‘మా’ లో నరేష్ చేసిన మోసాలు బయటపెట్టిన జీవిత రాజశేఖర్,‘మా’ లో నరేష్ చేసిన మోసాలు బయటపెట్టిన జీవిత రాజశేఖర్,2.496798038482666
U514056,460066,3,2524584,మహిళ మృతి,మహిళ మృతి,2.4262871742248535
U514056,460066,4,2493634,నో అన్నా వాళ్లు వదల్లేదు!,నో అన్నా వాళ్లు వదల్లేదు!,2.425414800643921
U514056,460066,5,2493696,నో అన్నా వాళ్లు వదల్లేదు!,నో అన్నా వాళ్లు వదల్లేదు!,2.425414800643921
U514056,460066,6,2493876,నో అన్నా వాళ్లు వదల్లేదు!,నో అన్నా వాళ్లు వదల్లేదు!,2.425414800643921
U514056,460066,7,2495686,సెట్స్లోకి స్వాగతం,సెట్స్లోకి స్వాగతం,2.4246580600738525
U514056,460066,8,2495439,సెట్స్లోకి స్వాగతం,సెట్స్లోకి స్వాగతం,2.4246580600738525
U514056,460066,9,2495615,సెట్స్లోకి స్వాగతం,సెట్స్లోకి స్వాగతం,2.4246580600738525
U514056,460066,10,2524541,మహిళ మృతి,మహిళ మృతి,2.4202380180358887
U516125,462365,1,2495277,గ్రూప్–1 మెయిన్స్ పరీక్షకు పటిష్ఠ భద్రత,గ్రూప్–1 మెయిన్స్ పరీక్షకు పటిష్ఠ భద్రత,4.034438610076904
U516125,462365,2,2494871,గ్రూప్–1 మెయిన్స్ పరీక్షకు పటిష్ఠ భద్రత,గ్రూప్–1 మెయిన్స్ పరీక్షకు పటిష్ఠ భద్రత,4.034438610076904
U516125,462365,3,2504924,కెనడాలో హిందూ  ఆలయంపై దాడి,కెనడాలో హిందూ ఆలయంపై దాడి,4.032196521759033
U516125,462365,4,2505088,కెనడాలో హిందూ  ఆలయంపై దాడి,కెనడాలో హిందూ ఆలయంపై దాడి,4.032196521759033
U516125,462365,5,2519719,‘ఇస్కాన్’పై బంగ్లాదేశ్లో నిషేధం?,‘ఇస్కాన్’పై బంగ్లాదేశ్లో నిషేధం?,4.03176736831665
U516125,462365,6,2519811,‘ఇస్కాన్’పై బంగ్లాదేశ్లో నిషేధం?,‘ఇస్కాన్’పై బంగ్లాదేశ్లో నిషేధం?,4.03176736831665
U516125,462365,7,2489567,మావోయిస్టు కార్యదర్శి నంబాల ఎక్కడ? ,మావోయిస్టు కార్యదర్శి నంబాల ఎక్కడ?,4.030275344848633
U516125,462365,8,2489736,మావోయిస్టు కార్యదర్శి నంబాల ఎక్కడ? ,మావోయిస్టు కార్యదర్శి నంబాల ఎక్కడ?,4.030275344848633
U516125,462365,9,2520014,‘ఇస్కాన్’పై బంగ్లాదేశ్లో నిషేధం!,‘ఇస్కాన్’పై బంగ్లాదేశ్లో నిషేధం!,4.030214786529541
U516125,462365,10,2532416,సీఐడీ దర్యాప్తునకు సహకరించండి,సీఐడీ దర్యాప్తునకు సహకరించండి,4.029801845550537
U518478,464978,1,937990,గోదాం దగ్ధం కేసులో ఇద్దరికి జైలుశిక్ష,గోదాం దగ్ధం కేసులో ఇద్దరికి జైలుశిక్ష,2.41021990776062
U518478,464978,2,2488130,రూ. 24 లక్షల బాణసంచా పట్టివేత,రూ. 24 లక్షల బాణసంచా పట్టివేత,2.4056365489959717
U518478,464978,3,888063,అల్లుడిని చంపిన కేసులో మామ అరెస్టు,అల్లుడిని చంపిన కేసులో మామ అరెస్టు,2.396167278289795
U518478,464978,4,910014,మహిళను వేధించిన కేసులో యువకుడు అరెస్టు,మహిళను వేధించిన కేసులో యువకుడు అరెస్టు,2.3949949741363525
U518478,464978,5,2521877,ఫేక్ బెయిల్తో జైలు నుంచి బయటకు,ఫేక్ బెయిల్తో జైలు నుంచి బయటకు,2.3942043781280518
U518478,464978,6,991306,మైనర్ బాలిక హత్యచారం కేసులో నిందితుడు అరెస్టు,మైనర్ బాలిక హత్యచారం కేసులో నిందితుడు అరెస్టు,2.39376163482666
U518478,464978,7,2521757,దొంగ.. బెయిల్,దొంగ.. బెయిల్,2.391068458557129
U518478,464978,8,2485923,ముగ్గురు గంజాయి విక్రేతల అరెస్టు,ముగ్గురు గంజాయి విక్రేతల అరెస్టు,2.38926362991333
U518478,464978,9,648247,చోరీకి పాల్పడిన ముగ్గురి అరెస్టు,చోరీకి పాల్పడిన ముగ్గురి అరెస్టు,2.386930465698242
U518478,464978,10,543186,మహమ్మదాబాద్లో వ్యక్తి హత్య,మహమ్మదాబాద్లో వ్యక్తి హత్య,2.3842291831970215
U518659,465179,1,723423,Blur : ముగిసిన ' బ్లర్ ' చిత్రీకరణ,Blur : ముగిసిన ' బ్లర్ ' చిత్రీకరణ,2.8241045475006104
U518659,465179,2,666637,రానా ' హిరణ్య కశ్యప’ మూవీ నుంచి లేటెస్ట్ అప్డేట్ !,రానా ' హిరణ్య కశ్యప’ మూవీ నుంచి లేటెస్ట్ అప్డేట్ !,2.820103883743286
U518659,465179,3,2540424,రొమాంటిక్ ఎంటర్టైనర్,రొమాంటిక్ ఎంటర్టైనర్,2.819610595703125
U518659,465179,4,2540403,రొమాంటిక్ ఎంటర్టైనర్,రొమాంటిక్ ఎంటర్టైనర్,2.819610595703125
U518659,465179,5,2540458,రొమాంటిక్ ఎంటర్టైనర్,రొమాంటిక్ ఎంటర్టైనర్,2.819610595703125
U518659,465179,6,800065,‘మహానటి’ రిలీజ్ డేట్ ఫిక్స్,‘మహానటి’ రిలీజ్ డేట్ ఫిక్స్,2.8187291622161865
U518659,465179,7,468101,' తిమ్మరుసు ' విడుదలకు రెడీ,' తిమ్మరుసు ' విడుదలకు రెడీ,2.8178749084472656
U518659,465179,8,2532704,రాబిన్హుడ్ వాయిదా...,రాబిన్హుడ్ వాయిదా...,2.8159687519073486
U518659,465179,9,2532829,రాబిన్హుడ్ వాయిదా...,రాబిన్హుడ్ వాయిదా...,2.8159687519073486
U518659,465179,10,2533130,రాబిన్హుడ్ వాయిదా...,రాబిన్హుడ్ వాయిదా...,2.8159687519073486
U519407,466011,1,2526063,చలి కాలంలో,చలి కాలంలో,3.614607810974121
U519407,466011,2,2525927,చలి కాలంలో,చలి కాలంలో,3.614607810974121
U519407,466011,3,2483635,కాఫీ సందేశ్!,కాఫీ సందేశ్!,3.588477849960327
U519407,466011,4,2483620,కాఫీ సందేశ్!,కాఫీ సందేశ్!,3.588477849960327
U519407,466011,5,2483693,కాఫీ సందేశ్!,కాఫీ సందేశ్!,3.588477849960327
U519407,466011,6,2503090,ఆప్రికాట్ డిలైట్,ఆప్రికాట్ డిలైట్,3.5557920932769775
U519407,466011,7,2502885,ఆప్రికాట్ డిలైట్,ఆప్రికాట్ డిలైట్,3.5557920932769775
U519407,466011,8,2502779,ఆప్రికాట్ డిలైట్,ఆప్రికాట్ డిలైట్,3.5557920932769775
U519407,466011,9,2516579,శీతాకాలంవేడి వేడిగా..!,శీతాకాలంవేడి వేడిగా..!,3.541015386581421
U519407,466011,10,2521059,చపాతీలతో తింటే భలే రుచి,చపాతీలతో తింటే భలే రుచి,3.5172345638275146
U519440,466048,1,2527035,బరువు పెరగాలంటే..! ,బరువు పెరగాలంటే..!,3.264460802078247
U519440,466048,2,2514456,ఇలా చేస్తే మెదడుకు హాని,ఇలా చేస్తే మెదడుకు హాని,3.262576103210449
U519440,466048,3,2514928,ఇలా చేస్తే మెదడుకు హాని,ఇలా చేస్తే మెదడుకు హాని,3.262576103210449
U519440,466048,4,2514604,ఇలా చేస్తే మెదడుకు హాని,ఇలా చేస్తే మెదడుకు హాని,3.262576103210449
U519440,466048,5,2496393,మందులు వ్యసనంగా మారితే? ,మందులు వ్యసనంగా మారితే?,3.260345697402954
U519440,466048,6,2496277,మందులు వ్యసనంగా మారితే? ,మందులు వ్యసనంగా మారితే?,3.260345697402954
U519440,466048,7,2496191,మందులు వ్యసనంగా మారితే? ,మందులు వ్యసనంగా మారితే?,3.260345697402954
U519440,466048,8,2507941,బరువు తగ్గండిలా...,బరువు తగ్గండిలా...,3.259561538696289
U519440,466048,9,2508045,బరువు తగ్గండిలా...,బరువు తగ్గండిలా...,3.259561538696289
U519440,466048,10,2508244,బరువు తగ్గండిలా...,బరువు తగ్గండిలా...,3.259561538696289
U520182,466873,1,2483429,పండగ సీజన్పై ‘ఆటో’ ఆశలు,పండగ సీజన్పై ‘ఆటో’ ఆశలు,3.480790853500366
U520182,466873,2,2483772,పండగ సీజన్పై ‘ఆటో’ ఆశలు,పండగ సీజన్పై ‘ఆటో’ ఆశలు,3.480790853500366
U520182,466873,3,2483501,పండగ సీజన్పై ‘ఆటో’ ఆశలు,పండగ సీజన్పై ‘ఆటో’ ఆశలు,3.480790853500366
U520182,466873,4,2522969,స్కోడా కైలాక్ బుకింగ్స్ షురూ,స్కోడా కైలాక్ బుకింగ్స్ షురూ,3.4757864475250244
U520182,466873,5,2523169,స్కోడా కైలాక్ బుకింగ్స్ షురూ,స్కోడా కైలాక్ బుకింగ్స్ షురూ,3.4757864475250244
U520182,466873,6,2523399,స్కోడా కైలాక్ బుకింగ్స్ షురూ,స్కోడా కైలాక్ బుకింగ్స్ షురూ,3.4757864475250244
U520182,466873,7,2524477,హోండా అమేజ్ కొత్త వెర్షన్,హోండా అమేజ్ కొత్త వెర్షన్,3.46492338180542
U520182,466873,8,2524309,హోండా అమేజ్ కొత్త వెర్షన్,హోండా అమేజ్ కొత్త వెర్షన్,3.46492338180542
U520182,466873,9,2524737,హోండా అమేజ్ కొత్త వెర్షన్,హోండా అమేజ్ కొత్త వెర్షన్,3.46492338180542
U520182,466873,10,2510782,మారుతి సుజుకి ’న్యూ ఆల్ డిజైర్’ కారు విడుదల,మారుతి సుజుకి ’న్యూ ఆల్ డిజైర్’ కారు విడుదల,3.4496021270751953
U520780,467537,1,2533806,రచయిత ‘కాటూరు’ అస్తమయం ,రచయిత ‘కాటూరు’ అస్తమయం,1.9895827770233154
U520780,467537,2,2528868,జమిలిపై ముందుకు!,జమిలిపై ముందుకు!,1.9508804082870483
U520780,467537,3,2484135,శివరాజ్ సింగ్కు బీజేపీ పగ్గాలు?,శివరాజ్ సింగ్కు బీజేపీ పగ్గాలు?,1.9457457065582275
U520780,467537,4,2484087,శివరాజ్ సింగ్కు బీజేపీ పగ్గాలు?,శివరాజ్ సింగ్కు బీజేపీ పగ్గాలు?,1.9457457065582275
U520780,467537,5,2505621,25 నుంచి పార్లమెంటు శీతాకాల సమావేశాలు,25 నుంచి పార్లమెంటు శీతాకాల సమావేశాలు,1.9450503587722778
U520780,467537,6,2528765,రాజ్యసభ చైర్మన్పై అవిశ్వాసం,రాజ్యసభ చైర్మన్పై అవిశ్వాసం,1.9446251392364502
U520780,467537,7,2528697,రాజ్యసభ చైర్మన్పై అవిశ్వాసం,రాజ్యసభ చైర్మన్పై అవిశ్వాసం,1.9446251392364502
U520780,467537,8,2517319,వైసీపీకి జయమంగళ గుడ్బై,వైసీపీకి జయమంగళ గుడ్బై,1.9393188953399658
U520780,467537,9,2503356,5న రాష్ట్రానికి రాహుల్,5న రాష్ట్రానికి రాహుల్,1.937058925628662
U520780,467537,10,2494957,ఝార్ఖండ్లో సీట్ల పంపకంపై ఆర్జేడీ అసంతృప్తి,ఝార్ఖండ్లో సీట్ల పంపకంపై ఆర్జేడీ అసంతృప్తి,1.933983564376831
U520881,467649,1,2499551,"ఐసీఐసీఐ బ్యాంక్  లాభం రూ.11,746 కోట్లు ","ఐసీఐసీఐ బ్యాంక్ లాభం రూ.11,746 కోట్లు",4.054349422454834
U520881,467649,2,2493810,"ఇన్ఫీ లాభం రూ.6,506 కోట్లు","ఇన్ఫీ లాభం రూ.6,506 కోట్లు",4.054122447967529
U520881,467649,3,2494006,"ఇన్ఫీ లాభం రూ.6,506 కోట్లు","ఇన్ఫీ లాభం రూ.6,506 కోట్లు",4.054122447967529
U520881,467649,4,2493695,"ఇన్ఫీ లాభం రూ.6,506 కోట్లు","ఇన్ఫీ లాభం రూ.6,506 కోట్లు",4.054122447967529
U520881,467649,5,2541219,ఏడాదిలో రూ.77.6 లక్షల కోట్లు ,ఏడాదిలో రూ.77.6 లక్షల కోట్లు,4.0530290603637695
U520881,467649,6,2541551,ఏడాదిలో రూ.77.6 లక్షల కోట్లు ,ఏడాదిలో రూ.77.6 లక్షల కోట్లు,4.0530290603637695
U520881,467649,7,2541167,ఏడాదిలో రూ.77.6 లక్షల కోట్లు ,ఏడాదిలో రూ.77.6 లక్షల కోట్లు,4.0530290603637695
U520881,467649,8,2526227,ఐదు రోజుల ర్యాలీకి బ్రేక్ ,ఐదు రోజుల ర్యాలీకి బ్రేక్,4.052786827087402
U520881,467649,9,2526025,ఐదు రోజుల ర్యాలీకి బ్రేక్ ,ఐదు రోజుల ర్యాలీకి బ్రేక్,4.052786827087402
U520881,467649,10,2525867,ఐదు రోజుల ర్యాలీకి బ్రేక్ ,ఐదు రోజుల ర్యాలీకి బ్రేక్,4.052786827087402
U521232,468040,1,666456,ఇప్పట్లో ధోనీ రిటైర్ అవ్వడు : ఎమ్మెస్కే,ఇప్పట్లో ధోనీ రిటైర్ అవ్వడు : ఎమ్మెస్కే,4.063007354736328
U521232,468040,2,2530007,ఆకాశ్దీప్ ఆడేనా?,ఆకాశ్దీప్ ఆడేనా?,4.062965393066406
U521232,468040,3,2529957,ఆకాశ్దీప్ ఆడేనా?,ఆకాశ్దీప్ ఆడేనా?,4.062965393066406
U521232,468040,4,2529927,ఆకాశ్దీప్ ఆడేనా?,ఆకాశ్దీప్ ఆడేనా?,4.062965393066406
U521232,468040,5,540597,వెస్టిండీస్ పర్యటనకు భారత జట్టు ప్రకటన,వెస్టిండీస్ పర్యటనకు భారత జట్టు ప్రకటన,4.062952041625977
U521232,468040,6,2543335,రోహిత్కు ముందే చెప్పేశారా?,రోహిత్కు ముందే చెప్పేశారా?,4.062516689300537
U521232,468040,7,2542932,రోహిత్కు ముందే చెప్పేశారా?,రోహిత్కు ముందే చెప్పేశారా?,4.062516689300537
U521232,468040,8,2543414,రోహిత్కు ముందే చెప్పేశారా?,రోహిత్కు ముందే చెప్పేశారా?,4.062516689300537
U521232,468040,9,2509585, బుమ్రాకే పగ్గాలు!,బుమ్రాకే పగ్గాలు!,4.062241554260254
U521232,468040,10,2509453, బుమ్రాకే పగ్గాలు!,బుమ్రాకే పగ్గాలు!,4.062241554260254
U521896,468776,1,386042,‘మాస్టర్ చెఫ్’కి హోస్ట్ గా తమన్నా !,‘మాస్టర్ చెఫ్’కి హోస్ట్ గా తమన్నా !,4.043847560882568
U521896,468776,2,2535594,మళ్లీ వస్తోన్న స్క్విడ్ గేమ్,మళ్లీ వస్తోన్న స్క్విడ్ గేమ్,3.789713144302368
U521896,468776,3,335747,వెబ్ సిరీస్ లోకి హీరో సూర్య ఎంట్రీ,వెబ్ సిరీస్ లోకి హీరో సూర్య ఎంట్రీ,3.6978237628936768
U521896,468776,4,2524584,మహిళ మృతి,మహిళ మృతి,3.687140941619873
U521896,468776,5,760478,‘మా’ లో నరేష్ చేసిన మోసాలు బయటపెట్టిన జీవిత రాజశేఖర్,‘మా’ లో నరేష్ చేసిన మోసాలు బయటపెట్టిన జీవిత రాజశేఖర్,3.5899908542633057
U521896,468776,6,2524541,మహిళ మృతి,మహిళ మృతి,3.563333034515381
U521896,468776,7,2493696,నో అన్నా వాళ్లు వదల్లేదు!,నో అన్నా వాళ్లు వదల్లేదు!,3.560170888900757
U521896,468776,8,2493876,నో అన్నా వాళ్లు వదల్లేదు!,నో అన్నా వాళ్లు వదల్లేదు!,3.560170888900757
U521896,468776,9,2493634,నో అన్నా వాళ్లు వదల్లేదు!,నో అన్నా వాళ్లు వదల్లేదు!,3.560170888900757
U521896,468776,10,694953,యూట్యూబ్ చానెళ్లపై సమంత పరువు నష్టం దావా,యూట్యూబ్ చానెళ్లపై సమంత పరువు నష్టం దావా,3.559103488922119
U522630,469593,1,2507347,ఇలా అలంకరిస్తే ,ఇలా అలంకరిస్తే,3.672647714614868
U522630,469593,2,2507430,ఇలా అలంకరిస్తే ,ఇలా అలంకరిస్తే,3.672647714614868
U522630,469593,3,2507149,ఇలా అలంకరిస్తే ,ఇలా అలంకరిస్తే,3.672647714614868
U522630,469593,4,2492910,ఆర్గంజా అదరహో... ,ఆర్గంజా అదరహో...,3.648597478866577
U522630,469593,5,2541361,ఇంటిని అందంగా అలంకరిద్దాం!,ఇంటిని అందంగా అలంకరిద్దాం!,3.5982167720794678
U522630,469593,6,2505205,ఇల్లు విలాసవంతంగా,ఇల్లు విలాసవంతంగా,3.5591673851013184
U522630,469593,7,2505382,ఇల్లు విలాసవంతంగా,ఇల్లు విలాసవంతంగా,3.5591673851013184
U522630,469593,8,2541389,అందంగా అలంకరిద్దాం!,అందంగా అలంకరిద్దాం!,3.5530588626861572
U522630,469593,9,2514605,పిల్లలు ఎవరితోనూ కలవడం లేదా?,పిల్లలు ఎవరితోనూ కలవడం లేదా?,3.5213465690612793
U522630,469593,10,2514929,పిల్లలు ఎవరితోనూ కలవడం లేదా?,పిల్లలు ఎవరితోనూ కలవడం లేదా?,3.5213465690612793
U522797,469777,1,2514799,● కేక్ మిక్సింగ్,● కేక్ మిక్సింగ్,2.1511390209198
U522797,469777,2,2482203,హరిత కాకతీయ హోటల్లో ఫుడ్ఫెస్టివల్,హరిత కాకతీయ హోటల్లో ఫుడ్ఫెస్టివల్,2.1493282318115234
U522797,469777,3,2529847,వహ్వా.. హైదరాబాద్ బిర్యానీ!,వహ్వా.. హైదరాబాద్ బిర్యానీ!,2.1293699741363525
U522797,469777,4,2529706,వహ్వా.. హైదరాబాద్ బిర్యానీ!,వహ్వా.. హైదరాబాద్ బిర్యానీ!,2.1293699741363525
U522797,469777,5,2494442,మంచింగ్గా కుళ్లిన చికెన్! ,మంచింగ్గా కుళ్లిన చికెన్!,2.099210262298584
U522797,469777,6,2494257,మంచింగ్గా కుళ్లిన చికెన్! ,మంచింగ్గా కుళ్లిన చికెన్!,2.099210262298584
U522797,469777,7,2482989,ఫుడ్ ఫెస్టివల్లో ఆకట్టుకున్న వంటకాలు,ఫుడ్ ఫెస్టివల్లో ఆకట్టుకున్న వంటకాలు,2.0959062576293945
U522797,469777,8,2505021,ఒక్కో ప్రాంతానికి ఒక్కో మెనూ,ఒక్కో ప్రాంతానికి ఒక్కో మెనూ,2.052912950515747
U522797,469777,9,2530995,వారం పాటు పెట్టాల్సిన ఆహార పదార్థాలు ఇవే...,వారం పాటు పెట్టాల్సిన ఆహార పదార్థాలు ఇవే...,1.9954160451889038
U522797,469777,10,2530925,వారం పాటు పెట్టాల్సిన ఆహార పదార్థాలు ఇవే...,వారం పాటు పెట్టాల్సిన ఆహార పదార్థాలు ఇవే...,1.9954160451889038
U526598,474000,1,2483772,పండగ సీజన్పై ‘ఆటో’ ఆశలు,పండగ సీజన్పై ‘ఆటో’ ఆశలు,4.590692043304443
U526598,474000,2,2483429,పండగ సీజన్పై ‘ఆటో’ ఆశలు,పండగ సీజన్పై ‘ఆటో’ ఆశలు,4.590692043304443
U526598,474000,3,2483501,పండగ సీజన్పై ‘ఆటో’ ఆశలు,పండగ సీజన్పై ‘ఆటో’ ఆశలు,4.590692043304443
U526598,474000,4,2523169,స్కోడా కైలాక్ బుకింగ్స్ షురూ,స్కోడా కైలాక్ బుకింగ్స్ షురూ,4.586194038391113
U526598,474000,5,2522969,స్కోడా కైలాక్ బుకింగ్స్ షురూ,స్కోడా కైలాక్ బుకింగ్స్ షురూ,4.586194038391113
U526598,474000,6,2523399,స్కోడా కైలాక్ బుకింగ్స్ షురూ,స్కోడా కైలాక్ బుకింగ్స్ షురూ,4.586194038391113
U526598,474000,7,2524737,హోండా అమేజ్ కొత్త వెర్షన్,హోండా అమేజ్ కొత్త వెర్షన్,4.573739528656006
U526598,474000,8,2524477,హోండా అమేజ్ కొత్త వెర్షన్,హోండా అమేజ్ కొత్త వెర్షన్,4.573739528656006
U526598,474000,9,2524309,హోండా అమేజ్ కొత్త వెర్షన్,హోండా అమేజ్ కొత్త వెర్షన్,4.573739528656006
U526598,474000,10,2510782,మారుతి సుజుకి ’న్యూ ఆల్ డిజైర్’ కారు విడుదల,మారుతి సుజుకి ’న్యూ ఆల్ డిజైర్’ కారు విడుదల,4.5542893409729
U529360,477070,1,2525927,చలి కాలంలో,చలి కాలంలో,6.777767658233643
U529360,477070,2,2526063,చలి కాలంలో,చలి కాలంలో,6.777767658233643
U529360,477070,3,2502779,ఆప్రికాట్ డిలైట్,ఆప్రికాట్ డిలైట్,6.695720195770264
U529360,477070,4,2503090,ఆప్రికాట్ డిలైట్,ఆప్రికాట్ డిలైట్,6.695720195770264
U529360,477070,5,2502885,ఆప్రికాట్ డిలైట్,ఆప్రికాట్ డిలైట్,6.695720195770264
U529360,477070,6,2483693,కాఫీ సందేశ్!,కాఫీ సందేశ్!,6.687138080596924
U529360,477070,7,2483620,కాఫీ సందేశ్!,కాఫీ సందేశ్!,6.687138080596924
U529360,477070,8,2483635,కాఫీ సందేశ్!,కాఫీ సందేశ్!,6.687138080596924
U529360,477070,9,2516579,శీతాకాలంవేడి వేడిగా..!,శీతాకాలంవేడి వేడిగా..!,6.571821689605713
U529360,477070,10,2521059,చపాతీలతో తింటే భలే రుచి,చపాతీలతో తింటే భలే రుచి,6.506138801574707
U529481,477204,1,666456,ఇప్పట్లో ధోనీ రిటైర్ అవ్వడు : ఎమ్మెస్కే,ఇప్పట్లో ధోనీ రిటైర్ అవ్వడు : ఎమ్మెస్కే,6.514881134033203
U529481,477204,2,2529957,ఆకాశ్దీప్ ఆడేనా?,ఆకాశ్దీప్ ఆడేనా?,6.514728546142578
U529481,477204,3,2529927,ఆకాశ్దీప్ ఆడేనా?,ఆకాశ్దీప్ ఆడేనా?,6.514728546142578
U529481,477204,4,2530007,ఆకాశ్దీప్ ఆడేనా?,ఆకాశ్దీప్ ఆడేనా?,6.514728546142578
U529481,477204,5,540597,వెస్టిండీస్ పర్యటనకు భారత జట్టు ప్రకటన,వెస్టిండీస్ పర్యటనకు భారత జట్టు ప్రకటన,6.514707088470459
U529481,477204,6,2542932,రోహిత్కు ముందే చెప్పేశారా?,రోహిత్కు ముందే చెప్పేశారా?,6.51401424407959
U529481,477204,7,2543414,రోహిత్కు ముందే చెప్పేశారా?,రోహిత్కు ముందే చెప్పేశారా?,6.51401424407959
U529481,477204,8,2543335,రోహిత్కు ముందే చెప్పేశారా?,రోహిత్కు ముందే చెప్పేశారా?,6.51401424407959
U529481,477204,9,2509585, బుమ్రాకే పగ్గాలు!,బుమ్రాకే పగ్గాలు!,6.5137505531311035
U529481,477204,10,2509453, బుమ్రాకే పగ్గాలు!,బుమ్రాకే పగ్గాలు!,6.5137505531311035
U529603,477340,1,2528868,జమిలిపై ముందుకు!,జమిలిపై ముందుకు!,3.071918487548828
U529603,477340,2,2518106,పార్లమెంటు ముందుకు,పార్లమెంటు ముందుకు,3.0553295612335205
U529603,477340,3,2517765,పార్లమెంటు ముందుకు,పార్లమెంటు ముందుకు,3.0553295612335205
U529603,477340,4,2505621,25 నుంచి పార్లమెంటు శీతాకాల సమావేశాలు,25 నుంచి పార్లమెంటు శీతాకాల సమావేశాలు,3.0528135299682617
U529603,477340,5,2503356,5న రాష్ట్రానికి రాహుల్,5న రాష్ట్రానికి రాహుల్,3.0502161979675293
U529603,477340,6,2518272,పార్లమెంటు ముందుకు,పార్లమెంటు ముందుకు,3.049422025680542
U529603,477340,7,2517732,పార్లమెంటు ముందుకు 16 బిల్లులు!,పార్లమెంటు ముందుకు 16 బిల్లులు!,3.0444509983062744
U529603,477340,8,2517832,పార్లమెంటు ముందుకు 16 బిల్లులు!,పార్లమెంటు ముందుకు 16 బిల్లులు!,3.0444509983062744
U529603,477340,9,2518049,పార్లమెంటు ముందుకు 16 బిల్లులు!,పార్లమెంటు ముందుకు 16 బిల్లులు!,3.0444509983062744
U529603,477340,10,2527755,ఏపీ కేబినెట్లోకి నాగబాబు!,ఏపీ కేబినెట్లోకి నాగబాబు!,3.040804862976074
U529804,477563,1,2507430,ఇలా అలంకరిస్తే ,ఇలా అలంకరిస్తే,3.7889020442962646
U529804,477563,2,2507347,ఇలా అలంకరిస్తే ,ఇలా అలంకరిస్తే,3.7889020442962646
U529804,477563,3,2507149,ఇలా అలంకరిస్తే ,ఇలా అలంకరిస్తే,3.7889020442962646
U529804,477563,4,2492910,ఆర్గంజా అదరహో... ,ఆర్గంజా అదరహో...,3.7600650787353516
U529804,477563,5,2541361,ఇంటిని అందంగా అలంకరిద్దాం!,ఇంటిని అందంగా అలంకరిద్దాం!,3.7485270500183105
U529804,477563,6,2541389,అందంగా అలంకరిద్దాం!,అందంగా అలంకరిద్దాం!,3.7115321159362793
U529804,477563,7,2505382,ఇల్లు విలాసవంతంగా,ఇల్లు విలాసవంతంగా,3.7066237926483154
U529804,477563,8,2505205,ఇల్లు విలాసవంతంగా,ఇల్లు విలాసవంతంగా,3.7066237926483154
U529804,477563,9,2542748,మనం స్వేచ్ఛగానే ఉన్నామా?,మనం స్వేచ్ఛగానే ఉన్నామా?,3.6036155223846436
U529804,477563,10,2514605,పిల్లలు ఎవరితోనూ కలవడం లేదా?,పిల్లలు ఎవరితోనూ కలవడం లేదా?,3.591437339782715
U530815,478687,1,2533050,టూరిజం హబ్గా జిల్లా..,టూరిజం హబ్గా జిల్లా..,3.1155643463134766
U530815,478687,2,2504268,హంసలదీవిలో పర్యాటకుల సందడి,హంసలదీవిలో పర్యాటకుల సందడి,3.110933780670166
U530815,478687,3,2481807,హైదరాబాద్లో విదేశీ పర్యాటకులను ఆకర్షించే కట్టడాలు,హైదరాబాద్లో విదేశీ పర్యాటకులను ఆకర్షించే కట్టడాలు,3.109269142150879
U530815,478687,4,2520361,బంజారాహిల్స్లో  లీలా లగ్జరీ హోటల్ ప్రారంభం,బంజారాహిల్స్లో లీలా లగ్జరీ హోటల్ ప్రారంభం,3.1071817874908447
U530815,478687,5,2510849,హైటెక్ సిటీలో మరో స్టార్ హోటల్,హైటెక్ సిటీలో మరో స్టార్ హోటల్,3.1068010330200195
U530815,478687,6,2510857,హైటెక్ సిటీలో మరో స్టార్ హోటల్,హైటెక్ సిటీలో మరో స్టార్ హోటల్,3.1068010330200195
U530815,478687,7,2492822,యాత్రికుల స్వర్గధామంగా మధ్యప్రదేశ్ ,యాత్రికుల స్వర్గధామంగా మధ్యప్రదేశ్,3.1042165756225586
U530815,478687,8,2526343,మహా కుంభమేళా యాత్ర,మహా కుంభమేళా యాత్ర,3.103503942489624
U530815,478687,9,2531693,విమానాశ్రయంలో పర్యాటక సమాచార కేంద్రం ,విమానాశ్రయంలో పర్యాటక సమాచార కేంద్రం,3.1031455993652344
U530815,478687,10,2531541,విమానాశ్రయంలో పర్యాటక సమాచార కేంద్రం ,విమానాశ్రయంలో పర్యాటక సమాచార కేంద్రం,3.1031455993652344
U532241,480272,1,2483501,పండగ సీజన్పై ‘ఆటో’ ఆశలు,పండగ సీజన్పై ‘ఆటో’ ఆశలు,5.804687023162842
U532241,480272,2,2483772,పండగ సీజన్పై ‘ఆటో’ ఆశలు,పండగ సీజన్పై ‘ఆటో’ ఆశలు,5.804687023162842
U532241,480272,3,2483429,పండగ సీజన్పై ‘ఆటో’ ఆశలు,పండగ సీజన్పై ‘ఆటో’ ఆశలు,5.804687023162842
U532241,480272,4,2522969,స్కోడా కైలాక్ బుకింగ్స్ షురూ,స్కోడా కైలాక్ బుకింగ్స్ షురూ,5.798230171203613
U532241,480272,5,2523399,స్కోడా కైలాక్ బుకింగ్స్ షురూ,స్కోడా కైలాక్ బుకింగ్స్ షురూ,5.798230171203613
U532241,480272,6,2523169,స్కోడా కైలాక్ బుకింగ్స్ షురూ,స్కోడా కైలాక్ బుకింగ్స్ షురూ,5.798230171203613
U532241,480272,7,2524737,హోండా అమేజ్ కొత్త వెర్షన్,హోండా అమేజ్ కొత్త వెర్షన్,5.781825542449951
U532241,480272,8,2524309,హోండా అమేజ్ కొత్త వెర్షన్,హోండా అమేజ్ కొత్త వెర్షన్,5.781825542449951
U532241,480272,9,2524477,హోండా అమేజ్ కొత్త వెర్షన్,హోండా అమేజ్ కొత్త వెర్షన్,5.781825542449951
U532241,480272,10,2510782,మారుతి సుజుకి ’న్యూ ఆల్ డిజైర్’ కారు విడుదల,మారుతి సుజుకి ’న్యూ ఆల్ డిజైర్’ కారు విడుదల,5.759521484375
U532436,480488,1,2513068,హాట్ హిట్స్,హాట్ హిట్స్,3.1411919593811035
U532436,480488,2,2513089,హాట్ హిట్స్,హాట్ హిట్స్,3.1411919593811035
U532436,480488,3,2513315,హాట్ హిట్స్,హాట్ హిట్స్,3.1411919593811035
U532436,480488,4,2508608,హాట్ హిట్స్ ,హాట్ హిట్స్,3.139037847518921
U532436,480488,5,2508601,హాట్ హిట్స్ ,హాట్ హిట్స్,3.139037847518921
U532436,480488,6,2508615,హాట్ హిట్స్ ,హాట్ హిట్స్,3.139037847518921
U532436,480488,7,2527189,హాట్ హిట్స్,హాట్ హిట్స్,3.1288585662841797
U532436,480488,8,2527427,హాట్ హిట్స్,హాట్ హిట్స్,3.1288585662841797
U532436,480488,9,2527338,హాట్ హిట్స్,హాట్ హిట్స్,3.1288585662841797
U532436,480488,10,2515400,ఆమె కూడా భర్తకు విడాకులు ఇచ్చింది,ఆమె కూడా భర్తకు విడాకులు ఇచ్చింది,3.126119613647461
U533215,481354,1,2525927,చలి కాలంలో,చలి కాలంలో,2.8779923915863037
U533215,481354,2,2526063,చలి కాలంలో,చలి కాలంలో,2.8779923915863037
U533215,481354,3,2483635,కాఫీ సందేశ్!,కాఫీ సందేశ్!,2.8655238151550293
U533215,481354,4,2483693,కాఫీ సందేశ్!,కాఫీ సందేశ్!,2.8655238151550293
U533215,481354,5,2483620,కాఫీ సందేశ్!,కాఫీ సందేశ్!,2.8655238151550293
U533215,481354,6,2502885,ఆప్రికాట్ డిలైట్,ఆప్రికాట్ డిలైట్,2.8332772254943848
U533215,481354,7,2502779,ఆప్రికాట్ డిలైట్,ఆప్రికాట్ డిలైట్,2.8332772254943848
U533215,481354,8,2503090,ఆప్రికాట్ డిలైట్,ఆప్రికాట్ డిలైట్,2.8332772254943848
U533215,481354,9,2516579,శీతాకాలంవేడి వేడిగా..!,శీతాకాలంవేడి వేడిగా..!,2.821773052215576
U533215,481354,10,2521059,చపాతీలతో తింటే భలే రుచి,చపాతీలతో తింటే భలే రుచి,2.8125193119049072
U533222,481362,1,666456,ఇప్పట్లో ధోనీ రిటైర్ అవ్వడు : ఎమ్మెస్కే,ఇప్పట్లో ధోనీ రిటైర్ అవ్వడు : ఎమ్మెస్కే,6.524723529815674
U533222,481362,2,540597,వెస్టిండీస్ పర్యటనకు భారత జట్టు ప్రకటన,వెస్టిండీస్ పర్యటనకు భారత జట్టు ప్రకటన,6.524540901184082
U533222,481362,3,2530007,ఆకాశ్దీప్ ఆడేనా?,ఆకాశ్దీప్ ఆడేనా?,6.524536609649658
U533222,481362,4,2529957,ఆకాశ్దీప్ ఆడేనా?,ఆకాశ్దీప్ ఆడేనా?,6.524536609649658
U533222,481362,5,2529927,ఆకాశ్దీప్ ఆడేనా?,ఆకాశ్దీప్ ఆడేనా?,6.524536609649658
U533222,481362,6,2542932,రోహిత్కు ముందే చెప్పేశారా?,రోహిత్కు ముందే చెప్పేశారా?,6.5238938331604
U533222,481362,7,2543335,రోహిత్కు ముందే చెప్పేశారా?,రోహిత్కు ముందే చెప్పేశారా?,6.5238938331604
U533222,481362,8,2543414,రోహిత్కు ముందే చెప్పేశారా?,రోహిత్కు ముందే చెప్పేశారా?,6.5238938331604
U533222,481362,9,2509453, బుమ్రాకే పగ్గాలు!,బుమ్రాకే పగ్గాలు!,6.523674488067627
U533222,481362,10,2509639, బుమ్రాకే పగ్గాలు!,బుమ్రాకే పగ్గాలు!,6.523674488067627
U535114,483464,1,2527035,బరువు పెరగాలంటే..! ,బరువు పెరగాలంటే..!,3.3101775646209717
U535114,483464,2,2514456,ఇలా చేస్తే మెదడుకు హాని,ఇలా చేస్తే మెదడుకు హాని,3.307884931564331
U535114,483464,3,2514604,ఇలా చేస్తే మెదడుకు హాని,ఇలా చేస్తే మెదడుకు హాని,3.307884931564331
U535114,483464,4,2514928,ఇలా చేస్తే మెదడుకు హాని,ఇలా చేస్తే మెదడుకు హాని,3.307884931564331
U535114,483464,5,2504853,ఇన్ఫ్లమేషన్ ,ఇన్ఫ్లమేషన్,3.3073763847351074
U535114,483464,6,2496191,మందులు వ్యసనంగా మారితే? ,మందులు వ్యసనంగా మారితే?,3.307237386703491
U535114,483464,7,2496393,మందులు వ్యసనంగా మారితే? ,మందులు వ్యసనంగా మారితే?,3.307237386703491
U535114,483464,8,2496277,మందులు వ్యసనంగా మారితే? ,మందులు వ్యసనంగా మారితే?,3.307237386703491
U535114,483464,9,2508045,బరువు తగ్గండిలా...,బరువు తగ్గండిలా...,3.3069040775299072
U535114,483464,10,2507941,బరువు తగ్గండిలా...,బరువు తగ్గండిలా...,3.3069040775299072
U540476,489421,1,2527035,బరువు పెరగాలంటే..! ,బరువు పెరగాలంటే..!,4.856308937072754
U540476,489421,2,2527869,పండ్లు పరిమితంగానే...                        ,పండ్లు పరిమితంగానే...,4.850321292877197
U540476,489421,3,2527643,పండ్లు పరిమితంగానే...                        ,పండ్లు పరిమితంగానే...,4.850321292877197
U540476,489421,4,2528217,పండ్లు పరిమితంగానే...                        ,పండ్లు పరిమితంగానే...,4.850321292877197
U540476,489421,5,2508045,బరువు తగ్గండిలా...,బరువు తగ్గండిలా...,4.849985599517822
U540476,489421,6,2507941,బరువు తగ్గండిలా...,బరువు తగ్గండిలా...,4.849985599517822
U540476,489421,7,2508244,బరువు తగ్గండిలా...,బరువు తగ్గండిలా...,4.849985599517822
U540476,489421,8,2514456,ఇలా చేస్తే మెదడుకు హాని,ఇలా చేస్తే మెదడుకు హాని,4.84950065612793
U540476,489421,9,2514604,ఇలా చేస్తే మెదడుకు హాని,ఇలా చేస్తే మెదడుకు హాని,4.84950065612793
U540476,489421,10,2514928,ఇలా చేస్తే మెదడుకు హాని,ఇలా చేస్తే మెదడుకు హాని,4.84950065612793
U546514,496130,1,666456,ఇప్పట్లో ధోనీ రిటైర్ అవ్వడు : ఎమ్మెస్కే,ఇప్పట్లో ధోనీ రిటైర్ అవ్వడు : ఎమ్మెస్కే,4.781002521514893
U546514,496130,2,2530007,ఆకాశ్దీప్ ఆడేనా?,ఆకాశ్దీప్ ఆడేనా?,4.780781269073486
U546514,496130,3,2529927,ఆకాశ్దీప్ ఆడేనా?,ఆకాశ్దీప్ ఆడేనా?,4.780781269073486
U546514,496130,4,2529957,ఆకాశ్దీప్ ఆడేనా?,ఆకాశ్దీప్ ఆడేనా?,4.780781269073486
U546514,496130,5,540597,వెస్టిండీస్ పర్యటనకు భారత జట్టు ప్రకటన,వెస్టిండీస్ పర్యటనకు భారత జట్టు ప్రకటన,4.780712604522705
U546514,496130,6,2543414,రోహిత్కు ముందే చెప్పేశారా?,రోహిత్కు ముందే చెప్పేశారా?,4.780191898345947
U546514,496130,7,2542932,రోహిత్కు ముందే చెప్పేశారా?,రోహిత్కు ముందే చెప్పేశారా?,4.780191898345947
U546514,496130,8,2543335,రోహిత్కు ముందే చెప్పేశారా?,రోహిత్కు ముందే చెప్పేశారా?,4.780191898345947
U546514,496130,9,2545264,‘రిజర్వ్’ పేస్లో ,‘రిజర్వ్’ పేస్లో,4.780067443847656
U546514,496130,10,2544989,‘రిజర్వ్’ పేస్లో ,‘రిజర్వ్’ పేస్లో,4.780067443847656
U549110,499015,1,2507430,ఇలా అలంకరిస్తే ,ఇలా అలంకరిస్తే,4.062196731567383
U549110,499015,2,2507149,ఇలా అలంకరిస్తే ,ఇలా అలంకరిస్తే,4.062196731567383
U549110,499015,3,2507347,ఇలా అలంకరిస్తే ,ఇలా అలంకరిస్తే,4.062196731567383
U549110,499015,4,2492910,ఆర్గంజా అదరహో... ,ఆర్గంజా అదరహో...,4.019837379455566
U549110,499015,5,2541361,ఇంటిని అందంగా అలంకరిద్దాం!,ఇంటిని అందంగా అలంకరిద్దాం!,4.004889488220215
U549110,499015,6,2541389,అందంగా అలంకరిద్దాం!,అందంగా అలంకరిద్దాం!,3.955778121948242
U549110,499015,7,2505382,ఇల్లు విలాసవంతంగా,ఇల్లు విలాసవంతంగా,3.935746431350708
U549110,499015,8,2505205,ఇల్లు విలాసవంతంగా,ఇల్లు విలాసవంతంగా,3.935746431350708
U549110,499015,9,2542748,మనం స్వేచ్ఛగానే ఉన్నామా?,మనం స్వేచ్ఛగానే ఉన్నామా?,3.8911561965942383
U549110,499015,10,2514605,పిల్లలు ఎవరితోనూ కలవడం లేదా?,పిల్లలు ఎవరితోనూ కలవడం లేదా?,3.8744070529937744
U55013,500148,1,2505621,25 నుంచి పార్లమెంటు శీతాకాల సమావేశాలు,25 నుంచి పార్లమెంటు శీతాకాల సమావేశాలు,5.072765827178955
U55013,500148,2,2528868,జమిలిపై ముందుకు!,జమిలిపై ముందుకు!,5.0650177001953125
U55013,500148,3,2518106,పార్లమెంటు ముందుకు,పార్లమెంటు ముందుకు,5.018314361572266
U55013,500148,4,2517765,పార్లమెంటు ముందుకు,పార్లమెంటు ముందుకు,5.018314361572266
U55013,500148,5,2503356,5న రాష్ట్రానికి రాహుల్,5న రాష్ట్రానికి రాహుల్,5.004495620727539
U55013,500148,6,2518272,పార్లమెంటు ముందుకు,పార్లమెంటు ముందుకు,4.9989914894104
U55013,500148,7,2517319,వైసీపీకి జయమంగళ గుడ్బై,వైసీపీకి జయమంగళ గుడ్బై,4.993898868560791
U55013,500148,8,2518049,పార్లమెంటు ముందుకు 16 బిల్లులు!,పార్లమెంటు ముందుకు 16 బిల్లులు!,4.9897918701171875
U55013,500148,9,2517832,పార్లమెంటు ముందుకు 16 బిల్లులు!,పార్లమెంటు ముందుకు 16 బిల్లులు!,4.9897918701171875
U55013,500148,10,2517732,పార్లమెంటు ముందుకు 16 బిల్లులు!,పార్లమెంటు ముందుకు 16 బిల్లులు!,4.9897918701171875
U550218,500246,1,2505621,25 నుంచి పార్లమెంటు శీతాకాల సమావేశాలు,25 నుంచి పార్లమెంటు శీతాకాల సమావేశాలు,4.369462013244629
U550218,500246,2,2528868,జమిలిపై ముందుకు!,జమిలిపై ముందుకు!,4.364809036254883
U550218,500246,3,2517765,పార్లమెంటు ముందుకు,పార్లమెంటు ముందుకు,4.326369285583496
U550218,500246,4,2518106,పార్లమెంటు ముందుకు,పార్లమెంటు ముందుకు,4.326369285583496
U550218,500246,5,2518272,పార్లమెంటు ముందుకు,పార్లమెంటు ముందుకు,4.310959339141846
U550218,500246,6,2503356,5న రాష్ట్రానికి రాహుల్,5న రాష్ట్రానికి రాహుల్,4.301983833312988
U550218,500246,7,2517832,పార్లమెంటు ముందుకు 16 బిల్లులు!,పార్లమెంటు ముందుకు 16 బిల్లులు!,4.298531532287598
U550218,500246,8,2517732,పార్లమెంటు ముందుకు 16 బిల్లులు!,పార్లమెంటు ముందుకు 16 బిల్లులు!,4.298531532287598
U550218,500246,9,2518049,పార్లమెంటు ముందుకు 16 బిల్లులు!,పార్లమెంటు ముందుకు 16 బిల్లులు!,4.298531532287598
U550218,500246,10,2505249,25 నుంచి పార్లమెంట్  శీతాకాల సమావేశాలు,25 నుంచి పార్లమెంట్ శీతాకాల సమావేశాలు,4.296664237976074
U551827,502033,1,386042,‘మాస్టర్ చెఫ్’కి హోస్ట్ గా తమన్నా !,‘మాస్టర్ చెఫ్’కి హోస్ట్ గా తమన్నా !,4.844841003417969
U551827,502033,2,760478,‘మా’ లో నరేష్ చేసిన మోసాలు బయటపెట్టిన జీవిత రాజశేఖర్,‘మా’ లో నరేష్ చేసిన మోసాలు బయటపెట్టిన జీవిత రాజశేఖర్,4.498557090759277
U551827,502033,3,2495686,సెట్స్లోకి స్వాగతం,సెట్స్లోకి స్వాగతం,4.4577836990356445
U551827,502033,4,2495615,సెట్స్లోకి స్వాగతం,సెట్స్లోకి స్వాగతం,4.4577836990356445
U551827,502033,5,2495439,సెట్స్లోకి స్వాగతం,సెట్స్లోకి స్వాగతం,4.4577836990356445
U551827,502033,6,2493634,నో అన్నా వాళ్లు వదల్లేదు!,నో అన్నా వాళ్లు వదల్లేదు!,4.423127174377441
U551827,502033,7,2493876,నో అన్నా వాళ్లు వదల్లేదు!,నో అన్నా వాళ్లు వదల్లేదు!,4.423127174377441
U551827,502033,8,2493696,నో అన్నా వాళ్లు వదల్లేదు!,నో అన్నా వాళ్లు వదల్లేదు!,4.423127174377441
U551827,502033,9,2524584,మహిళ మృతి,మహిళ మృతి,4.263625144958496
U551827,502033,10,2524541,మహిళ మృతి,మహిళ మృతి,4.237143516540527
U553822,504250,1,540597,వెస్టిండీస్ పర్యటనకు భారత జట్టు ప్రకటన,వెస్టిండీస్ పర్యటనకు భారత జట్టు ప్రకటన,2.555495500564575
U553822,504250,2,666456,ఇప్పట్లో ధోనీ రిటైర్ అవ్వడు : ఎమ్మెస్కే,ఇప్పట్లో ధోనీ రిటైర్ అవ్వడు : ఎమ్మెస్కే,2.555467367172241
U553822,504250,3,2529927,ఆకాశ్దీప్ ఆడేనా?,ఆకాశ్దీప్ ఆడేనా?,2.5554213523864746
U553822,504250,4,2529957,ఆకాశ్దీప్ ఆడేనా?,ఆకాశ్దీప్ ఆడేనా?,2.5554213523864746
U553822,504250,5,2530007,ఆకాశ్దీప్ ఆడేనా?,ఆకాశ్దీప్ ఆడేనా?,2.5554213523864746
U553822,504250,6,2542932,రోహిత్కు ముందే చెప్పేశారా?,రోహిత్కు ముందే చెప్పేశారా?,2.5550525188446045
U553822,504250,7,2543335,రోహిత్కు ముందే చెప్పేశారా?,రోహిత్కు ముందే చెప్పేశారా?,2.5550525188446045
U553822,504250,8,2543414,రోహిత్కు ముందే చెప్పేశారా?,రోహిత్కు ముందే చెప్పేశారా?,2.5550525188446045
U553822,504250,9,2509585, బుమ్రాకే పగ్గాలు!,బుమ్రాకే పగ్గాలు!,2.554981231689453
U553822,504250,10,2509453, బుమ్రాకే పగ్గాలు!,బుమ్రాకే పగ్గాలు!,2.554981231689453
U55421,504681,1,2510149,బాబు.. పవర్ఫుల్ సీఎం!,బాబు.. పవర్ఫుల్ సీఎం!,5.273227691650391
U55421,504681,2,2519508,కాంగ్రెస్ వేర్లు కాదు.. ఆకును కూడా పీకలేవు ,కాంగ్రెస్ వేర్లు కాదు.. ఆకును కూడా పీకలేవు,5.150142192840576
U55421,504681,3,2519217,కాంగ్రెస్ వేర్లు కాదు.. ఆకును కూడా పీకలేవు ,కాంగ్రెస్ వేర్లు కాదు.. ఆకును కూడా పీకలేవు,5.150142192840576
U55421,504681,4,2517423,చంద్రబాబు చేతికి జగన్ జుత్తు!,చంద్రబాబు చేతికి జగన్ జుత్తు!,5.128427505493164
U55421,504681,5,2496892,కేటీఆర్.. నువ్వో బేవకూఫ్ ,కేటీఆర్.. నువ్వో బేవకూఫ్,5.106039047241211
U55421,504681,6,2496845,కేటీఆర్.. నువ్వో బేవకూఫ్ ,కేటీఆర్.. నువ్వో బేవకూఫ్,5.106039047241211
U55421,504681,7,2494706,అవునా జగన్!,అవునా జగన్!,5.094613075256348
U55421,504681,8,2502915,‘బడ్జెట్’లోనే హామీలివ్వండి,‘బడ్జెట్’లోనే హామీలివ్వండి,5.094564914703369
U55421,504681,9,2502791,‘బడ్జెట్’లోనే హామీలివ్వండి,‘బడ్జెట్’లోనే హామీలివ్వండి,5.094564914703369
U55421,504681,10,2503230,‘బడ్జెట్’ చూసి హామీలివ్వండి,‘బడ్జెట్’ చూసి హామీలివ్వండి,5.0744171142578125
U561630,512926,1,2530995,వారం పాటు పెట్టాల్సిన ఆహార పదార్థాలు ఇవే...,వారం పాటు పెట్టాల్సిన ఆహార పదార్థాలు ఇవే...,2.429115056991577
U561630,512926,2,2530925,వారం పాటు పెట్టాల్సిన ఆహార పదార్థాలు ఇవే...,వారం పాటు పెట్టాల్సిన ఆహార పదార్థాలు ఇవే...,2.429115056991577
U561630,512926,3,2529706,వహ్వా.. హైదరాబాద్ బిర్యానీ!,వహ్వా.. హైదరాబాద్ బిర్యానీ!,2.4272420406341553
U561630,512926,4,2529847,వహ్వా.. హైదరాబాద్ బిర్యానీ!,వహ్వా.. హైదరాబాద్ బిర్యానీ!,2.4272420406341553
U561630,512926,5,2521652,పనీర్ మిరియాల కూర,పనీర్ మిరియాల కూర,2.408351182937622
U561630,512926,6,2521439,పనీర్ మిరియాల కూర,పనీర్ మిరియాల కూర,2.4012699127197266
U561630,512926,7,2514799,● కేక్ మిక్సింగ్,● కేక్ మిక్సింగ్,2.4006505012512207
U561630,512926,8,2494442,మంచింగ్గా కుళ్లిన చికెన్! ,మంచింగ్గా కుళ్లిన చికెన్!,2.382258653640747
U561630,512926,9,2494257,మంచింగ్గా కుళ్లిన చికెన్! ,మంచింగ్గా కుళ్లిన చికెన్!,2.382258653640747
U561630,512926,10,2494245,రుచికి రుచి,రుచికి రుచి,2.3813679218292236
U563128,514590,1,2505088,కెనడాలో హిందూ  ఆలయంపై దాడి,కెనడాలో హిందూ ఆలయంపై దాడి,2.3136420249938965
U563128,514590,2,2504924,కెనడాలో హిందూ  ఆలయంపై దాడి,కెనడాలో హిందూ ఆలయంపై దాడి,2.3136420249938965
U563128,514590,3,2519719,‘ఇస్కాన్’పై బంగ్లాదేశ్లో నిషేధం?,‘ఇస్కాన్’పై బంగ్లాదేశ్లో నిషేధం?,2.311905860900879
U563128,514590,4,2519811,‘ఇస్కాన్’పై బంగ్లాదేశ్లో నిషేధం?,‘ఇస్కాన్’పై బంగ్లాదేశ్లో నిషేధం?,2.311905860900879
U563128,514590,5,2520014,‘ఇస్కాన్’పై బంగ్లాదేశ్లో నిషేధం!,‘ఇస్కాన్’పై బంగ్లాదేశ్లో నిషేధం!,2.3111391067504883
U563128,514590,6,2493912,శ్వేతపత్రాలపై ఏం చేశారు? ,శ్వేతపత్రాలపై ఏం చేశారు?,2.309203863143921
U563128,514590,7,2536824,హసీనాను మాకు  అప్పగించండిభారత్ను కోరిన బంగ్లాదేశ్,హసీనాను మాకు అప్పగించండిభారత్ను కోరిన బంగ్లాదేశ్,2.309046983718872
U563128,514590,8,2536750,హసీనాను మాకు  అప్పగించండిభారత్ను కోరిన బంగ్లాదేశ్,హసీనాను మాకు అప్పగించండిభారత్ను కోరిన బంగ్లాదేశ్,2.309046983718872
U563128,514590,9,2536558,హసీనాను మాకు  అప్పగించండిభారత్ను కోరిన బంగ్లాదేశ్,హసీనాను మాకు అప్పగించండిభారత్ను కోరిన బంగ్లాదేశ్,2.309046983718872
U563128,514590,10,895624,అమరావతి పై సుప్రీం కీలక తీర్పు,అమరావతి పై సుప్రీం కీలక తీర్పు,2.3086607456207275
U563197,514666,1,937990,గోదాం దగ్ధం కేసులో ఇద్దరికి జైలుశిక్ష,గోదాం దగ్ధం కేసులో ఇద్దరికి జైలుశిక్ష,2.5995678901672363
U563197,514666,2,2488130,రూ. 24 లక్షల బాణసంచా పట్టివేత,రూ. 24 లక్షల బాణసంచా పట్టివేత,2.595494031906128
U563197,514666,3,888063,అల్లుడిని చంపిన కేసులో మామ అరెస్టు,అల్లుడిని చంపిన కేసులో మామ అరెస్టు,2.5820257663726807
U563197,514666,4,910014,మహిళను వేధించిన కేసులో యువకుడు అరెస్టు,మహిళను వేధించిన కేసులో యువకుడు అరెస్టు,2.5798890590667725
U563197,514666,5,2521877,ఫేక్ బెయిల్తో జైలు నుంచి బయటకు,ఫేక్ బెయిల్తో జైలు నుంచి బయటకు,2.5788795948028564
U563197,514666,6,991306,మైనర్ బాలిక హత్యచారం కేసులో నిందితుడు అరెస్టు,మైనర్ బాలిక హత్యచారం కేసులో నిందితుడు అరెస్టు,2.578368902206421
U563197,514666,7,2521757,దొంగ.. బెయిల్,దొంగ.. బెయిల్,2.5749809741973877
U563197,514666,8,2485923,ముగ్గురు గంజాయి విక్రేతల అరెస్టు,ముగ్గురు గంజాయి విక్రేతల అరెస్టు,2.573920488357544
U563197,514666,9,648247,చోరీకి పాల్పడిన ముగ్గురి అరెస్టు,చోరీకి పాల్పడిన ముగ్గురి అరెస్టు,2.566678285598755
U563197,514666,10,543186,మహమ్మదాబాద్లో వ్యక్తి హత్య,మహమ్మదాబాద్లో వ్యక్తి హత్య,2.5665926933288574
U572190,524659,1,2526063,చలి కాలంలో,చలి కాలంలో,6.678446292877197
U572190,524659,2,2525927,చలి కాలంలో,చలి కాలంలో,6.678446292877197
U572190,524659,3,2483620,కాఫీ సందేశ్!,కాఫీ సందేశ్!,6.642989635467529
U572190,524659,4,2483693,కాఫీ సందేశ్!,కాఫీ సందేశ్!,6.642989635467529
U572190,524659,5,2483635,కాఫీ సందేశ్!,కాఫీ సందేశ్!,6.642989635467529
U572190,524659,6,2502779,ఆప్రికాట్ డిలైట్,ఆప్రికాట్ డిలైట్,6.609066963195801
U572190,524659,7,2502885,ఆప్రికాట్ డిలైట్,ఆప్రికాట్ డిలైట్,6.609066963195801
U572190,524659,8,2503090,ఆప్రికాట్ డిలైట్,ఆప్రికాట్ డిలైట్,6.609066963195801
U572190,524659,9,2516579,శీతాకాలంవేడి వేడిగా..!,శీతాకాలంవేడి వేడిగా..!,6.562454700469971
U572190,524659,10,2521059,చపాతీలతో తింటే భలే రుచి,చపాతీలతో తింటే భలే రుచి,6.5332865715026855
U572466,524965,1,728477,నేటి వాతావరణ సమాచారం,నేటి వాతావరణ సమాచారం,6.817717552185059
U572466,524965,2,2543662,గజగజ,గజగజ,6.8151164054870605
U572466,524965,3,2543538,గజగజ,గజగజ,6.8151164054870605
U572466,524965,4,2529776,"ఏజెన్సీలు గజగజపడిపోయిన ఉష్ణోగ్రతలు,  కమ్మేస్తున్న పొగమంచు","ఏజెన్సీలు గజగజపడిపోయిన ఉష్ణోగ్రతలు, కమ్మేస్తున్న పొగమంచు",6.8142876625061035
U572466,524965,5,2529663,"ఏజెన్సీలు గజగజపడిపోయిన ఉష్ణోగ్రతలు,  కమ్మేస్తున్న పొగమంచు","ఏజెన్సీలు గజగజపడిపోయిన ఉష్ణోగ్రతలు, కమ్మేస్తున్న పొగమంచు",6.8142876625061035
U572466,524965,6,2503064,ఈ నెల చలి తక్కువే!,ఈ నెల చలి తక్కువే!,6.8140950202941895
U572466,524965,7,2502865,ఈ నెల చలి తక్కువే!,ఈ నెల చలి తక్కువే!,6.8140950202941895
U572466,524965,8,2543983,ఏజెనీ్స గజగజ ,ఏజెనీ్స గజగజ,6.813780307769775
U572466,524965,9,2507298,వేడీ ఎక్కువే.. చలీ ఎక్కువే! ,వేడీ ఎక్కువే.. చలీ ఎక్కువే!,6.813081741333008
U572466,524965,10,2507247,వేడీ ఎక్కువే.. చలీ ఎక్కువే! ,వేడీ ఎక్కువే.. చలీ ఎక్కువే!,6.813081741333008
U573318,525912,1,666456,ఇప్పట్లో ధోనీ రిటైర్ అవ్వడు : ఎమ్మెస్కే,ఇప్పట్లో ధోనీ రిటైర్ అవ్వడు : ఎమ్మెస్కే,3.133186101913452
U573318,525912,2,2529957,ఆకాశ్దీప్ ఆడేనా?,ఆకాశ్దీప్ ఆడేనా?,3.1330935955047607
U573318,525912,3,2529927,ఆకాశ్దీప్ ఆడేనా?,ఆకాశ్దీప్ ఆడేనా?,3.1330935955047607
U573318,525912,4,2530007,ఆకాశ్దీప్ ఆడేనా?,ఆకాశ్దీప్ ఆడేనా?,3.1330935955047607
U573318,525912,5,540597,వెస్టిండీస్ పర్యటనకు భారత జట్టు ప్రకటన,వెస్టిండీస్ పర్యటనకు భారత జట్టు ప్రకటన,3.1330554485321045
U573318,525912,6,2542932,రోహిత్కు ముందే చెప్పేశారా?,రోహిత్కు ముందే చెప్పేశారా?,3.1327192783355713
U573318,525912,7,2543414,రోహిత్కు ముందే చెప్పేశారా?,రోహిత్కు ముందే చెప్పేశారా?,3.1327192783355713
U573318,525912,8,2543335,రోహిత్కు ముందే చెప్పేశారా?,రోహిత్కు ముందే చెప్పేశారా?,3.1327192783355713
U573318,525912,9,2509639, బుమ్రాకే పగ్గాలు!,బుమ్రాకే పగ్గాలు!,3.1325812339782715
U573318,525912,10,2509585, బుమ్రాకే పగ్గాలు!,బుమ్రాకే పగ్గాలు!,3.1325812339782715
U573409,526013,1,2529927,ఆకాశ్దీప్ ఆడేనా?,ఆకాశ్దీప్ ఆడేనా?,4.107940196990967
U573409,526013,2,2530007,ఆకాశ్దీప్ ఆడేనా?,ఆకాశ్దీప్ ఆడేనా?,4.107940196990967
U573409,526013,3,2529957,ఆకాశ్దీప్ ఆడేనా?,ఆకాశ్దీప్ ఆడేనా?,4.107940196990967
U573409,526013,4,540597,వెస్టిండీస్ పర్యటనకు భారత జట్టు ప్రకటన,వెస్టిండీస్ పర్యటనకు భారత జట్టు ప్రకటన,4.10792875289917
U573409,526013,5,666456,ఇప్పట్లో ధోనీ రిటైర్ అవ్వడు : ఎమ్మెస్కే,ఇప్పట్లో ధోనీ రిటైర్ అవ్వడు : ఎమ్మెస్కే,4.10791540145874
U573409,526013,6,2543335,రోహిత్కు ముందే చెప్పేశారా?,రోహిత్కు ముందే చెప్పేశారా?,4.107422351837158
U573409,526013,7,2542932,రోహిత్కు ముందే చెప్పేశారా?,రోహిత్కు ముందే చెప్పేశారా?,4.107422351837158
U573409,526013,8,2543414,రోహిత్కు ముందే చెప్పేశారా?,రోహిత్కు ముందే చెప్పేశారా?,4.107422351837158
U573409,526013,9,2509585, బుమ్రాకే పగ్గాలు!,బుమ్రాకే పగ్గాలు!,4.1072492599487305
U573409,526013,10,2509639, బుమ్రాకే పగ్గాలు!,బుమ్రాకే పగ్గాలు!,4.1072492599487305
U573966,526631,1,937990,గోదాం దగ్ధం కేసులో ఇద్దరికి జైలుశిక్ష,గోదాం దగ్ధం కేసులో ఇద్దరికి జైలుశిక్ష,2.3365769386291504
U573966,526631,2,2488130,రూ. 24 లక్షల బాణసంచా పట్టివేత,రూ. 24 లక్షల బాణసంచా పట్టివేత,2.3345296382904053
U573966,526631,3,888063,అల్లుడిని చంపిన కేసులో మామ అరెస్టు,అల్లుడిని చంపిన కేసులో మామ అరెస్టు,2.324652671813965
U573966,526631,4,910014,మహిళను వేధించిన కేసులో యువకుడు అరెస్టు,మహిళను వేధించిన కేసులో యువకుడు అరెస్టు,2.3228025436401367
U573966,526631,5,991306,మైనర్ బాలిక హత్యచారం కేసులో నిందితుడు అరెస్టు,మైనర్ బాలిక హత్యచారం కేసులో నిందితుడు అరెస్టు,2.3198184967041016
U573966,526631,6,2485923,ముగ్గురు గంజాయి విక్రేతల అరెస్టు,ముగ్గురు గంజాయి విక్రేతల అరెస్టు,2.3174667358398438
U573966,526631,7,2521877,ఫేక్ బెయిల్తో జైలు నుంచి బయటకు,ఫేక్ బెయిల్తో జైలు నుంచి బయటకు,2.3159852027893066
U573966,526631,8,2521757,దొంగ.. బెయిల్,దొంగ.. బెయిల్,2.3125803470611572
U573966,526631,9,543186,మహమ్మదాబాద్లో వ్యక్తి హత్య,మహమ్మదాబాద్లో వ్యక్తి హత్య,2.312171220779419
U573966,526631,10,648247,చోరీకి పాల్పడిన ముగ్గురి అరెస్టు,చోరీకి పాల్పడిన ముగ్గురి అరెస్టు,2.310210704803467
U575355,528175,1,666456,ఇప్పట్లో ధోనీ రిటైర్ అవ్వడు : ఎమ్మెస్కే,ఇప్పట్లో ధోనీ రిటైర్ అవ్వడు : ఎమ్మెస్కే,4.541243076324463
U575355,528175,2,540597,వెస్టిండీస్ పర్యటనకు భారత జట్టు ప్రకటన,వెస్టిండీస్ పర్యటనకు భారత జట్టు ప్రకటన,4.541013240814209
U575355,528175,3,2530007,ఆకాశ్దీప్ ఆడేనా?,ఆకాశ్దీప్ ఆడేనా?,4.541001796722412
U575355,528175,4,2529927,ఆకాశ్దీప్ ఆడేనా?,ఆకాశ్దీప్ ఆడేనా?,4.541001796722412
U575355,528175,5,2529957,ఆకాశ్దీప్ ఆడేనా?,ఆకాశ్దీప్ ఆడేనా?,4.541001796722412
U575355,528175,6,2543414,రోహిత్కు ముందే చెప్పేశారా?,రోహిత్కు ముందే చెప్పేశారా?,4.540476322174072
U575355,528175,7,2543335,రోహిత్కు ముందే చెప్పేశారా?,రోహిత్కు ముందే చెప్పేశారా?,4.540476322174072
U575355,528175,8,2542932,రోహిత్కు ముందే చెప్పేశారా?,రోహిత్కు ముందే చెప్పేశారా?,4.540476322174072
U575355,528175,9,2545264,‘రిజర్వ్’ పేస్లో ,‘రిజర్వ్’ పేస్లో,4.54037618637085
U575355,528175,10,2544989,‘రిజర్వ్’ పేస్లో ,‘రిజర్వ్’ పేస్లో,4.54037618637085
U576120,529026,1,2528868,జమిలిపై ముందుకు!,జమిలిపై ముందుకు!,5.290519714355469
U576120,529026,2,2505621,25 నుంచి పార్లమెంటు శీతాకాల సమావేశాలు,25 నుంచి పార్లమెంటు శీతాకాల సమావేశాలు,5.281675338745117
U576120,529026,3,2517765,పార్లమెంటు ముందుకు,పార్లమెంటు ముందుకు,5.257282257080078
U576120,529026,4,2518106,పార్లమెంటు ముందుకు,పార్లమెంటు ముందుకు,5.257282257080078
U576120,529026,5,2518272,పార్లమెంటు ముందుకు,పార్లమెంటు ముందుకు,5.244967460632324
U576120,529026,6,2503356,5న రాష్ట్రానికి రాహుల్,5న రాష్ట్రానికి రాహుల్,5.240243434906006
U576120,529026,7,2517832,పార్లమెంటు ముందుకు 16 బిల్లులు!,పార్లమెంటు ముందుకు 16 బిల్లులు!,5.23602819442749
U576120,529026,8,2517732,పార్లమెంటు ముందుకు 16 బిల్లులు!,పార్లమెంటు ముందుకు 16 బిల్లులు!,5.23602819442749
U576120,529026,9,2518049,పార్లమెంటు ముందుకు 16 బిల్లులు!,పార్లమెంటు ముందుకు 16 బిల్లులు!,5.23602819442749
U576120,529026,10,2505249,25 నుంచి పార్లమెంట్  శీతాకాల సమావేశాలు,25 నుంచి పార్లమెంట్ శీతాకాల సమావేశాలు,5.230790138244629
U576209,529124,1,2527035,బరువు పెరగాలంటే..! ,బరువు పెరగాలంటే..!,3.0192811489105225
U576209,529124,2,2514456,ఇలా చేస్తే మెదడుకు హాని,ఇలా చేస్తే మెదడుకు హాని,3.016050100326538
U576209,529124,3,2514604,ఇలా చేస్తే మెదడుకు హాని,ఇలా చేస్తే మెదడుకు హాని,3.016050100326538
U576209,529124,4,2514928,ఇలా చేస్తే మెదడుకు హాని,ఇలా చేస్తే మెదడుకు హాని,3.016050100326538
U576209,529124,5,2508045,బరువు తగ్గండిలా...,బరువు తగ్గండిలా...,3.0146262645721436
U576209,529124,6,2508244,బరువు తగ్గండిలా...,బరువు తగ్గండిలా...,3.0146262645721436
U576209,529124,7,2507941,బరువు తగ్గండిలా...,బరువు తగ్గండిలా...,3.0146262645721436
U576209,529124,8,2504853,ఇన్ఫ్లమేషన్ ,ఇన్ఫ్లమేషన్,3.0145201683044434
U576209,529124,9,2527869,పండ్లు పరిమితంగానే...                        ,పండ్లు పరిమితంగానే...,3.0143024921417236
U576209,529124,10,2527643,పండ్లు పరిమితంగానే...                        ,పండ్లు పరిమితంగానే...,3.0143024921417236
U577198,530222,1,2541551,ఏడాదిలో రూ.77.6 లక్షల కోట్లు ,ఏడాదిలో రూ.77.6 లక్షల కోట్లు,5.482570171356201
U577198,530222,2,2541219,ఏడాదిలో రూ.77.6 లక్షల కోట్లు ,ఏడాదిలో రూ.77.6 లక్షల కోట్లు,5.482570171356201
U577198,530222,3,2541167,ఏడాదిలో రూ.77.6 లక్షల కోట్లు ,ఏడాదిలో రూ.77.6 లక్షల కోట్లు,5.482570171356201
U577198,530222,4,2502725,మురిపించిన ‘మూరత్’,మురిపించిన ‘మూరత్’,5.482094764709473
U577198,530222,5,2502831,మురిపించిన ‘మూరత్’,మురిపించిన ‘మూరత్’,5.482094764709473
U577198,530222,6,2503289,మురిపించిన ‘మూరత్’,మురిపించిన ‘మూరత్’,5.482094764709473
U577198,530222,7,2493695,"ఇన్ఫీ లాభం రూ.6,506 కోట్లు","ఇన్ఫీ లాభం రూ.6,506 కోట్లు",5.4805684089660645
U577198,530222,8,2493810,"ఇన్ఫీ లాభం రూ.6,506 కోట్లు","ఇన్ఫీ లాభం రూ.6,506 కోట్లు",5.4805684089660645
U577198,530222,9,2494006,"ఇన్ఫీ లాభం రూ.6,506 కోట్లు","ఇన్ఫీ లాభం రూ.6,506 కోట్లు",5.4805684089660645
U577198,530222,10,2499551,"ఐసీఐసీఐ బ్యాంక్  లాభం రూ.11,746 కోట్లు ","ఐసీఐసీఐ బ్యాంక్ లాభం రూ.11,746 కోట్లు",5.4789628982543945
U579826,533142,1,2513315,హాట్ హిట్స్,హాట్ హిట్స్,3.1364080905914307
U579826,533142,2,2513089,హాట్ హిట్స్,హాట్ హిట్స్,3.1364080905914307
U579826,533142,3,2513068,హాట్ హిట్స్,హాట్ హిట్స్,3.1364080905914307
U579826,533142,4,2508615,హాట్ హిట్స్ ,హాట్ హిట్స్,3.136362314224243
U579826,533142,5,2508608,హాట్ హిట్స్ ,హాట్ హిట్స్,3.136362314224243
U579826,533142,6,2508601,హాట్ హిట్స్ ,హాట్ హిట్స్,3.136362314224243
U579826,533142,7,2515611,ఆమె కూడా భర్తకు విడాకులు ఇచ్చింది,ఆమె కూడా భర్తకు విడాకులు ఇచ్చింది,3.116102695465088
U579826,533142,8,2515400,ఆమె కూడా భర్తకు విడాకులు ఇచ్చింది,ఆమె కూడా భర్తకు విడాకులు ఇచ్చింది,3.116102695465088
U579826,533142,9,2515130,ఆమె కూడా భర్తకు విడాకులు ఇచ్చింది,ఆమె కూడా భర్తకు విడాకులు ఇచ్చింది,3.116102695465088
U579826,533142,10,2527427,హాట్ హిట్స్,హాట్ హిట్స్,3.1123673915863037
U580142,533495,1,2488130,రూ. 24 లక్షల బాణసంచా పట్టివేత,రూ. 24 లక్షల బాణసంచా పట్టివేత,3.9283742904663086
U580142,533495,2,937990,గోదాం దగ్ధం కేసులో ఇద్దరికి జైలుశిక్ష,గోదాం దగ్ధం కేసులో ఇద్దరికి జైలుశిక్ష,3.92759108543396
U580142,533495,3,888063,అల్లుడిని చంపిన కేసులో మామ అరెస్టు,అల్లుడిని చంపిన కేసులో మామ అరెస్టు,3.9189181327819824
U580142,533495,4,910014,మహిళను వేధించిన కేసులో యువకుడు అరెస్టు,మహిళను వేధించిన కేసులో యువకుడు అరెస్టు,3.916928291320801
U580142,533495,5,991306,మైనర్ బాలిక హత్యచారం కేసులో నిందితుడు అరెస్టు,మైనర్ బాలిక హత్యచారం కేసులో నిందితుడు అరెస్టు,3.9114785194396973
U580142,533495,6,2485923,ముగ్గురు గంజాయి విక్రేతల అరెస్టు,ముగ్గురు గంజాయి విక్రేతల అరెస్టు,3.9091970920562744
U580142,533495,7,543186,మహమ్మదాబాద్లో వ్యక్తి హత్య,మహమ్మదాబాద్లో వ్యక్తి హత్య,3.9038844108581543
U580142,533495,8,2521877,ఫేక్ బెయిల్తో జైలు నుంచి బయటకు,ఫేక్ బెయిల్తో జైలు నుంచి బయటకు,3.899885892868042
U580142,533495,9,648247,చోరీకి పాల్పడిన ముగ్గురి అరెస్టు,చోరీకి పాల్పడిన ముగ్గురి అరెస్టు,3.899419069290161
U580142,533495,10,2521757,దొంగ.. బెయిల్,దొంగ.. బెయిల్,3.895280122756958
U584093,537884,1,937990,గోదాం దగ్ధం కేసులో ఇద్దరికి జైలుశిక్ష,గోదాం దగ్ధం కేసులో ఇద్దరికి జైలుశిక్ష,3.605544328689575
U584093,537884,2,2488130,రూ. 24 లక్షల బాణసంచా పట్టివేత,రూ. 24 లక్షల బాణసంచా పట్టివేత,3.5915780067443848
U584093,537884,3,2521877,ఫేక్ బెయిల్తో జైలు నుంచి బయటకు,ఫేక్ బెయిల్తో జైలు నుంచి బయటకు,3.590411424636841
U584093,537884,4,2521757,దొంగ.. బెయిల్,దొంగ.. బెయిల్,3.585202217102051
U584093,537884,5,991306,మైనర్ బాలిక హత్యచారం కేసులో నిందితుడు అరెస్టు,మైనర్ బాలిక హత్యచారం కేసులో నిందితుడు అరెస్టు,3.570070266723633
U584093,537884,6,888063,అల్లుడిని చంపిన కేసులో మామ అరెస్టు,అల్లుడిని చంపిన కేసులో మామ అరెస్టు,3.567955732345581
U584093,537884,7,910014,మహిళను వేధించిన కేసులో యువకుడు అరెస్టు,మహిళను వేధించిన కేసులో యువకుడు అరెస్టు,3.563603401184082
U584093,537884,8,2485923,ముగ్గురు గంజాయి విక్రేతల అరెస్టు,ముగ్గురు గంజాయి విక్రేతల అరెస్టు,3.5521352291107178
U584093,537884,9,2529405,చింతల్లో దారుణం,చింతల్లో దారుణం,3.548692226409912
U584093,537884,10,648247,చోరీకి పాల్పడిన ముగ్గురి అరెస్టు,చోరీకి పాల్పడిన ముగ్గురి అరెస్టు,3.541246175765991
U588489,542767,1,2513089,హాట్ హిట్స్,హాట్ హిట్స్,2.2981395721435547
U588489,542767,2,2513315,హాట్ హిట్స్,హాట్ హిట్స్,2.2981395721435547
U588489,542767,3,2513068,హాట్ హిట్స్,హాట్ హిట్స్,2.2981395721435547
U588489,542767,4,2508601,హాట్ హిట్స్ ,హాట్ హిట్స్,2.297097682952881
U588489,542767,5,2508608,హాట్ హిట్స్ ,హాట్ హిట్స్,2.297097682952881
U588489,542767,6,2508615,హాట్ హిట్స్ ,హాట్ హిట్స్,2.297097682952881
U588489,542767,7,2515400,ఆమె కూడా భర్తకు విడాకులు ఇచ్చింది,ఆమె కూడా భర్తకు విడాకులు ఇచ్చింది,2.2895419597625732
U588489,542767,8,2515130,ఆమె కూడా భర్తకు విడాకులు ఇచ్చింది,ఆమె కూడా భర్తకు విడాకులు ఇచ్చింది,2.2895419597625732
U588489,542767,9,2515611,ఆమె కూడా భర్తకు విడాకులు ఇచ్చింది,ఆమె కూడా భర్తకు విడాకులు ఇచ్చింది,2.2895419597625732
U588489,542767,10,2527427,హాట్ హిట్స్,హాట్ హిట్స్,2.289020538330078
U590376,544865,1,2528868,జమిలిపై ముందుకు!,జమిలిపై ముందుకు!,3.8638341426849365
U590376,544865,2,2505621,25 నుంచి పార్లమెంటు శీతాకాల సమావేశాలు,25 నుంచి పార్లమెంటు శీతాకాల సమావేశాలు,3.850196361541748
U590376,544865,3,2518106,పార్లమెంటు ముందుకు,పార్లమెంటు ముందుకు,3.8335487842559814
U590376,544865,4,2517765,పార్లమెంటు ముందుకు,పార్లమెంటు ముందుకు,3.8335487842559814
U590376,544865,5,2503356,5న రాష్ట్రానికి రాహుల్,5న రాష్ట్రానికి రాహుల్,3.8323867321014404
U590376,544865,6,2517319,వైసీపీకి జయమంగళ గుడ్బై,వైసీపీకి జయమంగళ గుడ్బై,3.8243038654327393
U590376,544865,7,2518272,పార్లమెంటు ముందుకు,పార్లమెంటు ముందుకు,3.8219048976898193
U590376,544865,8,2528765,రాజ్యసభ చైర్మన్పై అవిశ్వాసం,రాజ్యసభ చైర్మన్పై అవిశ్వాసం,3.8198189735412598
U590376,544865,9,2528697,రాజ్యసభ చైర్మన్పై అవిశ్వాసం,రాజ్యసభ చైర్మన్పై అవిశ్వాసం,3.8198189735412598
U590376,544865,10,2517832,పార్లమెంటు ముందుకు 16 బిల్లులు!,పార్లమెంటు ముందుకు 16 బిల్లులు!,3.8168959617614746
U590830,545370,1,2527035,బరువు పెరగాలంటే..! ,బరువు పెరగాలంటే..!,5.522496700286865
U590830,545370,2,2527643,పండ్లు పరిమితంగానే...                        ,పండ్లు పరిమితంగానే...,5.5153303146362305
U590830,545370,3,2528217,పండ్లు పరిమితంగానే...                        ,పండ్లు పరిమితంగానే...,5.5153303146362305
U590830,545370,4,2527869,పండ్లు పరిమితంగానే...                        ,పండ్లు పరిమితంగానే...,5.5153303146362305
U590830,545370,5,2514928,ఇలా చేస్తే మెదడుకు హాని,ఇలా చేస్తే మెదడుకు హాని,5.515277862548828
U590830,545370,6,2514604,ఇలా చేస్తే మెదడుకు హాని,ఇలా చేస్తే మెదడుకు హాని,5.515277862548828
U590830,545370,7,2514456,ఇలా చేస్తే మెదడుకు హాని,ఇలా చేస్తే మెదడుకు హాని,5.515277862548828
U590830,545370,8,2507941,బరువు తగ్గండిలా...,బరువు తగ్గండిలా...,5.514397144317627
U590830,545370,9,2508045,బరువు తగ్గండిలా...,బరువు తగ్గండిలా...,5.514397144317627
U590830,545370,10,2508244,బరువు తగ్గండిలా...,బరువు తగ్గండిలా...,5.514397144317627
U594820,549803,1,2510149,బాబు.. పవర్ఫుల్ సీఎం!,బాబు.. పవర్ఫుల్ సీఎం!,2.8259432315826416
U594820,549803,2,2494706,అవునా జగన్!,అవునా జగన్!,2.7826106548309326
U594820,549803,3,2517423,చంద్రబాబు చేతికి జగన్ జుత్తు!,చంద్రబాబు చేతికి జగన్ జుత్తు!,2.778682231903076
U594820,549803,4,2489544,నీ మాటలే నిన్ను పడగొడతాయి ,నీ మాటలే నిన్ను పడగొడతాయి,2.7648749351501465
U594820,549803,5,2507285,కేటీఆర్.. యాక్టింగ్ సీఎం ,కేటీఆర్.. యాక్టింగ్ సీఎం,2.763430595397949
U594820,549803,6,2507102,కేటీఆర్.. యాక్టింగ్ సీఎం ,కేటీఆర్.. యాక్టింగ్ సీఎం,2.763430595397949
U594820,549803,7,2511270,కేసు పెట్టాల్సింది.. సీఎం బ్రదర్స్పైనే ,కేసు పెట్టాల్సింది.. సీఎం బ్రదర్స్పైనే,2.763336658477783
U594820,549803,8,2500544,రాజకీయాల్లో పిల్లాడినే.. బరిలో భయపడేదే లేదు,రాజకీయాల్లో పిల్లాడినే.. బరిలో భయపడేదే లేదు,2.7571160793304443
U594820,549803,9,2517043,రేవంత్ ప్రచారం పనిచేయలేదు,రేవంత్ ప్రచారం పనిచేయలేదు,2.7473833560943604
U594820,549803,10,2517084,రేవంత్ ప్రచారం పనిచేయలేదు,రేవంత్ ప్రచారం పనిచేయలేదు,2.7473833560943604
U596217,551355,1,540597,వెస్టిండీస్ పర్యటనకు భారత జట్టు ప్రకటన,వెస్టిండీస్ పర్యటనకు భారత జట్టు ప్రకటన,2.3951120376586914
U596217,551355,2,666456,ఇప్పట్లో ధోనీ రిటైర్ అవ్వడు : ఎమ్మెస్కే,ఇప్పట్లో ధోనీ రిటైర్ అవ్వడు : ఎమ్మెస్కే,2.395095109939575
U596217,551355,3,2529927,ఆకాశ్దీప్ ఆడేనా?,ఆకాశ్దీప్ ఆడేనా?,2.3950252532958984
U596217,551355,4,2530007,ఆకాశ్దీప్ ఆడేనా?,ఆకాశ్దీప్ ఆడేనా?,2.3950252532958984
U596217,551355,5,2529957,ఆకాశ్దీప్ ఆడేనా?,ఆకాశ్దీప్ ఆడేనా?,2.3950252532958984
U596217,551355,6,2509585, బుమ్రాకే పగ్గాలు!,బుమ్రాకే పగ్గాలు!,2.394821882247925
U596217,551355,7,2509453, బుమ్రాకే పగ్గాలు!,బుమ్రాకే పగ్గాలు!,2.394821882247925
U596217,551355,8,2509639, బుమ్రాకే పగ్గాలు!,బుమ్రాకే పగ్గాలు!,2.394821882247925
U596217,551355,9,2544989,‘రిజర్వ్’ పేస్లో ,‘రిజర్వ్’ పేస్లో,2.394810676574707
U596217,551355,10,2545264,‘రిజర్వ్’ పేస్లో ,‘రిజర్వ్’ పేస్లో,2.394810676574707
U597213,552462,1,666456,ఇప్పట్లో ధోనీ రిటైర్ అవ్వడు : ఎమ్మెస్కే,ఇప్పట్లో ధోనీ రిటైర్ అవ్వడు : ఎమ్మెస్కే,1.4479570388793945
U597213,552462,2,2529927,ఆకాశ్దీప్ ఆడేనా?,ఆకాశ్దీప్ ఆడేనా?,1.4479246139526367
U597213,552462,3,2529957,ఆకాశ్దీప్ ఆడేనా?,ఆకాశ్దీప్ ఆడేనా?,1.4479246139526367
U597213,552462,4,2530007,ఆకాశ్దీప్ ఆడేనా?,ఆకాశ్దీప్ ఆడేనా?,1.4479246139526367
U597213,552462,5,540597,వెస్టిండీస్ పర్యటనకు భారత జట్టు ప్రకటన,వెస్టిండీస్ పర్యటనకు భారత జట్టు ప్రకటన,1.447920560836792
U597213,552462,6,2543335,రోహిత్కు ముందే చెప్పేశారా?,రోహిత్కు ముందే చెప్పేశారా?,1.447705626487732
U597213,552462,7,2543414,రోహిత్కు ముందే చెప్పేశారా?,రోహిత్కు ముందే చెప్పేశారా?,1.447705626487732
U597213,552462,8,2542932,రోహిత్కు ముందే చెప్పేశారా?,రోహిత్కు ముందే చెప్పేశారా?,1.447705626487732
U597213,552462,9,2509453, బుమ్రాకే పగ్గాలు!,బుమ్రాకే పగ్గాలు!,1.4475347995758057
U597213,552462,10,2509639, బుమ్రాకే పగ్గాలు!,బుమ్రాకే పగ్గాలు!,1.4475347995758057
U59892,554357,1,2528868,జమిలిపై ముందుకు!,జమిలిపై ముందుకు!,2.416374683380127
U59892,554357,2,2518106,పార్లమెంటు ముందుకు,పార్లమెంటు ముందుకు,2.410339593887329
U59892,554357,3,2517765,పార్లమెంటు ముందుకు,పార్లమెంటు ముందుకు,2.410339593887329
U59892,554357,4,2518272,పార్లమెంటు ముందుకు,పార్లమెంటు ముందుకు,2.4093987941741943
U59892,554357,5,2518049,పార్లమెంటు ముందుకు 16 బిల్లులు!,పార్లమెంటు ముందుకు 16 బిల్లులు!,2.405841827392578
U59892,554357,6,2517732,పార్లమెంటు ముందుకు 16 బిల్లులు!,పార్లమెంటు ముందుకు 16 బిల్లులు!,2.405841827392578
U59892,554357,7,2517832,పార్లమెంటు ముందుకు 16 బిల్లులు!,పార్లమెంటు ముందుకు 16 బిల్లులు!,2.405841827392578
U59892,554357,8,2527970,ఏపీ కేబినెట్లోకి నాగబాబు!,ఏపీ కేబినెట్లోకి నాగబాబు!,2.4037294387817383
U59892,554357,9,2527755,ఏపీ కేబినెట్లోకి నాగబాబు!,ఏపీ కేబినెట్లోకి నాగబాబు!,2.4037294387817383
U59892,554357,10,2503356,5న రాష్ట్రానికి రాహుల్,5న రాష్ట్రానికి రాహుల్,2.4015297889709473
U602184,557986,1,2488130,రూ. 24 లక్షల బాణసంచా పట్టివేత,రూ. 24 లక్షల బాణసంచా పట్టివేత,3.3581063747406006
U602184,557986,2,937990,గోదాం దగ్ధం కేసులో ఇద్దరికి జైలుశిక్ష,గోదాం దగ్ధం కేసులో ఇద్దరికి జైలుశిక్ష,3.3523223400115967
U602184,557986,3,888063,అల్లుడిని చంపిన కేసులో మామ అరెస్టు,అల్లుడిని చంపిన కేసులో మామ అరెస్టు,3.3523051738739014
U602184,557986,4,910014,మహిళను వేధించిన కేసులో యువకుడు అరెస్టు,మహిళను వేధించిన కేసులో యువకుడు అరెస్టు,3.3512678146362305
U602184,557986,5,2485923,ముగ్గురు గంజాయి విక్రేతల అరెస్టు,ముగ్గురు గంజాయి విక్రేతల అరెస్టు,3.3487250804901123
U602184,557986,6,543186,మహమ్మదాబాద్లో వ్యక్తి హత్య,మహమ్మదాబాద్లో వ్యక్తి హత్య,3.3440403938293457
U602184,557986,7,991306,మైనర్ బాలిక హత్యచారం కేసులో నిందితుడు అరెస్టు,మైనర్ బాలిక హత్యచారం కేసులో నిందితుడు అరెస్టు,3.342674493789673
U602184,557986,8,648247,చోరీకి పాల్పడిన ముగ్గురి అరెస్టు,చోరీకి పాల్పడిన ముగ్గురి అరెస్టు,3.340477705001831
U602184,557986,9,604220,చిట్టీల పేరుతో భారీ మోసం ఇద్దరి అరెస్టు,చిట్టీల పేరుతో భారీ మోసం ఇద్దరి అరెస్టు,3.336397171020508
U602184,557986,10,387817,ముగ్గురిపై వెట్టిచాకిరి కేసులు,ముగ్గురిపై వెట్టిచాకిరి కేసులు,3.334733486175537
U602829,558702,1,2513068,హాట్ హిట్స్,హాట్ హిట్స్,2.4442174434661865
U602829,558702,2,2513089,హాట్ హిట్స్,హాట్ హిట్స్,2.4442174434661865
U602829,558702,3,2513315,హాట్ హిట్స్,హాట్ హిట్స్,2.4442174434661865
U602829,558702,4,2508615,హాట్ హిట్స్ ,హాట్ హిట్స్,2.442366600036621
U602829,558702,5,2508601,హాట్ హిట్స్ ,హాట్ హిట్స్,2.442366600036621
U602829,558702,6,2508608,హాట్ హిట్స్ ,హాట్ హిట్స్,2.442366600036621
U602829,558702,7,2515400,ఆమె కూడా భర్తకు విడాకులు ఇచ్చింది,ఆమె కూడా భర్తకు విడాకులు ఇచ్చింది,2.4312095642089844
U602829,558702,8,2515130,ఆమె కూడా భర్తకు విడాకులు ఇచ్చింది,ఆమె కూడా భర్తకు విడాకులు ఇచ్చింది,2.4312095642089844
U602829,558702,9,2515611,ఆమె కూడా భర్తకు విడాకులు ఇచ్చింది,ఆమె కూడా భర్తకు విడాకులు ఇచ్చింది,2.4312095642089844
U602829,558702,10,2527427,హాట్ హిట్స్,హాట్ హిట్స్,2.421504259109497
U603265,559187,1,2541551,ఏడాదిలో రూ.77.6 లక్షల కోట్లు ,ఏడాదిలో రూ.77.6 లక్షల కోట్లు,2.8287463188171387
U603265,559187,2,2541167,ఏడాదిలో రూ.77.6 లక్షల కోట్లు ,ఏడాదిలో రూ.77.6 లక్షల కోట్లు,2.8287463188171387
U603265,559187,3,2541219,ఏడాదిలో రూ.77.6 లక్షల కోట్లు ,ఏడాదిలో రూ.77.6 లక్షల కోట్లు,2.8287463188171387
U603265,559187,4,2502725,మురిపించిన ‘మూరత్’,మురిపించిన ‘మూరత్’,2.828369617462158
U603265,559187,5,2502831,మురిపించిన ‘మూరత్’,మురిపించిన ‘మూరత్’,2.828369617462158
U603265,559187,6,2503289,మురిపించిన ‘మూరత్’,మురిపించిన ‘మూరత్’,2.828369617462158
U603265,559187,7,2493810,"ఇన్ఫీ లాభం రూ.6,506 కోట్లు","ఇన్ఫీ లాభం రూ.6,506 కోట్లు",2.828256607055664
U603265,559187,8,2493695,"ఇన్ఫీ లాభం రూ.6,506 కోట్లు","ఇన్ఫీ లాభం రూ.6,506 కోట్లు",2.828256607055664
U603265,559187,9,2494006,"ఇన్ఫీ లాభం రూ.6,506 కోట్లు","ఇన్ఫీ లాభం రూ.6,506 కోట్లు",2.828256607055664
U603265,559187,10,2499551,"ఐసీఐసీఐ బ్యాంక్  లాభం రూ.11,746 కోట్లు ","ఐసీఐసీఐ బ్యాంక్ లాభం రూ.11,746 కోట్లు",2.8279521465301514
U604788,560878,1,2536886, అధికంగా టిక్కెట్లు అమ్ముడైన సినిమాలు,అధికంగా టిక్కెట్లు అమ్ముడైన సినిమాలు,2.6129581928253174
U604788,560878,2,2536984, అధికంగా టిక్కెట్లు అమ్ముడైన సినిమాలు,అధికంగా టిక్కెట్లు అమ్ముడైన సినిమాలు,2.6129581928253174
U604788,560878,3,540995,తెలుగులో రిలీజ్ కానున్న ' దియా ',తెలుగులో రిలీజ్ కానున్న ' దియా ',2.607091188430786
U604788,560878,4,2501479,క్రిస్మస్ కోసం సిద్ధం,క్రిస్మస్ కోసం సిద్ధం,2.604137420654297
U604788,560878,5,2501726,క్రిస్మస్ కోసం సిద్ధం,క్రిస్మస్ కోసం సిద్ధం,2.604137420654297
U604788,560878,6,2501622,క్రిస్మస్ కోసం సిద్ధం,క్రిస్మస్ కోసం సిద్ధం,2.604137420654297
U604788,560878,7,2540424,రొమాంటిక్ ఎంటర్టైనర్,రొమాంటిక్ ఎంటర్టైనర్,2.603349208831787
U604788,560878,8,2540458,రొమాంటిక్ ఎంటర్టైనర్,రొమాంటిక్ ఎంటర్టైనర్,2.603349208831787
U604788,560878,9,2540403,రొమాంటిక్ ఎంటర్టైనర్,రొమాంటిక్ ఎంటర్టైనర్,2.603349208831787
U604788,560878,10,908576,ఫాస్ట్ అండ్ ఫ్యూరియస్ : హాబ్స్ అండ్ షా ( తెలుగు ట్రైలర్ ),ఫాస్ట్ అండ్ ఫ్యూరియస్ : హాబ్స్ అండ్ షా ( తెలుగు ట్రైలర్ ),2.602860450744629
U605456,561621,1,386042,‘మాస్టర్ చెఫ్’కి హోస్ట్ గా తమన్నా !,‘మాస్టర్ చెఫ్’కి హోస్ట్ గా తమన్నా !,3.898374080657959
U605456,561621,2,335747,వెబ్ సిరీస్ లోకి హీరో సూర్య ఎంట్రీ,వెబ్ సిరీస్ లోకి హీరో సూర్య ఎంట్రీ,3.7330918312072754
U605456,561621,3,2524584,మహిళ మృతి,మహిళ మృతి,3.7095136642456055
U605456,561621,4,2524541,మహిళ మృతి,మహిళ మృతి,3.7018749713897705
U605456,561621,5,2493696,నో అన్నా వాళ్లు వదల్లేదు!,నో అన్నా వాళ్లు వదల్లేదు!,3.5839366912841797
U605456,561621,6,2493876,నో అన్నా వాళ్లు వదల్లేదు!,నో అన్నా వాళ్లు వదల్లేదు!,3.5839366912841797
U605456,561621,7,2493634,నో అన్నా వాళ్లు వదల్లేదు!,నో అన్నా వాళ్లు వదల్లేదు!,3.5839366912841797
U605456,561621,8,2495610,ఏక్తా కపూర్పై పోక్సో కేసు,ఏక్తా కపూర్పై పోక్సో కేసు,3.559983968734741
U605456,561621,9,2495434,ఏక్తా కపూర్పై పోక్సో కేసు,ఏక్తా కపూర్పై పోక్సో కేసు,3.559983968734741
U605456,561621,10,2495681,ఏక్తా కపూర్పై పోక్సో కేసు,ఏక్తా కపూర్పై పోక్సో కేసు,3.559983968734741
U606524,562808,1,2483429,పండగ సీజన్పై ‘ఆటో’ ఆశలు,పండగ సీజన్పై ‘ఆటో’ ఆశలు,6.122883319854736
U606524,562808,2,2483772,పండగ సీజన్పై ‘ఆటో’ ఆశలు,పండగ సీజన్పై ‘ఆటో’ ఆశలు,6.122883319854736
U606524,562808,3,2483501,పండగ సీజన్పై ‘ఆటో’ ఆశలు,పండగ సీజన్పై ‘ఆటో’ ఆశలు,6.122883319854736
U606524,562808,4,2523399,స్కోడా కైలాక్ బుకింగ్స్ షురూ,స్కోడా కైలాక్ బుకింగ్స్ షురూ,6.117934703826904
U606524,562808,5,2523169,స్కోడా కైలాక్ బుకింగ్స్ షురూ,స్కోడా కైలాక్ బుకింగ్స్ షురూ,6.117934703826904
U606524,562808,6,2522969,స్కోడా కైలాక్ బుకింగ్స్ షురూ,స్కోడా కైలాక్ బుకింగ్స్ షురూ,6.117934703826904
U606524,562808,7,2524477,హోండా అమేజ్ కొత్త వెర్షన్,హోండా అమేజ్ కొత్త వెర్షన్,6.103311538696289
U606524,562808,8,2524737,హోండా అమేజ్ కొత్త వెర్షన్,హోండా అమేజ్ కొత్త వెర్షన్,6.103311538696289
U606524,562808,9,2524309,హోండా అమేజ్ కొత్త వెర్షన్,హోండా అమేజ్ కొత్త వెర్షన్,6.103311538696289
U606524,562808,10,2510782,మారుతి సుజుకి ’న్యూ ఆల్ డిజైర్’ కారు విడుదల,మారుతి సుజుకి ’న్యూ ఆల్ డిజైర్’ కారు విడుదల,6.081953048706055
U608354,564841,1,666456,ఇప్పట్లో ధోనీ రిటైర్ అవ్వడు : ఎమ్మెస్కే,ఇప్పట్లో ధోనీ రిటైర్ అవ్వడు : ఎమ్మెస్కే,6.717639923095703
U608354,564841,2,540597,వెస్టిండీస్ పర్యటనకు భారత జట్టు ప్రకటన,వెస్టిండీస్ పర్యటనకు భారత జట్టు ప్రకటన,6.717377662658691
U608354,564841,3,2529957,ఆకాశ్దీప్ ఆడేనా?,ఆకాశ్దీప్ ఆడేనా?,6.717366695404053
U608354,564841,4,2529927,ఆకాశ్దీప్ ఆడేనా?,ఆకాశ్దీప్ ఆడేనా?,6.717366695404053
U608354,564841,5,2530007,ఆకాశ్దీప్ ఆడేనా?,ఆకాశ్దీప్ ఆడేనా?,6.717366695404053
U608354,564841,6,2543414,రోహిత్కు ముందే చెప్పేశారా?,రోహిత్కు ముందే చెప్పేశారా?,6.716598987579346
U608354,564841,7,2543335,రోహిత్కు ముందే చెప్పేశారా?,రోహిత్కు ముందే చెప్పేశారా?,6.716598987579346
U608354,564841,8,2542932,రోహిత్కు ముందే చెప్పేశారా?,రోహిత్కు ముందే చెప్పేశారా?,6.716598987579346
U608354,564841,9,2509585, బుమ్రాకే పగ్గాలు!,బుమ్రాకే పగ్గాలు!,6.716447830200195
U608354,564841,10,2509453, బుమ్రాకే పగ్గాలు!,బుమ్రాకే పగ్గాలు!,6.716447830200195
U608722,565250,1,728477,నేటి వాతావరణ సమాచారం,నేటి వాతావరణ సమాచారం,2.126357316970825
U608722,565250,2,2529663,"ఏజెన్సీలు గజగజపడిపోయిన ఉష్ణోగ్రతలు,  కమ్మేస్తున్న పొగమంచు","ఏజెన్సీలు గజగజపడిపోయిన ఉష్ణోగ్రతలు, కమ్మేస్తున్న పొగమంచు",2.125880718231201
U608722,565250,3,2529776,"ఏజెన్సీలు గజగజపడిపోయిన ఉష్ణోగ్రతలు,  కమ్మేస్తున్న పొగమంచు","ఏజెన్సీలు గజగజపడిపోయిన ఉష్ణోగ్రతలు, కమ్మేస్తున్న పొగమంచు",2.125880718231201
U608722,565250,4,2543662,గజగజ,గజగజ,2.1258633136749268
U608722,565250,5,2543538,గజగజ,గజగజ,2.1258633136749268
U608722,565250,6,2503064,ఈ నెల చలి తక్కువే!,ఈ నెల చలి తక్కువే!,2.1257197856903076
U608722,565250,7,2502865,ఈ నెల చలి తక్కువే!,ఈ నెల చలి తక్కువే!,2.1257197856903076
U608722,565250,8,2544749,కోహీర్ @ 8.1 డిగ్రీలు ,కోహీర్ @ 8.1 డిగ్రీలు,2.1256723403930664
U608722,565250,9,2545013,కోహీర్ @ 8.1 డిగ్రీలు ,కోహీర్ @ 8.1 డిగ్రీలు,2.1256723403930664
U608722,565250,10,2507247,వేడీ ఎక్కువే.. చలీ ఎక్కువే! ,వేడీ ఎక్కువే.. చలీ ఎక్కువే!,2.1255578994750977
U60960,566225,1,386042,‘మాస్టర్ చెఫ్’కి హోస్ట్ గా తమన్నా !,‘మాస్టర్ చెఫ్’కి హోస్ట్ గా తమన్నా !,1.969503402709961
U60960,566225,2,2524584,మహిళ మృతి,మహిళ మృతి,1.879417061805725
U60960,566225,3,335747,వెబ్ సిరీస్ లోకి హీరో సూర్య ఎంట్రీ,వెబ్ సిరీస్ లోకి హీరో సూర్య ఎంట్రీ,1.833544373512268
U60960,566225,4,2524541,మహిళ మృతి,మహిళ మృతి,1.832228183746338
U60960,566225,5,2493634,నో అన్నా వాళ్లు వదల్లేదు!,నో అన్నా వాళ్లు వదల్లేదు!,1.7776838541030884
U60960,566225,6,2493876,నో అన్నా వాళ్లు వదల్లేదు!,నో అన్నా వాళ్లు వదల్లేదు!,1.7776838541030884
U60960,566225,7,2493696,నో అన్నా వాళ్లు వదల్లేదు!,నో అన్నా వాళ్లు వదల్లేదు!,1.7776838541030884
U60960,566225,8,2495686,సెట్స్లోకి స్వాగతం,సెట్స్లోకి స్వాగతం,1.7265479564666748
U60960,566225,9,2495615,సెట్స్లోకి స్వాగతం,సెట్స్లోకి స్వాగతం,1.7265479564666748
U60960,566225,10,2495439,సెట్స్లోకి స్వాగతం,సెట్స్లోకి స్వాగతం,1.7265479564666748
U61378,570869,1,723423,Blur : ముగిసిన ' బ్లర్ ' చిత్రీకరణ,Blur : ముగిసిన ' బ్లర్ ' చిత్రీకరణ,2.4976019859313965
U61378,570869,2,421537,ఈ నెల 17 న రానున్న ' అర్జున్ సురవరం ',ఈ నెల 17 న రానున్న ' అర్జున్ సురవరం ',2.493149995803833
U61378,570869,3,800065,‘మహానటి’ రిలీజ్ డేట్ ఫిక్స్,‘మహానటి’ రిలీజ్ డేట్ ఫిక్స్,2.491138458251953
U61378,570869,4,666637,రానా ' హిరణ్య కశ్యప’ మూవీ నుంచి లేటెస్ట్ అప్డేట్ !,రానా ' హిరణ్య కశ్యప’ మూవీ నుంచి లేటెస్ట్ అప్డేట్ !,2.490222692489624
U61378,570869,5,2533130,రాబిన్హుడ్ వాయిదా...,రాబిన్హుడ్ వాయిదా...,2.489569664001465
U61378,570869,6,2532829,రాబిన్హుడ్ వాయిదా...,రాబిన్హుడ్ వాయిదా...,2.489569664001465
U61378,570869,7,2532704,రాబిన్హుడ్ వాయిదా...,రాబిన్హుడ్ వాయిదా...,2.489569664001465
U61378,570869,8,867192,ఆర్ఆర్ఆర్ షూటింగ్ మళ్లీ వాయిదా,ఆర్ఆర్ఆర్ షూటింగ్ మళ్లీ వాయిదా,2.489469051361084
U61378,570869,9,468101,' తిమ్మరుసు ' విడుదలకు రెడీ,' తిమ్మరుసు ' విడుదలకు రెడీ,2.4885199069976807
U61378,570869,10,2540458,రొమాంటిక్ ఎంటర్టైనర్,రొమాంటిక్ ఎంటర్టైనర్,2.4882724285125732
U615136,572377,1,2510849,హైటెక్ సిటీలో మరో స్టార్ హోటల్,హైటెక్ సిటీలో మరో స్టార్ హోటల్,2.7808382511138916
U615136,572377,2,2510857,హైటెక్ సిటీలో మరో స్టార్ హోటల్,హైటెక్ సిటీలో మరో స్టార్ హోటల్,2.7808382511138916
U615136,572377,3,2520361,బంజారాహిల్స్లో  లీలా లగ్జరీ హోటల్ ప్రారంభం,బంజారాహిల్స్లో లీలా లగ్జరీ హోటల్ ప్రారంభం,2.7792670726776123
U615136,572377,4,2541455,పర్యాటకులు 1.92 కోట్లు,పర్యాటకులు 1.92 కోట్లు,2.77628231048584
U615136,572377,5,2533050,టూరిజం హబ్గా జిల్లా..,టూరిజం హబ్గా జిల్లా..,2.7729570865631104
U615136,572377,6,2481807,హైదరాబాద్లో విదేశీ పర్యాటకులను ఆకర్షించే కట్టడాలు,హైదరాబాద్లో విదేశీ పర్యాటకులను ఆకర్షించే కట్టడాలు,2.7695415019989014
U615136,572377,7,2504268,హంసలదీవిలో పర్యాటకుల సందడి,హంసలదీవిలో పర్యాటకుల సందడి,2.766756534576416
U615136,572377,8,2531541,విమానాశ్రయంలో పర్యాటక సమాచార కేంద్రం ,విమానాశ్రయంలో పర్యాటక సమాచార కేంద్రం,2.7635955810546875
U615136,572377,9,2531693,విమానాశ్రయంలో పర్యాటక సమాచార కేంద్రం ,విమానాశ్రయంలో పర్యాటక సమాచార కేంద్రం,2.7635955810546875
U615136,572377,10,2526343,మహా కుంభమేళా యాత్ర,మహా కుంభమేళా యాత్ర,2.762152910232544
U616107,573456,1,2533050,టూరిజం హబ్గా జిల్లా..,టూరిజం హబ్గా జిల్లా..,2.6245598793029785
U616107,573456,2,2510857,హైటెక్ సిటీలో మరో స్టార్ హోటల్,హైటెక్ సిటీలో మరో స్టార్ హోటల్,2.6188149452209473
U616107,573456,3,2510849,హైటెక్ సిటీలో మరో స్టార్ హోటల్,హైటెక్ సిటీలో మరో స్టార్ హోటల్,2.6188149452209473
U616107,573456,4,2520361,బంజారాహిల్స్లో  లీలా లగ్జరీ హోటల్ ప్రారంభం,బంజారాహిల్స్లో లీలా లగ్జరీ హోటల్ ప్రారంభం,2.6172163486480713
U616107,573456,5,2541455,పర్యాటకులు 1.92 కోట్లు,పర్యాటకులు 1.92 కోట్లు,2.6166646480560303
U616107,573456,6,2504268,హంసలదీవిలో పర్యాటకుల సందడి,హంసలదీవిలో పర్యాటకుల సందడి,2.6143269538879395
U616107,573456,7,2531541,విమానాశ్రయంలో పర్యాటక సమాచార కేంద్రం ,విమానాశ్రయంలో పర్యాటక సమాచార కేంద్రం,2.6130363941192627
U616107,573456,8,2531693,విమానాశ్రయంలో పర్యాటక సమాచార కేంద్రం ,విమానాశ్రయంలో పర్యాటక సమాచార కేంద్రం,2.6130363941192627
U616107,573456,9,2481807,హైదరాబాద్లో విదేశీ పర్యాటకులను ఆకర్షించే కట్టడాలు,హైదరాబాద్లో విదేశీ పర్యాటకులను ఆకర్షించే కట్టడాలు,2.611171007156372
U616107,573456,10,2492822,యాత్రికుల స్వర్గధామంగా మధ్యప్రదేశ్ ,యాత్రికుల స్వర్గధామంగా మధ్యప్రదేశ్,2.609041213989258
U619632,577372,1,2527035,బరువు పెరగాలంటే..! ,బరువు పెరగాలంటే..!,2.444032669067383
U619632,577372,2,2508045,బరువు తగ్గండిలా...,బరువు తగ్గండిలా...,2.4413130283355713
U619632,577372,3,2508244,బరువు తగ్గండిలా...,బరువు తగ్గండిలా...,2.4413130283355713
U619632,577372,4,2507941,బరువు తగ్గండిలా...,బరువు తగ్గండిలా...,2.4413130283355713
U619632,577372,5,2527869,పండ్లు పరిమితంగానే...                        ,పండ్లు పరిమితంగానే...,2.4411396980285645
U619632,577372,6,2528217,పండ్లు పరిమితంగానే...                        ,పండ్లు పరిమితంగానే...,2.4411396980285645
U619632,577372,7,2527643,పండ్లు పరిమితంగానే...                        ,పండ్లు పరిమితంగానే...,2.4411396980285645
U619632,577372,8,2504853,ఇన్ఫ్లమేషన్ ,ఇన్ఫ్లమేషన్,2.440976619720459
U619632,577372,9,2514456,ఇలా చేస్తే మెదడుకు హాని,ఇలా చేస్తే మెదడుకు హాని,2.4400265216827393
U619632,577372,10,2514928,ఇలా చేస్తే మెదడుకు హాని,ఇలా చేస్తే మెదడుకు హాని,2.4400265216827393
U620360,578182,1,2515330,ఈ చిట్టి.. జగజ్జెట్టి,ఈ చిట్టి.. జగజ్జెట్టి,5.630321979522705
U620360,578182,2,2515095,ఈ చిట్టి.. జగజ్జెట్టి,ఈ చిట్టి.. జగజ్జెట్టి,5.630321979522705
U620360,578182,3,295510,స్వాతంత్ర్య వేడుకల్లో అల్లు అర్జున్ కొడుకు అయాన్ ( ఫోటోస్ ),స్వాతంత్ర్య వేడుకల్లో అల్లు అర్జున్ కొడుకు అయాన్ ( ఫోటోస్ ),5.472248077392578
U620360,578182,4,489212,నాన్ స్టాప్గా మాట్లాడుతుంది : మనవరాలు ఆరాధ్యపై అమితాబ్,నాన్ స్టాప్గా మాట్లాడుతుంది : మనవరాలు ఆరాధ్యపై అమితాబ్,5.321515083312988
U620360,578182,5,756115,స్విమ్మింగ్ఫూల్ బాలీవుడ్ బ్యూటీ మలైకా అరోరా,స్విమ్మింగ్ఫూల్ బాలీవుడ్ బ్యూటీ మలైకా అరోరా,5.295435428619385
U620360,578182,6,876219,ప్రాణాలు కోసం… ఎలుగుబంటి నాలుకను ఊడొచ్చేలా కొరికాడు,ప్రాణాలు కోసం… ఎలుగుబంటి నాలుకను ఊడొచ్చేలా కొరికాడు,5.2924604415893555
U620360,578182,7,2517871,ఖరీదైన కానుకలు ఇచ్చా,ఖరీదైన కానుకలు ఇచ్చా,5.210752487182617
U620360,578182,8,2518176,ఖరీదైన కానుకలు ఇచ్చా,ఖరీదైన కానుకలు ఇచ్చా,5.210752487182617
U620360,578182,9,2517854,ఖరీదైన కానుకలు ఇచ్చా,ఖరీదైన కానుకలు ఇచ్చా,5.210752487182617
U620360,578182,10,702097,పబ్లిక్ లో సోనమ్ కపూర్ ప్యాంట్ జారిపోయింది,పబ్లిక్ లో సోనమ్ కపూర్ ప్యాంట్ జారిపోయింది,5.200059413909912
U621134,579042,1,723423,Blur : ముగిసిన ' బ్లర్ ' చిత్రీకరణ,Blur : ముగిసిన ' బ్లర్ ' చిత్రీకరణ,2.3876121044158936
U621134,579042,2,421537,ఈ నెల 17 న రానున్న ' అర్జున్ సురవరం ',ఈ నెల 17 న రానున్న ' అర్జున్ సురవరం ',2.382173776626587
U621134,579042,3,800065,‘మహానటి’ రిలీజ్ డేట్ ఫిక్స్,‘మహానటి’ రిలీజ్ డేట్ ఫిక్స్,2.381369113922119
U621134,579042,4,2532829,రాబిన్హుడ్ వాయిదా...,రాబిన్హుడ్ వాయిదా...,2.3811588287353516
U621134,579042,5,2533130,రాబిన్హుడ్ వాయిదా...,రాబిన్హుడ్ వాయిదా...,2.3811588287353516
U621134,579042,6,2532704,రాబిన్హుడ్ వాయిదా...,రాబిన్హుడ్ వాయిదా...,2.3811588287353516
U621134,579042,7,220395,"నారా రోహిత్ , సుధీర్ బాబు , శ్రీవిష్ణు మల్టీ స్టారర్ ... ‘వీర భోగ వసంత రాయలు’","నారా రోహిత్ , సుధీర్ బాబు , శ్రీవిష్ణు మల్టీ స్టారర్ ... ‘వీర భోగ వసంత రాయలు’",2.3801472187042236
U621134,579042,8,2540458,రొమాంటిక్ ఎంటర్టైనర్,రొమాంటిక్ ఎంటర్టైనర్,2.379976749420166
U621134,579042,9,2540403,రొమాంటిక్ ఎంటర్టైనర్,రొమాంటిక్ ఎంటర్టైనర్,2.379976749420166
U621134,579042,10,2540424,రొమాంటిక్ ఎంటర్టైనర్,రొమాంటిక్ ఎంటర్టైనర్,2.379976749420166
U621870,579859,1,2510149,బాబు.. పవర్ఫుల్ సీఎం!,బాబు.. పవర్ఫుల్ సీఎం!,3.0888848304748535
U621870,579859,2,2496892,కేటీఆర్.. నువ్వో బేవకూఫ్ ,కేటీఆర్.. నువ్వో బేవకూఫ్,3.022932529449463
U621870,579859,3,2496845,కేటీఆర్.. నువ్వో బేవకూఫ్ ,కేటీఆర్.. నువ్వో బేవకూఫ్,3.022932529449463
U621870,579859,4,2517423,చంద్రబాబు చేతికి జగన్ జుత్తు!,చంద్రబాబు చేతికి జగన్ జుత్తు!,3.00589919090271
U621870,579859,5,2494706,అవునా జగన్!,అవునా జగన్!,2.9708991050720215
U621870,579859,6,2529443,రేవంత్రెడ్డి మరో కేసీఆర్!,రేవంత్రెడ్డి మరో కేసీఆర్!,2.948307991027832
U621870,579859,7,2529410,రేవంత్రెడ్డి మరో కేసీఆర్!,రేవంత్రెడ్డి మరో కేసీఆర్!,2.948307991027832
U621870,579859,8,2507285,కేటీఆర్.. యాక్టింగ్ సీఎం ,కేటీఆర్.. యాక్టింగ్ సీఎం,2.91987943649292
U621870,579859,9,2507102,కేటీఆర్.. యాక్టింగ్ సీఎం ,కేటీఆర్.. యాక్టింగ్ సీఎం,2.91987943649292
U621870,579859,10,2500544,రాజకీయాల్లో పిల్లాడినే.. బరిలో భయపడేదే లేదు,రాజకీయాల్లో పిల్లాడినే.. బరిలో భయపడేదే లేదు,2.9112823009490967
U622034,580042,1,2507430,ఇలా అలంకరిస్తే ,ఇలా అలంకరిస్తే,5.664505958557129
U622034,580042,2,2507347,ఇలా అలంకరిస్తే ,ఇలా అలంకరిస్తే,5.664505958557129
U622034,580042,3,2507149,ఇలా అలంకరిస్తే ,ఇలా అలంకరిస్తే,5.664505958557129
U622034,580042,4,2541361,ఇంటిని అందంగా అలంకరిద్దాం!,ఇంటిని అందంగా అలంకరిద్దాం!,5.635809898376465
U622034,580042,5,2492910,ఆర్గంజా అదరహో... ,ఆర్గంజా అదరహో...,5.602217197418213
U622034,580042,6,2541389,అందంగా అలంకరిద్దాం!,అందంగా అలంకరిద్దాం!,5.588647842407227
U622034,580042,7,2505382,ఇల్లు విలాసవంతంగా,ఇల్లు విలాసవంతంగా,5.57987117767334
U622034,580042,8,2505205,ఇల్లు విలాసవంతంగా,ఇల్లు విలాసవంతంగా,5.57987117767334
U622034,580042,9,2542748,మనం స్వేచ్ఛగానే ఉన్నామా?,మనం స్వేచ్ఛగానే ఉన్నామా?,5.484982013702393
U622034,580042,10,2514457,పిల్లలు ఎవరితోనూ కలవడం లేదా?,పిల్లలు ఎవరితోనూ కలవడం లేదా?,5.463172912597656
U622631,580705,1,2541167,ఏడాదిలో రూ.77.6 లక్షల కోట్లు ,ఏడాదిలో రూ.77.6 లక్షల కోట్లు,3.913872718811035
U622631,580705,2,2541219,ఏడాదిలో రూ.77.6 లక్షల కోట్లు ,ఏడాదిలో రూ.77.6 లక్షల కోట్లు,3.913872718811035
U622631,580705,3,2541551,ఏడాదిలో రూ.77.6 లక్షల కోట్లు ,ఏడాదిలో రూ.77.6 లక్షల కోట్లు,3.913872718811035
U622631,580705,4,2502831,మురిపించిన ‘మూరత్’,మురిపించిన ‘మూరత్’,3.9131882190704346
U622631,580705,5,2502725,మురిపించిన ‘మూరత్’,మురిపించిన ‘మూరత్’,3.9131882190704346
U622631,580705,6,2503289,మురిపించిన ‘మూరత్’,మురిపించిన ‘మూరత్’,3.9131882190704346
U622631,580705,7,2493695,"ఇన్ఫీ లాభం రూ.6,506 కోట్లు","ఇన్ఫీ లాభం రూ.6,506 కోట్లు",3.9126152992248535
U622631,580705,8,2494006,"ఇన్ఫీ లాభం రూ.6,506 కోట్లు","ఇన్ఫీ లాభం రూ.6,506 కోట్లు",3.9126152992248535
U622631,580705,9,2493810,"ఇన్ఫీ లాభం రూ.6,506 కోట్లు","ఇన్ఫీ లాభం రూ.6,506 కోట్లు",3.9126152992248535
U622631,580705,10,2499551,"ఐసీఐసీఐ బ్యాంక్  లాభం రూ.11,746 కోట్లు ","ఐసీఐసీఐ బ్యాంక్ లాభం రూ.11,746 కోట్లు",3.911491870880127
U624133,582374,1,2507430,ఇలా అలంకరిస్తే ,ఇలా అలంకరిస్తే,4.897180080413818
U624133,582374,2,2507149,ఇలా అలంకరిస్తే ,ఇలా అలంకరిస్తే,4.897180080413818
U624133,582374,3,2507347,ఇలా అలంకరిస్తే ,ఇలా అలంకరిస్తే,4.897180080413818
U624133,582374,4,2492910,ఆర్గంజా అదరహో... ,ఆర్గంజా అదరహో...,4.843963146209717
U624133,582374,5,2541361,ఇంటిని అందంగా అలంకరిద్దాం!,ఇంటిని అందంగా అలంకరిద్దాం!,4.834171295166016
U624133,582374,6,2505382,ఇల్లు విలాసవంతంగా,ఇల్లు విలాసవంతంగా,4.802227020263672
U624133,582374,7,2505205,ఇల్లు విలాసవంతంగా,ఇల్లు విలాసవంతంగా,4.802227020263672
U624133,582374,8,2541389,అందంగా అలంకరిద్దాం!,అందంగా అలంకరిద్దాం!,4.790974140167236
U624133,582374,9,2542748,మనం స్వేచ్ఛగానే ఉన్నామా?,మనం స్వేచ్ఛగానే ఉన్నామా?,4.730760097503662
U624133,582374,10,2514929,పిల్లలు ఎవరితోనూ కలవడం లేదా?,పిల్లలు ఎవరితోనూ కలవడం లేదా?,4.695291519165039
U624729,583035,1,2541551,ఏడాదిలో రూ.77.6 లక్షల కోట్లు ,ఏడాదిలో రూ.77.6 లక్షల కోట్లు,3.7097716331481934
U624729,583035,2,2541167,ఏడాదిలో రూ.77.6 లక్షల కోట్లు ,ఏడాదిలో రూ.77.6 లక్షల కోట్లు,3.7097716331481934
U624729,583035,3,2541219,ఏడాదిలో రూ.77.6 లక్షల కోట్లు ,ఏడాదిలో రూ.77.6 లక్షల కోట్లు,3.7097716331481934
U624729,583035,4,2493810,"ఇన్ఫీ లాభం రూ.6,506 కోట్లు","ఇన్ఫీ లాభం రూ.6,506 కోట్లు",3.7092249393463135
U624729,583035,5,2493695,"ఇన్ఫీ లాభం రూ.6,506 కోట్లు","ఇన్ఫీ లాభం రూ.6,506 కోట్లు",3.7092249393463135
U624729,583035,6,2494006,"ఇన్ఫీ లాభం రూ.6,506 కోట్లు","ఇన్ఫీ లాభం రూ.6,506 కోట్లు",3.7092249393463135
U624729,583035,7,2502725,మురిపించిన ‘మూరత్’,మురిపించిన ‘మూరత్’,3.7092137336730957
U624729,583035,8,2503289,మురిపించిన ‘మూరత్’,మురిపించిన ‘మూరత్’,3.7092137336730957
U624729,583035,9,2502831,మురిపించిన ‘మూరత్’,మురిపించిన ‘మూరత్’,3.7092137336730957
U624729,583035,10,2499551,"ఐసీఐసీఐ బ్యాంక్  లాభం రూ.11,746 కోట్లు ","ఐసీఐసీఐ బ్యాంక్ లాభం రూ.11,746 కోట్లు",3.7088048458099365
U629138,587934,1,2488130,రూ. 24 లక్షల బాణసంచా పట్టివేత,రూ. 24 లక్షల బాణసంచా పట్టివేత,2.309504270553589
U629138,587934,2,888063,అల్లుడిని చంపిన కేసులో మామ అరెస్టు,అల్లుడిని చంపిన కేసులో మామ అరెస్టు,2.306769609451294
U629138,587934,3,910014,మహిళను వేధించిన కేసులో యువకుడు అరెస్టు,మహిళను వేధించిన కేసులో యువకుడు అరెస్టు,2.30643367767334
U629138,587934,4,2485923,ముగ్గురు గంజాయి విక్రేతల అరెస్టు,ముగ్గురు గంజాయి విక్రేతల అరెస్టు,2.305272102355957
U629138,587934,5,937990,గోదాం దగ్ధం కేసులో ఇద్దరికి జైలుశిక్ష,గోదాం దగ్ధం కేసులో ఇద్దరికి జైలుశిక్ష,2.3048102855682373
U629138,587934,6,991306,మైనర్ బాలిక హత్యచారం కేసులో నిందితుడు అరెస్టు,మైనర్ బాలిక హత్యచారం కేసులో నిందితుడు అరెస్టు,2.302119731903076
U629138,587934,7,543186,మహమ్మదాబాద్లో వ్యక్తి హత్య,మహమ్మదాబాద్లో వ్యక్తి హత్య,2.300346851348877
U629138,587934,8,648247,చోరీకి పాల్పడిన ముగ్గురి అరెస్టు,చోరీకి పాల్పడిన ముగ్గురి అరెస్టు,2.296485185623169
U629138,587934,9,387817,ముగ్గురిపై వెట్టిచాకిరి కేసులు,ముగ్గురిపై వెట్టిచాకిరి కేసులు,2.296220064163208
U629138,587934,10,594851,పోలీసుస్టేషన్లో నిందితుడి ఆత్మహత్యాయత్నం,పోలీసుస్టేషన్లో నిందితుడి ఆత్మహత్యాయత్నం,2.2955429553985596
U630534,589486,1,2541167,ఏడాదిలో రూ.77.6 లక్షల కోట్లు ,ఏడాదిలో రూ.77.6 లక్షల కోట్లు,3.3501384258270264
U630534,589486,2,2541551,ఏడాదిలో రూ.77.6 లక్షల కోట్లు ,ఏడాదిలో రూ.77.6 లక్షల కోట్లు,3.3501384258270264
U630534,589486,3,2541219,ఏడాదిలో రూ.77.6 లక్షల కోట్లు ,ఏడాదిలో రూ.77.6 లక్షల కోట్లు,3.3501384258270264
U630534,589486,4,2502831,మురిపించిన ‘మూరత్’,మురిపించిన ‘మూరత్’,3.3496925830841064
U630534,589486,5,2502725,మురిపించిన ‘మూరత్’,మురిపించిన ‘మూరత్’,3.3496925830841064
U630534,589486,6,2503289,మురిపించిన ‘మూరత్’,మురిపించిన ‘మూరత్’,3.3496925830841064
U630534,589486,7,2494006,"ఇన్ఫీ లాభం రూ.6,506 కోట్లు","ఇన్ఫీ లాభం రూ.6,506 కోట్లు",3.3496131896972656
U630534,589486,8,2493695,"ఇన్ఫీ లాభం రూ.6,506 కోట్లు","ఇన్ఫీ లాభం రూ.6,506 కోట్లు",3.3496131896972656
U630534,589486,9,2493810,"ఇన్ఫీ లాభం రూ.6,506 కోట్లు","ఇన్ఫీ లాభం రూ.6,506 కోట్లు",3.3496131896972656
U630534,589486,10,2499551,"ఐసీఐసీఐ బ్యాంక్  లాభం రూ.11,746 కోట్లు ","ఐసీఐసీఐ బ్యాంక్ లాభం రూ.11,746 కోట్లు",3.349059581756592
U630748,589723,1,2527035,బరువు పెరగాలంటే..! ,బరువు పెరగాలంటే..!,2.8659873008728027
U630748,589723,2,2514604,ఇలా చేస్తే మెదడుకు హాని,ఇలా చేస్తే మెదడుకు హాని,2.8626303672790527
U630748,589723,3,2514456,ఇలా చేస్తే మెదడుకు హాని,ఇలా చేస్తే మెదడుకు హాని,2.8626303672790527
U630748,589723,4,2514928,ఇలా చేస్తే మెదడుకు హాని,ఇలా చేస్తే మెదడుకు హాని,2.8626303672790527
U630748,589723,5,2508045,బరువు తగ్గండిలా...,బరువు తగ్గండిలా...,2.861628770828247
U630748,589723,6,2508244,బరువు తగ్గండిలా...,బరువు తగ్గండిలా...,2.861628770828247
U630748,589723,7,2507941,బరువు తగ్గండిలా...,బరువు తగ్గండిలా...,2.861628770828247
U630748,589723,8,2504853,ఇన్ఫ్లమేషన్ ,ఇన్ఫ్లమేషన్,2.861599922180176
U630748,589723,9,2496393,మందులు వ్యసనంగా మారితే? ,మందులు వ్యసనంగా మారితే?,2.8605527877807617
U630748,589723,10,2496191,మందులు వ్యసనంగా మారితే? ,మందులు వ్యసనంగా మారితే?,2.8605527877807617
U634656,594065,1,2483772,పండగ సీజన్పై ‘ఆటో’ ఆశలు,పండగ సీజన్పై ‘ఆటో’ ఆశలు,0.7972027659416199
U634656,594065,2,2483501,పండగ సీజన్పై ‘ఆటో’ ఆశలు,పండగ సీజన్పై ‘ఆటో’ ఆశలు,0.7972027659416199
U634656,594065,3,2483429,పండగ సీజన్పై ‘ఆటో’ ఆశలు,పండగ సీజన్పై ‘ఆటో’ ఆశలు,0.7972027659416199
U634656,594065,4,2522969,స్కోడా కైలాక్ బుకింగ్స్ షురూ,స్కోడా కైలాక్ బుకింగ్స్ షురూ,0.7941230535507202
U634656,594065,5,2523169,స్కోడా కైలాక్ బుకింగ్స్ షురూ,స్కోడా కైలాక్ బుకింగ్స్ షురూ,0.7941230535507202
U634656,594065,6,2523399,స్కోడా కైలాక్ బుకింగ్స్ షురూ,స్కోడా కైలాక్ బుకింగ్స్ షురూ,0.7941230535507202
U634656,594065,7,2524309,హోండా అమేజ్ కొత్త వెర్షన్,హోండా అమేజ్ కొత్త వెర్షన్,0.7862575650215149
U634656,594065,8,2524737,హోండా అమేజ్ కొత్త వెర్షన్,హోండా అమేజ్ కొత్త వెర్షన్,0.7862575650215149
U634656,594065,9,2524477,హోండా అమేజ్ కొత్త వెర్షన్,హోండా అమేజ్ కొత్త వెర్షన్,0.7862575650215149
U634656,594065,10,2510782,మారుతి సుజుకి ’న్యూ ఆల్ డిజైర్’ కారు విడుదల,మారుతి సుజుకి ’న్యూ ఆల్ డిజైర్’ కారు విడుదల,0.7788496613502502
U636211,595794,1,2527035,బరువు పెరగాలంటే..! ,బరువు పెరగాలంటే..!,2.7657642364501953
U636211,595794,2,2514456,ఇలా చేస్తే మెదడుకు హాని,ఇలా చేస్తే మెదడుకు హాని,2.764596700668335
U636211,595794,3,2514604,ఇలా చేస్తే మెదడుకు హాని,ఇలా చేస్తే మెదడుకు హాని,2.764596700668335
U636211,595794,4,2514928,ఇలా చేస్తే మెదడుకు హాని,ఇలా చేస్తే మెదడుకు హాని,2.764596700668335
U636211,595794,5,2504853,ఇన్ఫ్లమేషన్ ,ఇన్ఫ్లమేషన్,2.7622666358947754
U636211,595794,6,2507941,బరువు తగ్గండిలా...,బరువు తగ్గండిలా...,2.7614195346832275
U636211,595794,7,2508244,బరువు తగ్గండిలా...,బరువు తగ్గండిలా...,2.7614195346832275
U636211,595794,8,2508045,బరువు తగ్గండిలా...,బరువు తగ్గండిలా...,2.7614195346832275
U636211,595794,9,2496277,మందులు వ్యసనంగా మారితే? ,మందులు వ్యసనంగా మారితే?,2.7609763145446777
U636211,595794,10,2496191,మందులు వ్యసనంగా మారితే? ,మందులు వ్యసనంగా మారితే?,2.7609763145446777
U637101,596783,1,2507430,ఇలా అలంకరిస్తే ,ఇలా అలంకరిస్తే,3.575571060180664
U637101,596783,2,2507149,ఇలా అలంకరిస్తే ,ఇలా అలంకరిస్తే,3.575571060180664
U637101,596783,3,2507347,ఇలా అలంకరిస్తే ,ఇలా అలంకరిస్తే,3.575571060180664
U637101,596783,4,2492910,ఆర్గంజా అదరహో... ,ఆర్గంజా అదరహో...,3.5498600006103516
U637101,596783,5,2541361,ఇంటిని అందంగా అలంకరిద్దాం!,ఇంటిని అందంగా అలంకరిద్దాం!,3.4997410774230957
U637101,596783,6,2505205,ఇల్లు విలాసవంతంగా,ఇల్లు విలాసవంతంగా,3.462460994720459
U637101,596783,7,2505382,ఇల్లు విలాసవంతంగా,ఇల్లు విలాసవంతంగా,3.462460994720459
U637101,596783,8,2541389,అందంగా అలంకరిద్దాం!,అందంగా అలంకరిద్దాం!,3.4580135345458984
U637101,596783,9,2542748,మనం స్వేచ్ఛగానే ఉన్నామా?,మనం స్వేచ్ఛగానే ఉన్నామా?,3.4419660568237305
U637101,596783,10,2514929,పిల్లలు ఎవరితోనూ కలవడం లేదా?,పిల్లలు ఎవరితోనూ కలవడం లేదా?,3.4044713973999023
U638784,598651,1,2507285,కేటీఆర్.. యాక్టింగ్ సీఎం ,కేటీఆర్.. యాక్టింగ్ సీఎం,4.888067722320557
U638784,598651,2,2507102,కేటీఆర్.. యాక్టింగ్ సీఎం ,కేటీఆర్.. యాక్టింగ్ సీఎం,4.888067722320557
U638784,598651,3,2516143,"అదానీతో బీజేపీ, కాంగ్రెస్ అనుబంధం  దేశానికే అవమానం: కేటీఆర్","అదానీతో బీజేపీ, కాంగ్రెస్ అనుబంధం దేశానికే అవమానం: కేటీఆర్",4.869894504547119
U638784,598651,4,2509763,రేవంత్ది అబద్ధాల ప్రచారం,రేవంత్ది అబద్ధాల ప్రచారం,4.855930328369141
U638784,598651,5,2509894,రేవంత్ది అబద్ధాల ప్రచారం,రేవంత్ది అబద్ధాల ప్రచారం,4.855930328369141
U638784,598651,6,2517661,మోసం చేసి.. విజయోత్సవాలా?,మోసం చేసి.. విజయోత్సవాలా?,4.851411819458008
U638784,598651,7,2517772,మోసం చేసి.. విజయోత్సవాలా?,మోసం చేసి.. విజయోత్సవాలా?,4.851411819458008
U638784,598651,8,2517043,రేవంత్ ప్రచారం పనిచేయలేదు,రేవంత్ ప్రచారం పనిచేయలేదు,4.823878288269043
U638784,598651,9,2517084,రేవంత్ ప్రచారం పనిచేయలేదు,రేవంత్ ప్రచారం పనిచేయలేదు,4.823878288269043
U638784,598651,10,2489544,నీ మాటలే నిన్ను పడగొడతాయి ,నీ మాటలే నిన్ను పడగొడతాయి,4.814962387084961
U639653,599617,1,386042,‘మాస్టర్ చెఫ్’కి హోస్ట్ గా తమన్నా !,‘మాస్టర్ చెఫ్’కి హోస్ట్ గా తమన్నా !,4.158412933349609
U639653,599617,2,2524584,మహిళ మృతి,మహిళ మృతి,4.002432346343994
U639653,599617,3,335747,వెబ్ సిరీస్ లోకి హీరో సూర్య ఎంట్రీ,వెబ్ సిరీస్ లోకి హీరో సూర్య ఎంట్రీ,3.96089768409729
U639653,599617,4,2524541,మహిళ మృతి,మహిళ మృతి,3.9134163856506348
U639653,599617,5,2493876,నో అన్నా వాళ్లు వదల్లేదు!,నో అన్నా వాళ్లు వదల్లేదు!,3.77616286277771
U639653,599617,6,2493696,నో అన్నా వాళ్లు వదల్లేదు!,నో అన్నా వాళ్లు వదల్లేదు!,3.77616286277771
U639653,599617,7,2493634,నో అన్నా వాళ్లు వదల్లేదు!,నో అన్నా వాళ్లు వదల్లేదు!,3.77616286277771
U639653,599617,8,2495686,సెట్స్లోకి స్వాగతం,సెట్స్లోకి స్వాగతం,3.752746820449829
U639653,599617,9,2495615,సెట్స్లోకి స్వాగతం,సెట్స్లోకి స్వాగతం,3.752746820449829
U639653,599617,10,2495439,సెట్స్లోకి స్వాగతం,సెట్స్లోకి స్వాగతం,3.752746820449829
U63988,599868,1,2520361,బంజారాహిల్స్లో  లీలా లగ్జరీ హోటల్ ప్రారంభం,బంజారాహిల్స్లో లీలా లగ్జరీ హోటల్ ప్రారంభం,4.597167491912842
U63988,599868,2,2510857,హైటెక్ సిటీలో మరో స్టార్ హోటల్,హైటెక్ సిటీలో మరో స్టార్ హోటల్,4.592297554016113
U63988,599868,3,2510849,హైటెక్ సిటీలో మరో స్టార్ హోటల్,హైటెక్ సిటీలో మరో స్టార్ హోటల్,4.592297554016113
U63988,599868,4,2533050,టూరిజం హబ్గా జిల్లా..,టూరిజం హబ్గా జిల్లా..,4.580453872680664
U63988,599868,5,2541455,పర్యాటకులు 1.92 కోట్లు,పర్యాటకులు 1.92 కోట్లు,4.578738689422607
U63988,599868,6,2481807,హైదరాబాద్లో విదేశీ పర్యాటకులను ఆకర్షించే కట్టడాలు,హైదరాబాద్లో విదేశీ పర్యాటకులను ఆకర్షించే కట్టడాలు,4.577067852020264
U63988,599868,7,2504268,హంసలదీవిలో పర్యాటకుల సందడి,హంసలదీవిలో పర్యాటకుల సందడి,4.571521282196045
U63988,599868,8,2531541,విమానాశ్రయంలో పర్యాటక సమాచార కేంద్రం ,విమానాశ్రయంలో పర్యాటక సమాచార కేంద్రం,4.5668792724609375
U63988,599868,9,2531693,విమానాశ్రయంలో పర్యాటక సమాచార కేంద్రం ,విమానాశ్రయంలో పర్యాటక సమాచార కేంద్రం,4.5668792724609375
U63988,599868,10,2526343,మహా కుంభమేళా యాత్ర,మహా కుంభమేళా యాత్ర,4.560086250305176
U640719,600802,1,666456,ఇప్పట్లో ధోనీ రిటైర్ అవ్వడు : ఎమ్మెస్కే,ఇప్పట్లో ధోనీ రిటైర్ అవ్వడు : ఎమ్మెస్కే,4.734055042266846
U640719,600802,2,2530007,ఆకాశ్దీప్ ఆడేనా?,ఆకాశ్దీప్ ఆడేనా?,4.733944892883301
U640719,600802,3,2529957,ఆకాశ్దీప్ ఆడేనా?,ఆకాశ్దీప్ ఆడేనా?,4.733944892883301
U640719,600802,4,2529927,ఆకాశ్దీప్ ఆడేనా?,ఆకాశ్దీప్ ఆడేనా?,4.733944892883301
U640719,600802,5,540597,వెస్టిండీస్ పర్యటనకు భారత జట్టు ప్రకటన,వెస్టిండీస్ పర్యటనకు భారత జట్టు ప్రకటన,4.733936309814453
U640719,600802,6,2542932,రోహిత్కు ముందే చెప్పేశారా?,రోహిత్కు ముందే చెప్పేశారా?,4.733377933502197
U640719,600802,7,2543335,రోహిత్కు ముందే చెప్పేశారా?,రోహిత్కు ముందే చెప్పేశారా?,4.733377933502197
U640719,600802,8,2543414,రోహిత్కు ముందే చెప్పేశారా?,రోహిత్కు ముందే చెప్పేశారా?,4.733377933502197
U640719,600802,9,2509453, బుమ్రాకే పగ్గాలు!,బుమ్రాకే పగ్గాలు!,4.733177185058594
U640719,600802,10,2509585, బుమ్రాకే పగ్గాలు!,బుమ్రాకే పగ్గాలు!,4.733177185058594
U642404,602675,1,2483429,పండగ సీజన్పై ‘ఆటో’ ఆశలు,పండగ సీజన్పై ‘ఆటో’ ఆశలు,5.106072425842285
U642404,602675,2,2483772,పండగ సీజన్పై ‘ఆటో’ ఆశలు,పండగ సీజన్పై ‘ఆటో’ ఆశలు,5.106072425842285
U642404,602675,3,2483501,పండగ సీజన్పై ‘ఆటో’ ఆశలు,పండగ సీజన్పై ‘ఆటో’ ఆశలు,5.106072425842285
U642404,602675,4,2523399,స్కోడా కైలాక్ బుకింగ్స్ షురూ,స్కోడా కైలాక్ బుకింగ్స్ షురూ,5.097606182098389
U642404,602675,5,2523169,స్కోడా కైలాక్ బుకింగ్స్ షురూ,స్కోడా కైలాక్ బుకింగ్స్ షురూ,5.097606182098389
U642404,602675,6,2522969,స్కోడా కైలాక్ బుకింగ్స్ షురూ,స్కోడా కైలాక్ బుకింగ్స్ షురూ,5.097606182098389
U642404,602675,7,2524309,హోండా అమేజ్ కొత్త వెర్షన్,హోండా అమేజ్ కొత్త వెర్షన్,5.08033561706543
U642404,602675,8,2524477,హోండా అమేజ్ కొత్త వెర్షన్,హోండా అమేజ్ కొత్త వెర్షన్,5.08033561706543
U642404,602675,9,2524737,హోండా అమేజ్ కొత్త వెర్షన్,హోండా అమేజ్ కొత్త వెర్షన్,5.08033561706543
U642404,602675,10,2510782,మారుతి సుజుకి ’న్యూ ఆల్ డిజైర్’ కారు విడుదల,మారుతి సుజుకి ’న్యూ ఆల్ డిజైర్’ కారు విడుదల,5.059704303741455
U644045,604498,1,2483772,పండగ సీజన్పై ‘ఆటో’ ఆశలు,పండగ సీజన్పై ‘ఆటో’ ఆశలు,3.6234896183013916
U644045,604498,2,2483429,పండగ సీజన్పై ‘ఆటో’ ఆశలు,పండగ సీజన్పై ‘ఆటో’ ఆశలు,3.6234896183013916
U644045,604498,3,2483501,పండగ సీజన్పై ‘ఆటో’ ఆశలు,పండగ సీజన్పై ‘ఆటో’ ఆశలు,3.6234896183013916
U644045,604498,4,2523399,స్కోడా కైలాక్ బుకింగ్స్ షురూ,స్కోడా కైలాక్ బుకింగ్స్ షురూ,3.6215450763702393
U644045,604498,5,2522969,స్కోడా కైలాక్ బుకింగ్స్ షురూ,స్కోడా కైలాక్ బుకింగ్స్ షురూ,3.6215450763702393
U644045,604498,6,2523169,స్కోడా కైలాక్ బుకింగ్స్ షురూ,స్కోడా కైలాక్ బుకింగ్స్ షురూ,3.6215450763702393
U644045,604498,7,2524737,హోండా అమేజ్ కొత్త వెర్షన్,హోండా అమేజ్ కొత్త వెర్షన్,3.6147172451019287
U644045,604498,8,2524477,హోండా అమేజ్ కొత్త వెర్షన్,హోండా అమేజ్ కొత్త వెర్షన్,3.6147172451019287
U644045,604498,9,2524309,హోండా అమేజ్ కొత్త వెర్షన్,హోండా అమేజ్ కొత్త వెర్షన్,3.6147172451019287
U644045,604498,10,2510782,మారుతి సుజుకి ’న్యూ ఆల్ డిజైర్’ కారు విడుదల,మారుతి సుజుకి ’న్యూ ఆల్ డిజైర్’ కారు విడుదల,3.60273814201355
U64416,604625,1,540597,వెస్టిండీస్ పర్యటనకు భారత జట్టు ప్రకటన,వెస్టిండీస్ పర్యటనకు భారత జట్టు ప్రకటన,2.984891176223755
U64416,604625,2,666456,ఇప్పట్లో ధోనీ రిటైర్ అవ్వడు : ఎమ్మెస్కే,ఇప్పట్లో ధోనీ రిటైర్ అవ్వడు : ఎమ్మెస్కే,2.9848861694335938
U64416,604625,3,2529957,ఆకాశ్దీప్ ఆడేనా?,ఆకాశ్దీప్ ఆడేనా?,2.9847989082336426
U64416,604625,4,2529927,ఆకాశ్దీప్ ఆడేనా?,ఆకాశ్దీప్ ఆడేనా?,2.9847989082336426
U64416,604625,5,2530007,ఆకాశ్దీప్ ఆడేనా?,ఆకాశ్దీప్ ఆడేనా?,2.9847989082336426
U64416,604625,6,2509585, బుమ్రాకే పగ్గాలు!,బుమ్రాకే పగ్గాలు!,2.9845523834228516
U64416,604625,7,2509453, బుమ్రాకే పగ్గాలు!,బుమ్రాకే పగ్గాలు!,2.9845523834228516
U64416,604625,8,2509639, బుమ్రాకే పగ్గాలు!,బుమ్రాకే పగ్గాలు!,2.9845523834228516
U64416,604625,9,2545264,‘రిజర్వ్’ పేస్లో ,‘రిజర్వ్’ పేస్లో,2.9845283031463623
U64416,604625,10,2544989,‘రిజర్వ్’ పేస్లో ,‘రిజర్వ్’ పేస్లో,2.9845283031463623
U647491,608326,1,2535594,మళ్లీ వస్తోన్న స్క్విడ్ గేమ్,మళ్లీ వస్తోన్న స్క్విడ్ గేమ్,2.9280688762664795
U647491,608326,2,2533806,రచయిత ‘కాటూరు’ అస్తమయం ,రచయిత ‘కాటూరు’ అస్తమయం,2.7204346656799316
U647491,608326,3,2513068,హాట్ హిట్స్,హాట్ హిట్స్,2.631441354751587
U647491,608326,4,2513089,హాట్ హిట్స్,హాట్ హిట్స్,2.631441354751587
U647491,608326,5,2513315,హాట్ హిట్స్,హాట్ హిట్స్,2.631441354751587
U647491,608326,6,2508615,హాట్ హిట్స్ ,హాట్ హిట్స్,2.6302459239959717
U647491,608326,7,2508601,హాట్ హిట్స్ ,హాట్ హిట్స్,2.6302459239959717
U647491,608326,8,2508608,హాట్ హిట్స్ ,హాట్ హిట్స్,2.6302459239959717
U647491,608326,9,2515611,ఆమె కూడా భర్తకు విడాకులు ఇచ్చింది,ఆమె కూడా భర్తకు విడాకులు ఇచ్చింది,2.620790481567383
U647491,608326,10,2515130,ఆమె కూడా భర్తకు విడాకులు ఇచ్చింది,ఆమె కూడా భర్తకు విడాకులు ఇచ్చింది,2.620790481567383
U654736,616376,1,723423,Blur : ముగిసిన ' బ్లర్ ' చిత్రీకరణ,Blur : ముగిసిన ' బ్లర్ ' చిత్రీకరణ,4.9713616371154785
U654736,616376,2,2540458,రొమాంటిక్ ఎంటర్టైనర్,రొమాంటిక్ ఎంటర్టైనర్,4.960549354553223
U654736,616376,3,2540424,రొమాంటిక్ ఎంటర్టైనర్,రొమాంటిక్ ఎంటర్టైనర్,4.960549354553223
U654736,616376,4,2540403,రొమాంటిక్ ఎంటర్టైనర్,రొమాంటిక్ ఎంటర్టైనర్,4.960549354553223
U654736,616376,5,666637,రానా ' హిరణ్య కశ్యప’ మూవీ నుంచి లేటెస్ట్ అప్డేట్ !,రానా ' హిరణ్య కశ్యప’ మూవీ నుంచి లేటెస్ట్ అప్డేట్ !,4.959127902984619
U654736,616376,6,800065,‘మహానటి’ రిలీజ్ డేట్ ఫిక్స్,‘మహానటి’ రిలీజ్ డేట్ ఫిక్స్,4.957371711730957
U654736,616376,7,2501726,క్రిస్మస్ కోసం సిద్ధం,క్రిస్మస్ కోసం సిద్ధం,4.954408645629883
U654736,616376,8,2501479,క్రిస్మస్ కోసం సిద్ధం,క్రిస్మస్ కోసం సిద్ధం,4.954408645629883
U654736,616376,9,2501622,క్రిస్మస్ కోసం సిద్ధం,క్రిస్మస్ కోసం సిద్ధం,4.954408645629883
U654736,616376,10,468101,' తిమ్మరుసు ' విడుదలకు రెడీ,' తిమ్మరుసు ' విడుదలకు రెడీ,4.954198360443115
U655739,617490,1,2527035,బరువు పెరగాలంటే..! ,బరువు పెరగాలంటే..!,5.5246734619140625
U655739,617490,2,2528217,పండ్లు పరిమితంగానే...                        ,పండ్లు పరిమితంగానే...,5.518580436706543
U655739,617490,3,2527869,పండ్లు పరిమితంగానే...                        ,పండ్లు పరిమితంగానే...,5.518580436706543
U655739,617490,4,2527643,పండ్లు పరిమితంగానే...                        ,పండ్లు పరిమితంగానే...,5.518580436706543
U655739,617490,5,2508045,బరువు తగ్గండిలా...,బరువు తగ్గండిలా...,5.517219543457031
U655739,617490,6,2507941,బరువు తగ్గండిలా...,బరువు తగ్గండిలా...,5.517219543457031
U655739,617490,7,2508244,బరువు తగ్గండిలా...,బరువు తగ్గండిలా...,5.517219543457031
U655739,617490,8,2514928,ఇలా చేస్తే మెదడుకు హాని,ఇలా చేస్తే మెదడుకు హాని,5.517089366912842
U655739,617490,9,2514456,ఇలా చేస్తే మెదడుకు హాని,ఇలా చేస్తే మెదడుకు హాని,5.517089366912842
U655739,617490,10,2514604,ఇలా చేస్తే మెదడుకు హాని,ఇలా చేస్తే మెదడుకు హాని,5.517089366912842
U655983,617761,1,2513089,హాట్ హిట్స్,హాట్ హిట్స్,2.999624013900757
U655983,617761,2,2513315,హాట్ హిట్స్,హాట్ హిట్స్,2.999624013900757
U655983,617761,3,2513068,హాట్ హిట్స్,హాట్ హిట్స్,2.999624013900757
U655983,617761,4,2508608,హాట్ హిట్స్ ,హాట్ హిట్స్,2.99936842918396
U655983,617761,5,2508615,హాట్ హిట్స్ ,హాట్ హిట్స్,2.99936842918396
U655983,617761,6,2508601,హాట్ హిట్స్ ,హాట్ హిట్స్,2.99936842918396
U655983,617761,7,2515611,ఆమె కూడా భర్తకు విడాకులు ఇచ్చింది,ఆమె కూడా భర్తకు విడాకులు ఇచ్చింది,2.993819236755371
U655983,617761,8,2515400,ఆమె కూడా భర్తకు విడాకులు ఇచ్చింది,ఆమె కూడా భర్తకు విడాకులు ఇచ్చింది,2.993819236755371
U655983,617761,9,2515130,ఆమె కూడా భర్తకు విడాకులు ఇచ్చింది,ఆమె కూడా భర్తకు విడాకులు ఇచ్చింది,2.993819236755371
U655983,617761,10,2527427,హాట్ హిట్స్,హాట్ హిట్స్,2.981910467147827
U661693,624106,1,666456,ఇప్పట్లో ధోనీ రిటైర్ అవ్వడు : ఎమ్మెస్కే,ఇప్పట్లో ధోనీ రిటైర్ అవ్వడు : ఎమ్మెస్కే,6.415259838104248
U661693,624106,2,540597,వెస్టిండీస్ పర్యటనకు భారత జట్టు ప్రకటన,వెస్టిండీస్ పర్యటనకు భారత జట్టు ప్రకటన,6.415151119232178
U661693,624106,3,2530007,ఆకాశ్దీప్ ఆడేనా?,ఆకాశ్దీప్ ఆడేనా?,6.415057182312012
U661693,624106,4,2529927,ఆకాశ్దీప్ ఆడేనా?,ఆకాశ్దీప్ ఆడేనా?,6.415057182312012
U661693,624106,5,2529957,ఆకాశ్దీప్ ఆడేనా?,ఆకాశ్దీప్ ఆడేనా?,6.415057182312012
U661693,624106,6,2542932,రోహిత్కు ముందే చెప్పేశారా?,రోహిత్కు ముందే చెప్పేశారా?,6.414365768432617
U661693,624106,7,2543414,రోహిత్కు ముందే చెప్పేశారా?,రోహిత్కు ముందే చెప్పేశారా?,6.414365768432617
U661693,624106,8,2543335,రోహిత్కు ముందే చెప్పేశారా?,రోహిత్కు ముందే చెప్పేశారా?,6.414365768432617
U661693,624106,9,2509585, బుమ్రాకే పగ్గాలు!,బుమ్రాకే పగ్గాలు!,6.414248943328857
U661693,624106,10,2509639, బుమ్రాకే పగ్గాలు!,బుమ్రాకే పగ్గాలు!,6.414248943328857
U662520,625026,1,2513089,హాట్ హిట్స్,హాట్ హిట్స్,5.445765495300293
U662520,625026,2,2513068,హాట్ హిట్స్,హాట్ హిట్స్,5.445765495300293
U662520,625026,3,2513315,హాట్ హిట్స్,హాట్ హిట్స్,5.445765495300293
U662520,625026,4,2508615,హాట్ హిట్స్ ,హాట్ హిట్స్,5.441635608673096
U662520,625026,5,2508608,హాట్ హిట్స్ ,హాట్ హిట్స్,5.441635608673096
U662520,625026,6,2508601,హాట్ హిట్స్ ,హాట్ హిట్స్,5.441635608673096
U662520,625026,7,2527338,హాట్ హిట్స్,హాట్ హిట్స్,5.4286980628967285
U662520,625026,8,2527427,హాట్ హిట్స్,హాట్ హిట్స్,5.4286980628967285
U662520,625026,9,2527189,హాట్ హిట్స్,హాట్ హిట్స్,5.4286980628967285
U662520,625026,10,2515130,ఆమె కూడా భర్తకు విడాకులు ఇచ్చింది,ఆమె కూడా భర్తకు విడాకులు ఇచ్చింది,5.422610759735107
U662825,625364,1,386042,‘మాస్టర్ చెఫ్’కి హోస్ట్ గా తమన్నా !,‘మాస్టర్ చెఫ్’కి హోస్ట్ గా తమన్నా !,3.0672409534454346
U662825,625364,2,335747,వెబ్ సిరీస్ లోకి హీరో సూర్య ఎంట్రీ,వెబ్ సిరీస్ లోకి హీరో సూర్య ఎంట్రీ,2.971015691757202
U662825,625364,3,2524541,మహిళ మృతి,మహిళ మృతి,2.957538366317749
U662825,625364,4,2524584,మహిళ మృతి,మహిళ మృతి,2.9475045204162598
U662825,625364,5,2493634,నో అన్నా వాళ్లు వదల్లేదు!,నో అన్నా వాళ్లు వదల్లేదు!,2.88716983795166
U662825,625364,6,2493696,నో అన్నా వాళ్లు వదల్లేదు!,నో అన్నా వాళ్లు వదల్లేదు!,2.88716983795166
U662825,625364,7,2493876,నో అన్నా వాళ్లు వదల్లేదు!,నో అన్నా వాళ్లు వదల్లేదు!,2.88716983795166
U662825,625364,8,2495610,ఏక్తా కపూర్పై పోక్సో కేసు,ఏక్తా కపూర్పై పోక్సో కేసు,2.8488547801971436
U662825,625364,9,2495681,ఏక్తా కపూర్పై పోక్సో కేసు,ఏక్తా కపూర్పై పోక్సో కేసు,2.8488547801971436
U662825,625364,10,2495434,ఏక్తా కపూర్పై పోక్సో కేసు,ఏక్తా కపూర్పై పోక్సో కేసు,2.8488547801971436
U665278,628089,1,2510849,హైటెక్ సిటీలో మరో స్టార్ హోటల్,హైటెక్ సిటీలో మరో స్టార్ హోటల్,3.6260414123535156
U665278,628089,2,2510857,హైటెక్ సిటీలో మరో స్టార్ హోటల్,హైటెక్ సిటీలో మరో స్టార్ హోటల్,3.6260414123535156
U665278,628089,3,2533050,టూరిజం హబ్గా జిల్లా..,టూరిజం హబ్గా జిల్లా..,3.625298500061035
U665278,628089,4,2541455,పర్యాటకులు 1.92 కోట్లు,పర్యాటకులు 1.92 కోట్లు,3.6247003078460693
U665278,628089,5,2520361,బంజారాహిల్స్లో  లీలా లగ్జరీ హోటల్ ప్రారంభం,బంజారాహిల్స్లో లీలా లగ్జరీ హోటల్ ప్రారంభం,3.6217448711395264
U665278,628089,6,2504268,హంసలదీవిలో పర్యాటకుల సందడి,హంసలదీవిలో పర్యాటకుల సందడి,3.616953134536743
U665278,628089,7,2481807,హైదరాబాద్లో విదేశీ పర్యాటకులను ఆకర్షించే కట్టడాలు,హైదరాబాద్లో విదేశీ పర్యాటకులను ఆకర్షించే కట్టడాలు,3.608663558959961
U665278,628089,8,2531541,విమానాశ్రయంలో పర్యాటక సమాచార కేంద్రం ,విమానాశ్రయంలో పర్యాటక సమాచార కేంద్రం,3.607637643814087
U665278,628089,9,2531693,విమానాశ్రయంలో పర్యాటక సమాచార కేంద్రం ,విమానాశ్రయంలో పర్యాటక సమాచార కేంద్రం,3.607637643814087
U665278,628089,10,2526343,మహా కుంభమేళా యాత్ర,మహా కుంభమేళా యాత్ర,3.604159355163574
U667702,630783,1,2507149,ఇలా అలంకరిస్తే ,ఇలా అలంకరిస్తే,3.4699087142944336
U667702,630783,2,2507347,ఇలా అలంకరిస్తే ,ఇలా అలంకరిస్తే,3.4699087142944336
U667702,630783,3,2507430,ఇలా అలంకరిస్తే ,ఇలా అలంకరిస్తే,3.4699087142944336
U667702,630783,4,2492910,ఆర్గంజా అదరహో... ,ఆర్గంజా అదరహో...,3.4288485050201416
U667702,630783,5,2541361,ఇంటిని అందంగా అలంకరిద్దాం!,ఇంటిని అందంగా అలంకరిద్దాం!,3.4079277515411377
U667702,630783,6,2526063,చలి కాలంలో,చలి కాలంలో,3.3722190856933594
U667702,630783,7,2525927,చలి కాలంలో,చలి కాలంలో,3.3722190856933594
U667702,630783,8,2541389,అందంగా అలంకరిద్దాం!,అందంగా అలంకరిద్దాం!,3.363729476928711
U667702,630783,9,2514457,పిల్లలు ఎవరితోనూ కలవడం లేదా?,పిల్లలు ఎవరితోనూ కలవడం లేదా?,3.3602612018585205
U667702,630783,10,2514605,పిల్లలు ఎవరితోనూ కలవడం లేదా?,పిల్లలు ఎవరితోనూ కలవడం లేదా?,3.3602612018585205
U671467,634966,1,386042,‘మాస్టర్ చెఫ్’కి హోస్ట్ గా తమన్నా !,‘మాస్టర్ చెఫ్’కి హోస్ట్ గా తమన్నా !,5.037276268005371
U671467,634966,2,246246,నిహారిక కొణిదెల ‘ముద్దపప్పు ఆవకాయ’ ( ఎపిసోడ్ - 2 ),నిహారిక కొణిదెల ‘ముద్దపప్పు ఆవకాయ’ ( ఎపిసోడ్ - 2 ),4.6765546798706055
U671467,634966,3,2493634,నో అన్నా వాళ్లు వదల్లేదు!,నో అన్నా వాళ్లు వదల్లేదు!,4.636923313140869
U671467,634966,4,2493696,నో అన్నా వాళ్లు వదల్లేదు!,నో అన్నా వాళ్లు వదల్లేదు!,4.636923313140869
U671467,634966,5,2493876,నో అన్నా వాళ్లు వదల్లేదు!,నో అన్నా వాళ్లు వదల్లేదు!,4.636923313140869
U671467,634966,6,582899,అమ్మాయిలా మారిన సాయితేజ .. అదిరిందిలోకి ..,అమ్మాయిలా మారిన సాయితేజ .. అదిరిందిలోకి ..,4.595380783081055
U671467,634966,7,2495615,సెట్స్లోకి స్వాగతం,సెట్స్లోకి స్వాగతం,4.569900035858154
U671467,634966,8,2495686,సెట్స్లోకి స్వాగతం,సెట్స్లోకి స్వాగతం,4.569900035858154
U671467,634966,9,2495439,సెట్స్లోకి స్వాగతం,సెట్స్లోకి స్వాగతం,4.569900035858154
U671467,634966,10,2524541,మహిళ మృతి,మహిళ మృతి,4.49973726272583
U671491,634993,1,2483501,పండగ సీజన్పై ‘ఆటో’ ఆశలు,పండగ సీజన్పై ‘ఆటో’ ఆశలు,3.4111173152923584
U671491,634993,2,2483429,పండగ సీజన్పై ‘ఆటో’ ఆశలు,పండగ సీజన్పై ‘ఆటో’ ఆశలు,3.4111173152923584
U671491,634993,3,2483772,పండగ సీజన్పై ‘ఆటో’ ఆశలు,పండగ సీజన్పై ‘ఆటో’ ఆశలు,3.4111173152923584
U671491,634993,4,2523399,స్కోడా కైలాక్ బుకింగ్స్ షురూ,స్కోడా కైలాక్ బుకింగ్స్ షురూ,3.406633138656616
U671491,634993,5,2523169,స్కోడా కైలాక్ బుకింగ్స్ షురూ,స్కోడా కైలాక్ బుకింగ్స్ షురూ,3.406633138656616
U671491,634993,6,2522969,స్కోడా కైలాక్ బుకింగ్స్ షురూ,స్కోడా కైలాక్ బుకింగ్స్ షురూ,3.406633138656616
U671491,634993,7,2524737,హోండా అమేజ్ కొత్త వెర్షన్,హోండా అమేజ్ కొత్త వెర్షన్,3.396714687347412
U671491,634993,8,2524477,హోండా అమేజ్ కొత్త వెర్షన్,హోండా అమేజ్ కొత్త వెర్షన్,3.396714687347412
U671491,634993,9,2524309,హోండా అమేజ్ కొత్త వెర్షన్,హోండా అమేజ్ కొత్త వెర్షన్,3.396714687347412
U671491,634993,10,2510782,మారుతి సుజుకి ’న్యూ ఆల్ డిజైర్’ కారు విడుదల,మారుతి సుజుకి ’న్యూ ఆల్ డిజైర్’ కారు విడుదల,3.382826566696167
U672340,635937,1,2527035,బరువు పెరగాలంటే..! ,బరువు పెరగాలంటే..!,3.085392951965332
U672340,635937,2,2527643,పండ్లు పరిమితంగానే...                        ,పండ్లు పరిమితంగానే...,3.081973075866699
U672340,635937,3,2527869,పండ్లు పరిమితంగానే...                        ,పండ్లు పరిమితంగానే...,3.081973075866699
U672340,635937,4,2528217,పండ్లు పరిమితంగానే...                        ,పండ్లు పరిమితంగానే...,3.081973075866699
U672340,635937,5,2508244,బరువు తగ్గండిలా...,బరువు తగ్గండిలా...,3.0812551975250244
U672340,635937,6,2507941,బరువు తగ్గండిలా...,బరువు తగ్గండిలా...,3.0812551975250244
U672340,635937,7,2508045,బరువు తగ్గండిలా...,బరువు తగ్గండిలా...,3.0812551975250244
U672340,635937,8,2504853,ఇన్ఫ్లమేషన్ ,ఇన్ఫ్లమేషన్,3.080749750137329
U672340,635937,9,2514456,ఇలా చేస్తే మెదడుకు హాని,ఇలా చేస్తే మెదడుకు హాని,3.080730676651001
U672340,635937,10,2514604,ఇలా చేస్తే మెదడుకు హాని,ఇలా చేస్తే మెదడుకు హాని,3.080730676651001
U672607,636233,1,2519811,‘ఇస్కాన్’పై బంగ్లాదేశ్లో నిషేధం?,‘ఇస్కాన్’పై బంగ్లాదేశ్లో నిషేధం?,2.851027488708496
U672607,636233,2,2519719,‘ఇస్కాన్’పై బంగ్లాదేశ్లో నిషేధం?,‘ఇస్కాన్’పై బంగ్లాదేశ్లో నిషేధం?,2.851027488708496
U672607,636233,3,2520014,‘ఇస్కాన్’పై బంగ్లాదేశ్లో నిషేధం!,‘ఇస్కాన్’పై బంగ్లాదేశ్లో నిషేధం!,2.8498401641845703
U672607,636233,4,2495277,గ్రూప్–1 మెయిన్స్ పరీక్షకు పటిష్ఠ భద్రత,గ్రూప్–1 మెయిన్స్ పరీక్షకు పటిష్ఠ భద్రత,2.849515914916992
U672607,636233,5,2494871,గ్రూప్–1 మెయిన్స్ పరీక్షకు పటిష్ఠ భద్రత,గ్రూప్–1 మెయిన్స్ పరీక్షకు పటిష్ఠ భద్రత,2.849515914916992
U672607,636233,6,2505088,కెనడాలో హిందూ  ఆలయంపై దాడి,కెనడాలో హిందూ ఆలయంపై దాడి,2.848073959350586
U672607,636233,7,2504924,కెనడాలో హిందూ  ఆలయంపై దాడి,కెనడాలో హిందూ ఆలయంపై దాడి,2.848073959350586
U672607,636233,8,2532416,సీఐడీ దర్యాప్తునకు సహకరించండి,సీఐడీ దర్యాప్తునకు సహకరించండి,2.8458900451660156
U672607,636233,9,895624,అమరావతి పై సుప్రీం కీలక తీర్పు,అమరావతి పై సుప్రీం కీలక తీర్పు,2.8442318439483643
U672607,636233,10,2484864,నేరస్థులను వదలొదు్ద,నేరస్థులను వదలొదు్ద,2.8441696166992188
U672681,636315,1,2527035,బరువు పెరగాలంటే..! ,బరువు పెరగాలంటే..!,4.368607044219971
U672681,636315,2,2514456,ఇలా చేస్తే మెదడుకు హాని,ఇలా చేస్తే మెదడుకు హాని,4.362551689147949
U672681,636315,3,2514604,ఇలా చేస్తే మెదడుకు హాని,ఇలా చేస్తే మెదడుకు హాని,4.362551689147949
U672681,636315,4,2514928,ఇలా చేస్తే మెదడుకు హాని,ఇలా చేస్తే మెదడుకు హాని,4.362551689147949
U672681,636315,5,2508244,బరువు తగ్గండిలా...,బరువు తగ్గండిలా...,4.3624491691589355
U672681,636315,6,2508045,బరువు తగ్గండిలా...,బరువు తగ్గండిలా...,4.3624491691589355
U672681,636315,7,2507941,బరువు తగ్గండిలా...,బరువు తగ్గండిలా...,4.3624491691589355
U672681,636315,8,2504853,ఇన్ఫ్లమేషన్ ,ఇన్ఫ్లమేషన్,4.362069129943848
U672681,636315,9,2527643,పండ్లు పరిమితంగానే...                        ,పండ్లు పరిమితంగానే...,4.362035274505615
U672681,636315,10,2528217,పండ్లు పరిమితంగానే...                        ,పండ్లు పరిమితంగానే...,4.362035274505615
U673496,637220,1,2534484,వాట్సాప్లోనూ చాట్జీపీటీ,వాట్సాప్లోనూ చాట్జీపీటీ,3.7743189334869385
U673496,637220,2,2534451,వాట్సాప్లోనూ చాట్జీపీటీ,వాట్సాప్లోనూ చాట్జీపీటీ,3.7743189334869385
U673496,637220,3,318532,ఫేస్బుక్లో కొత్త ఫీచర్,ఫేస్బుక్లో కొత్త ఫీచర్,3.772825002670288
U673496,637220,4,2503912,ఫేక్బుక్,ఫేక్బుక్,3.767115354537964
U673496,637220,5,416215,శామ్సంగ్ మడతపెట్టే ఫోన్,శామ్సంగ్ మడతపెట్టే ఫోన్,3.765676975250244
U673496,637220,6,2497403,రీల్స్ వల,రీల్స్ వల,3.764519214630127
U673496,637220,7,2482237,కళ్లజోడు కాదు.. కంప్యూటర్!,కళ్లజోడు కాదు.. కంప్యూటర్!,3.763256788253784
U673496,637220,8,2482607,కళ్లజోడు కాదు.. కంప్యూటర్!,కళ్లజోడు కాదు.. కంప్యూటర్!,3.763256788253784
U673496,637220,9,2482491,కళ్లజోడు కాదు.. కంప్యూటర్!,కళ్లజోడు కాదు.. కంప్యూటర్!,3.763256788253784
U673496,637220,10,999861,కూల్ ప్యాడ్ కూల్3 స్మార్ట్ఫోన్ విడుదల,కూల్ ప్యాడ్ కూల్3 స్మార్ట్ఫోన్ విడుదల,3.7613463401794434
U676849,640945,1,2527035,బరువు పెరగాలంటే..! ,బరువు పెరగాలంటే..!,5.8363471031188965
U676849,640945,2,2514928,ఇలా చేస్తే మెదడుకు హాని,ఇలా చేస్తే మెదడుకు హాని,5.832003116607666
U676849,640945,3,2514456,ఇలా చేస్తే మెదడుకు హాని,ఇలా చేస్తే మెదడుకు హాని,5.832003116607666
U676849,640945,4,2514604,ఇలా చేస్తే మెదడుకు హాని,ఇలా చేస్తే మెదడుకు హాని,5.832003116607666
U676849,640945,5,2504853,ఇన్ఫ్లమేషన్ ,ఇన్ఫ్లమేషన్,5.829288482666016
U676849,640945,6,2528217,పండ్లు పరిమితంగానే...                        ,పండ్లు పరిమితంగానే...,5.828825950622559
U676849,640945,7,2527869,పండ్లు పరిమితంగానే...                        ,పండ్లు పరిమితంగానే...,5.828825950622559
U676849,640945,8,2527643,పండ్లు పరిమితంగానే...                        ,పండ్లు పరిమితంగానే...,5.828825950622559
U676849,640945,9,2507941,బరువు తగ్గండిలా...,బరువు తగ్గండిలా...,5.828805446624756
U676849,640945,10,2508244,బరువు తగ్గండిలా...,బరువు తగ్గండిలా...,5.828805446624756
U681426,646032,1,2536984, అధికంగా టిక్కెట్లు అమ్ముడైన సినిమాలు,అధికంగా టిక్కెట్లు అమ్ముడైన సినిమాలు,4.210675239562988
U681426,646032,2,2536886, అధికంగా టిక్కెట్లు అమ్ముడైన సినిమాలు,అధికంగా టిక్కెట్లు అమ్ముడైన సినిమాలు,4.210675239562988
U681426,646032,3,540995,తెలుగులో రిలీజ్ కానున్న ' దియా ',తెలుగులో రిలీజ్ కానున్న ' దియా ',4.209049224853516
U681426,646032,4,2540458,రొమాంటిక్ ఎంటర్టైనర్,రొమాంటిక్ ఎంటర్టైనర్,4.206837177276611
U681426,646032,5,2540424,రొమాంటిక్ ఎంటర్టైనర్,రొమాంటిక్ ఎంటర్టైనర్,4.206837177276611
U681426,646032,6,2540403,రొమాంటిక్ ఎంటర్టైనర్,రొమాంటిక్ ఎంటర్టైనర్,4.206837177276611
U681426,646032,7,908576,ఫాస్ట్ అండ్ ఫ్యూరియస్ : హాబ్స్ అండ్ షా ( తెలుగు ట్రైలర్ ),ఫాస్ట్ అండ్ ఫ్యూరియస్ : హాబ్స్ అండ్ షా ( తెలుగు ట్రైలర్ ),4.205329895019531
U681426,646032,8,666637,రానా ' హిరణ్య కశ్యప’ మూవీ నుంచి లేటెస్ట్ అప్డేట్ !,రానా ' హిరణ్య కశ్యప’ మూవీ నుంచి లేటెస్ట్ అప్డేట్ !,4.20391321182251
U681426,646032,9,2501479,క్రిస్మస్ కోసం సిద్ధం,క్రిస్మస్ కోసం సిద్ధం,4.203700542449951
U681426,646032,10,2501622,క్రిస్మస్ కోసం సిద్ధం,క్రిస్మస్ కోసం సిద్ధం,4.203700542449951
U683689,648545,1,2541219,ఏడాదిలో రూ.77.6 లక్షల కోట్లు ,ఏడాదిలో రూ.77.6 లక్షల కోట్లు,2.6932754516601562
U683689,648545,2,2541551,ఏడాదిలో రూ.77.6 లక్షల కోట్లు ,ఏడాదిలో రూ.77.6 లక్షల కోట్లు,2.6932754516601562
U683689,648545,3,2541167,ఏడాదిలో రూ.77.6 లక్షల కోట్లు ,ఏడాదిలో రూ.77.6 లక్షల కోట్లు,2.6932754516601562
U683689,648545,4,2502831,మురిపించిన ‘మూరత్’,మురిపించిన ‘మూరత్’,2.693220853805542
U683689,648545,5,2502725,మురిపించిన ‘మూరత్’,మురిపించిన ‘మూరత్’,2.693220853805542
U683689,648545,6,2503289,మురిపించిన ‘మూరత్’,మురిపించిన ‘మూరత్’,2.693220853805542
U683689,648545,7,2494006,"ఇన్ఫీ లాభం రూ.6,506 కోట్లు","ఇన్ఫీ లాభం రూ.6,506 కోట్లు",2.6927835941314697
U683689,648545,8,2493810,"ఇన్ఫీ లాభం రూ.6,506 కోట్లు","ఇన్ఫీ లాభం రూ.6,506 కోట్లు",2.6927835941314697
U683689,648545,9,2493695,"ఇన్ఫీ లాభం రూ.6,506 కోట్లు","ఇన్ఫీ లాభం రూ.6,506 కోట్లు",2.6927835941314697
U683689,648545,10,2499551,"ఐసీఐసీఐ బ్యాంక్  లాభం రూ.11,746 కోట్లు ","ఐసీఐసీఐ బ్యాంక్ లాభం రూ.11,746 కోట్లు",2.692305326461792
U683847,648721,1,2493810,"ఇన్ఫీ లాభం రూ.6,506 కోట్లు","ఇన్ఫీ లాభం రూ.6,506 కోట్లు",2.6929821968078613
U683847,648721,2,2493695,"ఇన్ఫీ లాభం రూ.6,506 కోట్లు","ఇన్ఫీ లాభం రూ.6,506 కోట్లు",2.6929821968078613
U683847,648721,3,2494006,"ఇన్ఫీ లాభం రూ.6,506 కోట్లు","ఇన్ఫీ లాభం రూ.6,506 కోట్లు",2.6929821968078613
U683847,648721,4,2499551,"ఐసీఐసీఐ బ్యాంక్  లాభం రూ.11,746 కోట్లు ","ఐసీఐసీఐ బ్యాంక్ లాభం రూ.11,746 కోట్లు",2.6927120685577393
U683847,648721,5,2541551,ఏడాదిలో రూ.77.6 లక్షల కోట్లు ,ఏడాదిలో రూ.77.6 లక్షల కోట్లు,2.6925954818725586
U683847,648721,6,2541219,ఏడాదిలో రూ.77.6 లక్షల కోట్లు ,ఏడాదిలో రూ.77.6 లక్షల కోట్లు,2.6925954818725586
U683847,648721,7,2541167,ఏడాదిలో రూ.77.6 లక్షల కోట్లు ,ఏడాదిలో రూ.77.6 లక్షల కోట్లు,2.6925954818725586
U683847,648721,8,2503289,మురిపించిన ‘మూరత్’,మురిపించిన ‘మూరత్’,2.6921374797821045
U683847,648721,9,2502831,మురిపించిన ‘మూరత్’,మురిపించిన ‘మూరత్’,2.6921374797821045
U683847,648721,10,2502725,మురిపించిన ‘మూరత్’,మురిపించిన ‘మూరత్’,2.6921374797821045
U687145,652386,1,723423,Blur : ముగిసిన ' బ్లర్ ' చిత్రీకరణ,Blur : ముగిసిన ' బ్లర్ ' చిత్రీకరణ,2.9330859184265137
U687145,652386,2,2532704,రాబిన్హుడ్ వాయిదా...,రాబిన్హుడ్ వాయిదా...,2.928524971008301
U687145,652386,3,2532829,రాబిన్హుడ్ వాయిదా...,రాబిన్హుడ్ వాయిదా...,2.928524971008301
U687145,652386,4,2533130,రాబిన్హుడ్ వాయిదా...,రాబిన్హుడ్ వాయిదా...,2.928524971008301
U687145,652386,5,421537,ఈ నెల 17 న రానున్న ' అర్జున్ సురవరం ',ఈ నెల 17 న రానున్న ' అర్జున్ సురవరం ',2.9270498752593994
U687145,652386,6,800065,‘మహానటి’ రిలీజ్ డేట్ ఫిక్స్,‘మహానటి’ రిలీజ్ డేట్ ఫిక్స్,2.925006628036499
U687145,652386,7,867192,ఆర్ఆర్ఆర్ షూటింగ్ మళ్లీ వాయిదా,ఆర్ఆర్ఆర్ షూటింగ్ మళ్లీ వాయిదా,2.9243996143341064
U687145,652386,8,2540403,రొమాంటిక్ ఎంటర్టైనర్,రొమాంటిక్ ఎంటర్టైనర్,2.9240217208862305
U687145,652386,9,2540458,రొమాంటిక్ ఎంటర్టైనర్,రొమాంటిక్ ఎంటర్టైనర్,2.9240217208862305
U687145,652386,10,2540424,రొమాంటిక్ ఎంటర్టైనర్,రొమాంటిక్ ఎంటర్టైనర్,2.9240217208862305
U688161,653515,1,318532,ఫేస్బుక్లో కొత్త ఫీచర్,ఫేస్బుక్లో కొత్త ఫీచర్,2.704627752304077
U688161,653515,2,2534451,వాట్సాప్లోనూ చాట్జీపీటీ,వాట్సాప్లోనూ చాట్జీపీటీ,2.704225778579712
U688161,653515,3,2534484,వాట్సాప్లోనూ చాట్జీపీటీ,వాట్సాప్లోనూ చాట్జీపీటీ,2.704225778579712
U688161,653515,4,999861,కూల్ ప్యాడ్ కూల్3 స్మార్ట్ఫోన్ విడుదల,కూల్ ప్యాడ్ కూల్3 స్మార్ట్ఫోన్ విడుదల,2.7037620544433594
U688161,653515,5,343610,ఒప్పో ఆర్ 17 స్మార్ట్ఫోన్ విడుదల,ఒప్పో ఆర్ 17 స్మార్ట్ఫోన్ విడుదల,2.703003168106079
U688161,653515,6,416215,శామ్సంగ్ మడతపెట్టే ఫోన్,శామ్సంగ్ మడతపెట్టే ఫోన్,2.7025363445281982
U688161,653515,7,603755,షియోమీ ఎంఐ ఎల్ఈడీ టీవీ విడుదల,షియోమీ ఎంఐ ఎల్ఈడీ టీవీ విడుదల,2.7022275924682617
U688161,653515,8,266182,మార్కెట్లోకి వివో ఎక్స్ 21 ఎస్ స్మార్ట్ఫోన్ విడుదల,మార్కెట్లోకి వివో ఎక్స్ 21 ఎస్ స్మార్ట్ఫోన్ విడుదల,2.701500415802002
U688161,653515,9,2482237,కళ్లజోడు కాదు.. కంప్యూటర్!,కళ్లజోడు కాదు.. కంప్యూటర్!,2.701404333114624
U688161,653515,10,2482607,కళ్లజోడు కాదు.. కంప్యూటర్!,కళ్లజోడు కాదు.. కంప్యూటర్!,2.701404333114624
U688559,653956,1,2483501,పండగ సీజన్పై ‘ఆటో’ ఆశలు,పండగ సీజన్పై ‘ఆటో’ ఆశలు,3.030268907546997
U688559,653956,2,2483429,పండగ సీజన్పై ‘ఆటో’ ఆశలు,పండగ సీజన్పై ‘ఆటో’ ఆశలు,3.030268907546997
U688559,653956,3,2483772,పండగ సీజన్పై ‘ఆటో’ ఆశలు,పండగ సీజన్పై ‘ఆటో’ ఆశలు,3.030268907546997
U688559,653956,4,2523399,స్కోడా కైలాక్ బుకింగ్స్ షురూ,స్కోడా కైలాక్ బుకింగ్స్ షురూ,3.0241470336914062
U688559,653956,5,2522969,స్కోడా కైలాక్ బుకింగ్స్ షురూ,స్కోడా కైలాక్ బుకింగ్స్ షురూ,3.0241470336914062
U688559,653956,6,2523169,స్కోడా కైలాక్ బుకింగ్స్ షురూ,స్కోడా కైలాక్ బుకింగ్స్ షురూ,3.0241470336914062
U688559,653956,7,2524737,హోండా అమేజ్ కొత్త వెర్షన్,హోండా అమేజ్ కొత్త వెర్షన్,3.0113608837127686
U688559,653956,8,2524477,హోండా అమేజ్ కొత్త వెర్షన్,హోండా అమేజ్ కొత్త వెర్షన్,3.0113608837127686
U688559,653956,9,2524309,హోండా అమేజ్ కొత్త వెర్షన్,హోండా అమేజ్ కొత్త వెర్షన్,3.0113608837127686
U688559,653956,10,2510782,మారుతి సుజుకి ’న్యూ ఆల్ డిజైర్’ కారు విడుదల,మారుతి సుజుకి ’న్యూ ఆల్ డిజైర్’ కారు విడుదల,2.995478868484497
U692847,658721,1,2525927,చలి కాలంలో,చలి కాలంలో,4.30353307723999
U692847,658721,2,2526063,చలి కాలంలో,చలి కాలంలో,4.30353307723999
U692847,658721,3,2483635,కాఫీ సందేశ్!,కాఫీ సందేశ్!,4.274715900421143
U692847,658721,4,2483620,కాఫీ సందేశ్!,కాఫీ సందేశ్!,4.274715900421143
U692847,658721,5,2483693,కాఫీ సందేశ్!,కాఫీ సందేశ్!,4.274715900421143
U692847,658721,6,2503090,ఆప్రికాట్ డిలైట్,ఆప్రికాట్ డిలైట్,4.246289253234863
U692847,658721,7,2502885,ఆప్రికాట్ డిలైట్,ఆప్రికాట్ డిలైట్,4.246289253234863
U692847,658721,8,2502779,ఆప్రికాట్ డిలైట్,ఆప్రికాట్ డిలైట్,4.246289253234863
U692847,658721,9,2516579,శీతాకాలంవేడి వేడిగా..!,శీతాకాలంవేడి వేడిగా..!,4.212141990661621
U692847,658721,10,2521059,చపాతీలతో తింటే భలే రుచి,చపాతీలతో తింటే భలే రుచి,4.186410903930664
U694652,660727,1,2525927,చలి కాలంలో,చలి కాలంలో,3.9369404315948486
U694652,660727,2,2526063,చలి కాలంలో,చలి కాలంలో,3.9369404315948486
U694652,660727,3,2483693,కాఫీ సందేశ్!,కాఫీ సందేశ్!,3.9198505878448486
U694652,660727,4,2483635,కాఫీ సందేశ్!,కాఫీ సందేశ్!,3.9198505878448486
U694652,660727,5,2483620,కాఫీ సందేశ్!,కాఫీ సందేశ్!,3.9198505878448486
U694652,660727,6,2503090,ఆప్రికాట్ డిలైట్,ఆప్రికాట్ డిలైట్,3.8929333686828613
U694652,660727,7,2502885,ఆప్రికాట్ డిలైట్,ఆప్రికాట్ డిలైట్,3.8929333686828613
U694652,660727,8,2502779,ఆప్రికాట్ డిలైట్,ఆప్రికాట్ డిలైట్,3.8929333686828613
U694652,660727,9,2516579,శీతాకాలంవేడి వేడిగా..!,శీతాకాలంవేడి వేడిగా..!,3.8673017024993896
U694652,660727,10,2521059,చపాతీలతో తింటే భలే రుచి,చపాతీలతో తింటే భలే రుచి,3.8519954681396484
U695786,661986,1,2507347,ఇలా అలంకరిస్తే ,ఇలా అలంకరిస్తే,2.2564356327056885
U695786,661986,2,2507149,ఇలా అలంకరిస్తే ,ఇలా అలంకరిస్తే,2.2564356327056885
U695786,661986,3,2507430,ఇలా అలంకరిస్తే ,ఇలా అలంకరిస్తే,2.2564356327056885
U695786,661986,4,2541361,ఇంటిని అందంగా అలంకరిద్దాం!,ఇంటిని అందంగా అలంకరిద్దాం!,2.246760606765747
U695786,661986,5,2541389,అందంగా అలంకరిద్దాం!,అందంగా అలంకరిద్దాం!,2.228506326675415
U695786,661986,6,2505382,ఇల్లు విలాసవంతంగా,ఇల్లు విలాసవంతంగా,2.223151922225952
U695786,661986,7,2505205,ఇల్లు విలాసవంతంగా,ఇల్లు విలాసవంతంగా,2.223151922225952
U695786,661986,8,2492910,ఆర్గంజా అదరహో... ,ఆర్గంజా అదరహో...,2.2191569805145264
U695786,661986,9,2542748,మనం స్వేచ్ఛగానే ఉన్నామా?,మనం స్వేచ్ఛగానే ఉన్నామా?,2.1579039096832275
U695786,661986,10,2514605,పిల్లలు ఎవరితోనూ కలవడం లేదా?,పిల్లలు ఎవరితోనూ కలవడం లేదా?,2.1531589031219482
U695936,662153,1,937990,గోదాం దగ్ధం కేసులో ఇద్దరికి జైలుశిక్ష,గోదాం దగ్ధం కేసులో ఇద్దరికి జైలుశిక్ష,4.340614318847656
U695936,662153,2,2488130,రూ. 24 లక్షల బాణసంచా పట్టివేత,రూ. 24 లక్షల బాణసంచా పట్టివేత,4.337831497192383
U695936,662153,3,2521877,ఫేక్ బెయిల్తో జైలు నుంచి బయటకు,ఫేక్ బెయిల్తో జైలు నుంచి బయటకు,4.3228373527526855
U695936,662153,4,888063,అల్లుడిని చంపిన కేసులో మామ అరెస్టు,అల్లుడిని చంపిన కేసులో మామ అరెస్టు,4.322834491729736
U695936,662153,5,2521757,దొంగ.. బెయిల్,దొంగ.. బెయిల్,4.320104122161865
U695936,662153,6,910014,మహిళను వేధించిన కేసులో యువకుడు అరెస్టు,మహిళను వేధించిన కేసులో యువకుడు అరెస్టు,4.319514274597168
U695936,662153,7,991306,మైనర్ బాలిక హత్యచారం కేసులో నిందితుడు అరెస్టు,మైనర్ బాలిక హత్యచారం కేసులో నిందితుడు అరెస్టు,4.3193840980529785
U695936,662153,8,2485923,ముగ్గురు గంజాయి విక్రేతల అరెస్టు,ముగ్గురు గంజాయి విక్రేతల అరెస్టు,4.313333034515381
U695936,662153,9,2529405,చింతల్లో దారుణం,చింతల్లో దారుణం,4.3038859367370605
U695936,662153,10,543186,మహమ్మదాబాద్లో వ్యక్తి హత్య,మహమ్మదాబాద్లో వ్యక్తి హత్య,4.301283359527588
U69620,662447,1,2527035,బరువు పెరగాలంటే..! ,బరువు పెరగాలంటే..!,4.650691509246826
U69620,662447,2,2514604,ఇలా చేస్తే మెదడుకు హాని,ఇలా చేస్తే మెదడుకు హాని,4.6463623046875
U69620,662447,3,2514928,ఇలా చేస్తే మెదడుకు హాని,ఇలా చేస్తే మెదడుకు హాని,4.6463623046875
U69620,662447,4,2514456,ఇలా చేస్తే మెదడుకు హాని,ఇలా చేస్తే మెదడుకు హాని,4.6463623046875
U69620,662447,5,2504853,ఇన్ఫ్లమేషన్ ,ఇన్ఫ్లమేషన్,4.644712924957275
U69620,662447,6,2507941,బరువు తగ్గండిలా...,బరువు తగ్గండిలా...,4.644102573394775
U69620,662447,7,2508045,బరువు తగ్గండిలా...,బరువు తగ్గండిలా...,4.644102573394775
U69620,662447,8,2508244,బరువు తగ్గండిలా...,బరువు తగ్గండిలా...,4.644102573394775
U69620,662447,9,2527869,పండ్లు పరిమితంగానే...                        ,పండ్లు పరిమితంగానే...,4.643777847290039
U69620,662447,10,2528217,పండ్లు పరిమితంగానే...                        ,పండ్లు పరిమితంగానే...,4.643777847290039
U696951,663281,1,2526063,చలి కాలంలో,చలి కాలంలో,2.8207380771636963
U696951,663281,2,2525927,చలి కాలంలో,చలి కాలంలో,2.8207380771636963
U696951,663281,3,2483620,కాఫీ సందేశ్!,కాఫీ సందేశ్!,2.796086549758911
U696951,663281,4,2483693,కాఫీ సందేశ్!,కాఫీ సందేశ్!,2.796086549758911
U696951,663281,5,2483635,కాఫీ సందేశ్!,కాఫీ సందేశ్!,2.796086549758911
U696951,663281,6,2502885,ఆప్రికాట్ డిలైట్,ఆప్రికాట్ డిలైట్,2.783618688583374
U696951,663281,7,2503090,ఆప్రికాట్ డిలైట్,ఆప్రికాట్ డిలైట్,2.783618688583374
U696951,663281,8,2502779,ఆప్రికాట్ డిలైట్,ఆప్రికాట్ డిలైట్,2.783618688583374
U696951,663281,9,2516579,శీతాకాలంవేడి వేడిగా..!,శీతాకాలంవేడి వేడిగా..!,2.7485251426696777
U696951,663281,10,2521059,చపాతీలతో తింటే భలే రుచి,చపాతీలతో తింటే భలే రుచి,2.729682683944702
U69713,663480,1,2510849,హైటెక్ సిటీలో మరో స్టార్ హోటల్,హైటెక్ సిటీలో మరో స్టార్ హోటల్,2.204007863998413
U69713,663480,2,2510857,హైటెక్ సిటీలో మరో స్టార్ హోటల్,హైటెక్ సిటీలో మరో స్టార్ హోటల్,2.204007863998413
U69713,663480,3,2520361,బంజారాహిల్స్లో  లీలా లగ్జరీ హోటల్ ప్రారంభం,బంజారాహిల్స్లో లీలా లగ్జరీ హోటల్ ప్రారంభం,2.1994361877441406
U69713,663480,4,2533050,టూరిజం హబ్గా జిల్లా..,టూరిజం హబ్గా జిల్లా..,2.198547601699829
U69713,663480,5,2541455,పర్యాటకులు 1.92 కోట్లు,పర్యాటకులు 1.92 కోట్లు,2.1947829723358154
U69713,663480,6,2531693,విమానాశ్రయంలో పర్యాటక సమాచార కేంద్రం ,విమానాశ్రయంలో పర్యాటక సమాచార కేంద్రం,2.194169282913208
U69713,663480,7,2531541,విమానాశ్రయంలో పర్యాటక సమాచార కేంద్రం ,విమానాశ్రయంలో పర్యాటక సమాచార కేంద్రం,2.194169282913208
U69713,663480,8,2481807,హైదరాబాద్లో విదేశీ పర్యాటకులను ఆకర్షించే కట్టడాలు,హైదరాబాద్లో విదేశీ పర్యాటకులను ఆకర్షించే కట్టడాలు,2.1924402713775635
U69713,663480,9,2487595,కాజీపేట మీదుగా స్పెషల్ రైలు,కాజీపేట మీదుగా స్పెషల్ రైలు,2.19122576713562
U69713,663480,10,2504268,హంసలదీవిలో పర్యాటకుల సందడి,హంసలదీవిలో పర్యాటకుల సందడి,2.1903693675994873
U697392,663771,1,2505621,25 నుంచి పార్లమెంటు శీతాకాల సమావేశాలు,25 నుంచి పార్లమెంటు శీతాకాల సమావేశాలు,2.0256330966949463
U697392,663771,2,2528868,జమిలిపై ముందుకు!,జమిలిపై ముందుకు!,2.0239615440368652
U697392,663771,3,2518106,పార్లమెంటు ముందుకు,పార్లమెంటు ముందుకు,2.008004665374756
U697392,663771,4,2517765,పార్లమెంటు ముందుకు,పార్లమెంటు ముందుకు,2.008004665374756
U697392,663771,5,2518272,పార్లమెంటు ముందుకు,పార్లమెంటు ముందుకు,2.0016565322875977
U697392,663771,6,2503356,5న రాష్ట్రానికి రాహుల్,5న రాష్ట్రానికి రాహుల్,1.9965604543685913
U697392,663771,7,2505445,25 నుంచి పార్లమెంట్  శీతాకాల సమావేశాలు,25 నుంచి పార్లమెంట్ శీతాకాల సమావేశాలు,1.9962270259857178
U697392,663771,8,2505249,25 నుంచి పార్లమెంట్  శీతాకాల సమావేశాలు,25 నుంచి పార్లమెంట్ శీతాకాల సమావేశాలు,1.9962270259857178
U697392,663771,9,2518049,పార్లమెంటు ముందుకు 16 బిల్లులు!,పార్లమెంటు ముందుకు 16 బిల్లులు!,1.9954116344451904
U697392,663771,10,2517732,పార్లమెంటు ముందుకు 16 బిల్లులు!,పార్లమెంటు ముందుకు 16 బిల్లులు!,1.9954116344451904
U699240,665825,1,2507149,ఇలా అలంకరిస్తే ,ఇలా అలంకరిస్తే,4.117438793182373
U699240,665825,2,2507347,ఇలా అలంకరిస్తే ,ఇలా అలంకరిస్తే,4.117438793182373
U699240,665825,3,2507430,ఇలా అలంకరిస్తే ,ఇలా అలంకరిస్తే,4.117438793182373
U699240,665825,4,2492910,ఆర్గంజా అదరహో... ,ఆర్గంజా అదరహో...,4.080545902252197
U699240,665825,5,2541361,ఇంటిని అందంగా అలంకరిద్దాం!,ఇంటిని అందంగా అలంకరిద్దాం!,4.066997051239014
U699240,665825,6,2505205,ఇల్లు విలాసవంతంగా,ఇల్లు విలాసవంతంగా,4.027155876159668
U699240,665825,7,2505382,ఇల్లు విలాసవంతంగా,ఇల్లు విలాసవంతంగా,4.027155876159668
U699240,665825,8,2541389,అందంగా అలంకరిద్దాం!,అందంగా అలంకరిద్దాం!,4.0235276222229
U699240,665825,9,2542748,మనం స్వేచ్ఛగానే ఉన్నామా?,మనం స్వేచ్ఛగానే ఉన్నామా?,3.8991432189941406
U699240,665825,10,2514929,పిల్లలు ఎవరితోనూ కలవడం లేదా?,పిల్లలు ఎవరితోనూ కలవడం లేదా?,3.8903331756591797
U700438,667157,1,2527035,బరువు పెరగాలంటే..! ,బరువు పెరగాలంటే..!,3.8620710372924805
U700438,667157,2,2514928,ఇలా చేస్తే మెదడుకు హాని,ఇలా చేస్తే మెదడుకు హాని,3.85801100730896
U700438,667157,3,2514604,ఇలా చేస్తే మెదడుకు హాని,ఇలా చేస్తే మెదడుకు హాని,3.85801100730896
U700438,667157,4,2514456,ఇలా చేస్తే మెదడుకు హాని,ఇలా చేస్తే మెదడుకు హాని,3.85801100730896
U700438,667157,5,2504853,ఇన్ఫ్లమేషన్ ,ఇన్ఫ్లమేషన్,3.8569986820220947
U700438,667157,6,2528217,పండ్లు పరిమితంగానే...                        ,పండ్లు పరిమితంగానే...,3.85691237449646
U700438,667157,7,2527869,పండ్లు పరిమితంగానే...                        ,పండ్లు పరిమితంగానే...,3.85691237449646
U700438,667157,8,2527643,పండ్లు పరిమితంగానే...                        ,పండ్లు పరిమితంగానే...,3.85691237449646
U700438,667157,9,2507941,బరువు తగ్గండిలా...,బరువు తగ్గండిలా...,3.8566079139709473
U700438,667157,10,2508244,బరువు తగ్గండిలా...,బరువు తగ్గండిలా...,3.8566079139709473
U701108,667902,1,666456,ఇప్పట్లో ధోనీ రిటైర్ అవ్వడు : ఎమ్మెస్కే,ఇప్పట్లో ధోనీ రిటైర్ అవ్వడు : ఎమ్మెస్కే,3.8498284816741943
U701108,667902,2,540597,వెస్టిండీస్ పర్యటనకు భారత జట్టు ప్రకటన,వెస్టిండీస్ పర్యటనకు భారత జట్టు ప్రకటన,3.8497791290283203
U701108,667902,3,2529957,ఆకాశ్దీప్ ఆడేనా?,ఆకాశ్దీప్ ఆడేనా?,3.8497588634490967
U701108,667902,4,2529927,ఆకాశ్దీప్ ఆడేనా?,ఆకాశ్దీప్ ఆడేనా?,3.8497588634490967
U701108,667902,5,2530007,ఆకాశ్దీప్ ఆడేనా?,ఆకాశ్దీప్ ఆడేనా?,3.8497588634490967
U701108,667902,6,2543335,రోహిత్కు ముందే చెప్పేశారా?,రోహిత్కు ముందే చెప్పేశారా?,3.8493144512176514
U701108,667902,7,2543414,రోహిత్కు ముందే చెప్పేశారా?,రోహిత్కు ముందే చెప్పేశారా?,3.8493144512176514
U701108,667902,8,2542932,రోహిత్కు ముందే చెప్పేశారా?,రోహిత్కు ముందే చెప్పేశారా?,3.8493144512176514
U701108,667902,9,2509639, బుమ్రాకే పగ్గాలు!,బుమ్రాకే పగ్గాలు!,3.8491718769073486
U701108,667902,10,2509585, బుమ్రాకే పగ్గాలు!,బుమ్రాకే పగ్గాలు!,3.8491718769073486
U703417,670467,1,723423,Blur : ముగిసిన ' బ్లర్ ' చిత్రీకరణ,Blur : ముగిసిన ' బ్లర్ ' చిత్రీకరణ,2.849425792694092
U703417,670467,2,2540424,రొమాంటిక్ ఎంటర్టైనర్,రొమాంటిక్ ఎంటర్టైనర్,2.8487424850463867
U703417,670467,3,2540458,రొమాంటిక్ ఎంటర్టైనర్,రొమాంటిక్ ఎంటర్టైనర్,2.8487424850463867
U703417,670467,4,2540403,రొమాంటిక్ ఎంటర్టైనర్,రొమాంటిక్ ఎంటర్టైనర్,2.8487424850463867
U703417,670467,5,800065,‘మహానటి’ రిలీజ్ డేట్ ఫిక్స్,‘మహానటి’ రిలీజ్ డేట్ ఫిక్స్,2.847519874572754
U703417,670467,6,666637,రానా ' హిరణ్య కశ్యప’ మూవీ నుంచి లేటెస్ట్ అప్డేట్ !,రానా ' హిరణ్య కశ్యప’ మూవీ నుంచి లేటెస్ట్ అప్డేట్ !,2.8474538326263428
U703417,670467,7,220395,"నారా రోహిత్ , సుధీర్ బాబు , శ్రీవిష్ణు మల్టీ స్టారర్ ... ‘వీర భోగ వసంత రాయలు’","నారా రోహిత్ , సుధీర్ బాబు , శ్రీవిష్ణు మల్టీ స్టారర్ ... ‘వీర భోగ వసంత రాయలు’",2.8472506999969482
U703417,670467,8,421537,ఈ నెల 17 న రానున్న ' అర్జున్ సురవరం ',ఈ నెల 17 న రానున్న ' అర్జున్ సురవరం ',2.8455543518066406
U703417,670467,9,2501479,క్రిస్మస్ కోసం సిద్ధం,క్రిస్మస్ కోసం సిద్ధం,2.84501576423645
U703417,670467,10,2501726,క్రిస్మస్ కోసం సిద్ధం,క్రిస్మస్ కోసం సిద్ధం,2.84501576423645
U705023,672252,1,2483501,పండగ సీజన్పై ‘ఆటో’ ఆశలు,పండగ సీజన్పై ‘ఆటో’ ఆశలు,4.275763988494873
U705023,672252,2,2483429,పండగ సీజన్పై ‘ఆటో’ ఆశలు,పండగ సీజన్పై ‘ఆటో’ ఆశలు,4.275763988494873
U705023,672252,3,2483772,పండగ సీజన్పై ‘ఆటో’ ఆశలు,పండగ సీజన్పై ‘ఆటో’ ఆశలు,4.275763988494873
U705023,672252,4,2523399,స్కోడా కైలాక్ బుకింగ్స్ షురూ,స్కోడా కైలాక్ బుకింగ్స్ షురూ,4.273524284362793
U705023,672252,5,2523169,స్కోడా కైలాక్ బుకింగ్స్ షురూ,స్కోడా కైలాక్ బుకింగ్స్ షురూ,4.273524284362793
U705023,672252,6,2522969,స్కోడా కైలాక్ బుకింగ్స్ షురూ,స్కోడా కైలాక్ బుకింగ్స్ షురూ,4.273524284362793
U705023,672252,7,2524309,హోండా అమేజ్ కొత్త వెర్షన్,హోండా అమేజ్ కొత్త వెర్షన్,4.264707088470459
U705023,672252,8,2524477,హోండా అమేజ్ కొత్త వెర్షన్,హోండా అమేజ్ కొత్త వెర్షన్,4.264707088470459
U705023,672252,9,2524737,హోండా అమేజ్ కొత్త వెర్షన్,హోండా అమేజ్ కొత్త వెర్షన్,4.264707088470459
U705023,672252,10,2510782,మారుతి సుజుకి ’న్యూ ఆల్ డిజైర్’ కారు విడుదల,మారుతి సుజుకి ’న్యూ ఆల్ డిజైర్’ కారు విడుదల,4.250895023345947
U705065,672298,1,723423,Blur : ముగిసిన ' బ్లర్ ' చిత్రీకరణ,Blur : ముగిసిన ' బ్లర్ ' చిత్రీకరణ,3.9317026138305664
U705065,672298,2,2540403,రొమాంటిక్ ఎంటర్టైనర్,రొమాంటిక్ ఎంటర్టైనర్,3.9282100200653076
U705065,672298,3,2540458,రొమాంటిక్ ఎంటర్టైనర్,రొమాంటిక్ ఎంటర్టైనర్,3.9282100200653076
U705065,672298,4,2540424,రొమాంటిక్ ఎంటర్టైనర్,రొమాంటిక్ ఎంటర్టైనర్,3.9282100200653076
U705065,672298,5,220395,"నారా రోహిత్ , సుధీర్ బాబు , శ్రీవిష్ణు మల్టీ స్టారర్ ... ‘వీర భోగ వసంత రాయలు’","నారా రోహిత్ , సుధీర్ బాబు , శ్రీవిష్ణు మల్టీ స్టారర్ ... ‘వీర భోగ వసంత రాయలు’",3.9281795024871826
U705065,672298,6,666637,రానా ' హిరణ్య కశ్యప’ మూవీ నుంచి లేటెస్ట్ అప్డేట్ !,రానా ' హిరణ్య కశ్యప’ మూవీ నుంచి లేటెస్ట్ అప్డేట్ !,3.926945447921753
U705065,672298,7,800065,‘మహానటి’ రిలీజ్ డేట్ ఫిక్స్,‘మహానటి’ రిలీజ్ డేట్ ఫిక్స్,3.926868438720703
U705065,672298,8,749944,అల్లు శిరీష్ ఏబీసీడీ సినిమా ట్రైలర్ ఏప్రిల్ 15న,అల్లు శిరీష్ ఏబీసీడీ సినిమా ట్రైలర్ ఏప్రిల్ 15న,3.9251232147216797
U705065,672298,9,668574,‘స్టూడెంట్ ఆఫ్ ద ఇయర్ 2’  సినిమా ట్రైలర్ విడుదల,‘స్టూడెంట్ ఆఫ్ ద ఇయర్ 2’ సినిమా ట్రైలర్ విడుదల,3.9234631061553955
U705065,672298,10,2501726,క్రిస్మస్ కోసం సిద్ధం,క్రిస్మస్ కోసం సిద్ధం,3.923250913619995
U706433,673818,1,2527035,బరువు పెరగాలంటే..! ,బరువు పెరగాలంటే..!,4.723793983459473
U706433,673818,2,2514456,ఇలా చేస్తే మెదడుకు హాని,ఇలా చేస్తే మెదడుకు హాని,4.719048023223877
U706433,673818,3,2514604,ఇలా చేస్తే మెదడుకు హాని,ఇలా చేస్తే మెదడుకు హాని,4.719048023223877
U706433,673818,4,2514928,ఇలా చేస్తే మెదడుకు హాని,ఇలా చేస్తే మెదడుకు హాని,4.719048023223877
U706433,673818,5,2508244,బరువు తగ్గండిలా...,బరువు తగ్గండిలా...,4.717334747314453
U706433,673818,6,2508045,బరువు తగ్గండిలా...,బరువు తగ్గండిలా...,4.717334747314453
U706433,673818,7,2507941,బరువు తగ్గండిలా...,బరువు తగ్గండిలా...,4.717334747314453
U706433,673818,8,2504853,ఇన్ఫ్లమేషన్ ,ఇన్ఫ్లమేషన్,4.717013835906982
U706433,673818,9,2527869,పండ్లు పరిమితంగానే...                        ,పండ్లు పరిమితంగానే...,4.716616630554199
U706433,673818,10,2527643,పండ్లు పరిమితంగానే...                        ,పండ్లు పరిమితంగానే...,4.716616630554199
U712113,679900,1,2508608,హాట్ హిట్స్ ,హాట్ హిట్స్,0.6117796897888184
U712113,679900,2,2508601,హాట్ హిట్స్ ,హాట్ హిట్స్,0.6117796897888184
U712113,679900,3,2508615,హాట్ హిట్స్ ,హాట్ హిట్స్,0.6117796897888184
U712113,679900,4,2513089,హాట్ హిట్స్,హాట్ హిట్స్,0.6117324829101562
U712113,679900,5,2513068,హాట్ హిట్స్,హాట్ హిట్స్,0.6117324829101562
U712113,679900,6,2513315,హాట్ హిట్స్,హాట్ హిట్స్,0.6117324829101562
U712113,679900,7,2515130,ఆమె కూడా భర్తకు విడాకులు ఇచ్చింది,ఆమె కూడా భర్తకు విడాకులు ఇచ్చింది,0.6112334728240967
U712113,679900,8,2515611,ఆమె కూడా భర్తకు విడాకులు ఇచ్చింది,ఆమె కూడా భర్తకు విడాకులు ఇచ్చింది,0.6112334728240967
U712113,679900,9,2515400,ఆమె కూడా భర్తకు విడాకులు ఇచ్చింది,ఆమె కూడా భర్తకు విడాకులు ఇచ్చింది,0.6112334728240967
U712113,679900,10,2527338,హాట్ హిట్స్,హాట్ హిట్స్,0.6081183552742004
U714683,682041,1,2508601,హాట్ హిట్స్ ,హాట్ హిట్స్,0.6135421395301819
U714683,682041,2,2508615,హాట్ హిట్స్ ,హాట్ హిట్స్,0.6135421395301819
U714683,682041,3,2508608,హాట్ హిట్స్ ,హాట్ హిట్స్,0.6135421395301819
U714683,682041,4,2513068,హాట్ హిట్స్,హాట్ హిట్స్,0.613479733467102
U714683,682041,5,2513315,హాట్ హిట్స్,హాట్ హిట్స్,0.613479733467102
U714683,682041,6,2513089,హాట్ హిట్స్,హాట్ హిట్స్,0.613479733467102
U714683,682041,7,2515611,ఆమె కూడా భర్తకు విడాకులు ఇచ్చింది,ఆమె కూడా భర్తకు విడాకులు ఇచ్చింది,0.6130524277687073
U714683,682041,8,2515400,ఆమె కూడా భర్తకు విడాకులు ఇచ్చింది,ఆమె కూడా భర్తకు విడాకులు ఇచ్చింది,0.6130524277687073
U714683,682041,9,2515130,ఆమె కూడా భర్తకు విడాకులు ఇచ్చింది,ఆమె కూడా భర్తకు విడాకులు ఇచ్చింది,0.6130524277687073
U714683,682041,10,2527338,హాట్ హిట్స్,హాట్ హిట్స్,0.6099521517753601
U717583,684500,1,2508601,హాట్ హిట్స్ ,హాట్ హిట్స్,0.5648736357688904
U717583,684500,2,2508615,హాట్ హిట్స్ ,హాట్ హిట్స్,0.5648736357688904
U717583,684500,3,2508608,హాట్ హిట్స్ ,హాట్ హిట్స్,0.5648736357688904
U717583,684500,4,2513089,హాట్ హిట్స్,హాట్ హిట్స్,0.5647774934768677
U717583,684500,5,2513315,హాట్ హిట్స్,హాట్ హిట్స్,0.5647774934768677
U717583,684500,6,2513068,హాట్ హిట్స్,హాట్ హిట్స్,0.5647774934768677
U717583,684500,7,2515130,ఆమె కూడా భర్తకు విడాకులు ఇచ్చింది,ఆమె కూడా భర్తకు విడాకులు ఇచ్చింది,0.564720094203949
U717583,684500,8,2515400,ఆమె కూడా భర్తకు విడాకులు ఇచ్చింది,ఆమె కూడా భర్తకు విడాకులు ఇచ్చింది,0.564720094203949
U717583,684500,9,2515611,ఆమె కూడా భర్తకు విడాకులు ఇచ్చింది,ఆమె కూడా భర్తకు విడాకులు ఇచ్చింది,0.564720094203949
U717583,684500,10,2527427,హాట్ హిట్స్,హాట్ హిట్స్,0.5612184405326843
U719060,685735,1,2508608,హాట్ హిట్స్ ,హాట్ హిట్స్,0.6704258918762207
U719060,685735,2,2508601,హాట్ హిట్స్ ,హాట్ హిట్స్,0.6704258918762207
U719060,685735,3,2508615,హాట్ హిట్స్ ,హాట్ హిట్స్,0.6704258918762207
U719060,685735,4,2513089,హాట్ హిట్స్,హాట్ హిట్స్,0.6704202890396118
U719060,685735,5,2513068,హాట్ హిట్స్,హాట్ హిట్స్,0.6704202890396118
U719060,685735,6,2513315,హాట్ హిట్స్,హాట్ హిట్స్,0.6704202890396118
U719060,685735,7,2515400,ఆమె కూడా భర్తకు విడాకులు ఇచ్చింది,ఆమె కూడా భర్తకు విడాకులు ఇచ్చింది,0.6695355176925659
U719060,685735,8,2515611,ఆమె కూడా భర్తకు విడాకులు ఇచ్చింది,ఆమె కూడా భర్తకు విడాకులు ఇచ్చింది,0.6695355176925659
U719060,685735,9,2515130,ఆమె కూడా భర్తకు విడాకులు ఇచ్చింది,ఆమె కూడా భర్తకు విడాకులు ఇచ్చింది,0.6695355176925659
U719060,685735,10,2527338,హాట్ హిట్స్,హాట్ హిట్స్,0.6667652726173401
U722275,688450,1,2508601,హాట్ హిట్స్ ,హాట్ హిట్స్,0.5550827383995056
U722275,688450,2,2508608,హాట్ హిట్స్ ,హాట్ హిట్స్,0.5550827383995056
U722275,688450,3,2508615,హాట్ హిట్స్ ,హాట్ హిట్స్,0.5550827383995056
U722275,688450,4,2513089,హాట్ హిట్స్,హాట్ హిట్స్,0.5550140142440796
U722275,688450,5,2513315,హాట్ హిట్స్,హాట్ హిట్స్,0.5550140142440796
U722275,688450,6,2513068,హాట్ హిట్స్,హాట్ హిట్స్,0.5550140142440796
U722275,688450,7,2515611,ఆమె కూడా భర్తకు విడాకులు ఇచ్చింది,ఆమె కూడా భర్తకు విడాకులు ఇచ్చింది,0.5549426674842834
U722275,688450,8,2515400,ఆమె కూడా భర్తకు విడాకులు ఇచ్చింది,ఆమె కూడా భర్తకు విడాకులు ఇచ్చింది,0.5549426674842834
U722275,688450,9,2515130,ఆమె కూడా భర్తకు విడాకులు ఇచ్చింది,ఆమె కూడా భర్తకు విడాకులు ఇచ్చింది,0.5549426674842834
U722275,688450,10,2527338,హాట్ హిట్స్,హాట్ హిట్స్,0.5516439080238342
U726695,692185,1,386042,‘మాస్టర్ చెఫ్’కి హోస్ట్ గా తమన్నా !,‘మాస్టర్ చెఫ్’కి హోస్ట్ గా తమన్నా !,0.528761625289917
U726695,692185,2,2524584,మహిళ మృతి,మహిళ మృతి,0.5205786228179932
U726695,692185,3,2524541,మహిళ మృతి,మహిళ మృతి,0.5149803757667542
U726695,692185,4,335747,వెబ్ సిరీస్ లోకి హీరో సూర్య ఎంట్రీ,వెబ్ సిరీస్ లోకి హీరో సూర్య ఎంట్రీ,0.5130778551101685
U726695,692185,5,2515611,ఆమె కూడా భర్తకు విడాకులు ఇచ్చింది,ఆమె కూడా భర్తకు విడాకులు ఇచ్చింది,0.5096815228462219
U726695,692185,6,2515400,ఆమె కూడా భర్తకు విడాకులు ఇచ్చింది,ఆమె కూడా భర్తకు విడాకులు ఇచ్చింది,0.5096815228462219
U726695,692185,7,2515130,ఆమె కూడా భర్తకు విడాకులు ఇచ్చింది,ఆమె కూడా భర్తకు విడాకులు ఇచ్చింది,0.5096815228462219
U726695,692185,8,2508601,హాట్ హిట్స్ ,హాట్ హిట్స్,0.5092917680740356
U726695,692185,9,2508615,హాట్ హిట్స్ ,హాట్ హిట్స్,0.5092917680740356
U726695,692185,10,2508608,హాట్ హిట్స్ ,హాట్ హిట్స్,0.5092917680740356
U726860,692327,1,2508601,హాట్ హిట్స్ ,హాట్ హిట్స్,0.4965767562389374
U726860,692327,2,2508615,హాట్ హిట్స్ ,హాట్ హిట్స్,0.4965767562389374
U726860,692327,3,2508608,హాట్ హిట్స్ ,హాట్ హిట్స్,0.4965767562389374
U726860,692327,4,2513089,హాట్ హిట్స్,హాట్ హిట్స్,0.4964480400085449
U726860,692327,5,2513315,హాట్ హిట్స్,హాట్ హిట్స్,0.4964480400085449
U726860,692327,6,2513068,హాట్ హిట్స్,హాట్ హిట్స్,0.4964480400085449
U726860,692327,7,2515611,ఆమె కూడా భర్తకు విడాకులు ఇచ్చింది,ఆమె కూడా భర్తకు విడాకులు ఇచ్చింది,0.49608972668647766
U726860,692327,8,2515130,ఆమె కూడా భర్తకు విడాకులు ఇచ్చింది,ఆమె కూడా భర్తకు విడాకులు ఇచ్చింది,0.49608972668647766
U726860,692327,9,2515400,ఆమె కూడా భర్తకు విడాకులు ఇచ్చింది,ఆమె కూడా భర్తకు విడాకులు ఇచ్చింది,0.49608972668647766
U726860,692327,10,2527338,హాట్ హిట్స్,హాట్ హిట్స్,0.4933932423591614
U732663,697196,1,2508608,హాట్ హిట్స్ ,హాట్ హిట్స్,0.6021604537963867
U732663,697196,2,2508601,హాట్ హిట్స్ ,హాట్ హిట్స్,0.6021604537963867
U732663,697196,3,2508615,హాట్ హిట్స్ ,హాట్ హిట్స్,0.6021604537963867
U732663,697196,4,2513068,హాట్ హిట్స్,హాట్ హిట్స్,0.602135419845581
U732663,697196,5,2513089,హాట్ హిట్స్,హాట్ హిట్స్,0.602135419845581
U732663,697196,6,2513315,హాట్ హిట్స్,హాట్ హిట్స్,0.602135419845581
U732663,697196,7,2515611,ఆమె కూడా భర్తకు విడాకులు ఇచ్చింది,ఆమె కూడా భర్తకు విడాకులు ఇచ్చింది,0.6018435955047607
U732663,697196,8,2515130,ఆమె కూడా భర్తకు విడాకులు ఇచ్చింది,ఆమె కూడా భర్తకు విడాకులు ఇచ్చింది,0.6018435955047607
U732663,697196,9,2515400,ఆమె కూడా భర్తకు విడాకులు ఇచ్చింది,ఆమె కూడా భర్తకు విడాకులు ఇచ్చింది,0.6018435955047607
U732663,697196,10,2527427,హాట్ హిట్స్,హాట్ హిట్స్,0.598828911781311
U73835,701978,1,2499551,"ఐసీఐసీఐ బ్యాంక్  లాభం రూ.11,746 కోట్లు ","ఐసీఐసీఐ బ్యాంక్ లాభం రూ.11,746 కోట్లు",1.9675647020339966
U73835,701978,2,2494006,"ఇన్ఫీ లాభం రూ.6,506 కోట్లు","ఇన్ఫీ లాభం రూ.6,506 కోట్లు",1.9675054550170898
U73835,701978,3,2493810,"ఇన్ఫీ లాభం రూ.6,506 కోట్లు","ఇన్ఫీ లాభం రూ.6,506 కోట్లు",1.9675054550170898
U73835,701978,4,2493695,"ఇన్ఫీ లాభం రూ.6,506 కోట్లు","ఇన్ఫీ లాభం రూ.6,506 కోట్లు",1.9675054550170898
U73835,701978,5,2526025,ఐదు రోజుల ర్యాలీకి బ్రేక్ ,ఐదు రోజుల ర్యాలీకి బ్రేక్,1.9671214818954468
U73835,701978,6,2525867,ఐదు రోజుల ర్యాలీకి బ్రేక్ ,ఐదు రోజుల ర్యాలీకి బ్రేక్,1.9671214818954468
U73835,701978,7,2526227,ఐదు రోజుల ర్యాలీకి బ్రేక్ ,ఐదు రోజుల ర్యాలీకి బ్రేక్,1.9671214818954468
U73835,701978,8,2511446,రెండేళ్ల గరిష్ఠానికి ఎగుమతులు,రెండేళ్ల గరిష్ఠానికి ఎగుమతులు,1.9668076038360596
U73835,701978,9,2541167,ఏడాదిలో రూ.77.6 లక్షల కోట్లు ,ఏడాదిలో రూ.77.6 లక్షల కోట్లు,1.9665347337722778
U73835,701978,10,2541219,ఏడాదిలో రూ.77.6 లక్షల కోట్లు ,ఏడాదిలో రూ.77.6 లక్షల కోట్లు,1.9665347337722778
U744420,707157,1,2508615,హాట్ హిట్స్ ,హాట్ హిట్స్,0.552511990070343
U744420,707157,2,2508601,హాట్ హిట్స్ ,హాట్ హిట్స్,0.552511990070343
U744420,707157,3,2508608,హాట్ హిట్స్ ,హాట్ హిట్స్,0.552511990070343
U744420,707157,4,2513089,హాట్ హిట్స్,హాట్ హిట్స్,0.5523980259895325
U744420,707157,5,2513068,హాట్ హిట్స్,హాట్ హిట్స్,0.5523980259895325
U744420,707157,6,2513315,హాట్ హిట్స్,హాట్ హిట్స్,0.5523980259895325
U744420,707157,7,2515400,ఆమె కూడా భర్తకు విడాకులు ఇచ్చింది,ఆమె కూడా భర్తకు విడాకులు ఇచ్చింది,0.5516906380653381
U744420,707157,8,2515611,ఆమె కూడా భర్తకు విడాకులు ఇచ్చింది,ఆమె కూడా భర్తకు విడాకులు ఇచ్చింది,0.5516906380653381
U744420,707157,9,2515130,ఆమె కూడా భర్తకు విడాకులు ఇచ్చింది,ఆమె కూడా భర్తకు విడాకులు ఇచ్చింది,0.5516906380653381
U744420,707157,10,2527189,హాట్ హిట్స్,హాట్ హిట్స్,0.548998236656189
U747287,709583,1,2508608,హాట్ హిట్స్ ,హాట్ హిట్స్,0.5599987506866455
U747287,709583,2,2508601,హాట్ హిట్స్ ,హాట్ హిట్స్,0.5599987506866455
U747287,709583,3,2508615,హాట్ హిట్స్ ,హాట్ హిట్స్,0.5599987506866455
U747287,709583,4,2513089,హాట్ హిట్స్,హాట్ హిట్స్,0.5599179863929749
U747287,709583,5,2513315,హాట్ హిట్స్,హాట్ హిట్స్,0.5599179863929749
U747287,709583,6,2513068,హాట్ హిట్స్,హాట్ హిట్స్,0.5599179863929749
U747287,709583,7,2515611,ఆమె కూడా భర్తకు విడాకులు ఇచ్చింది,ఆమె కూడా భర్తకు విడాకులు ఇచ్చింది,0.5596545338630676
U747287,709583,8,2515130,ఆమె కూడా భర్తకు విడాకులు ఇచ్చింది,ఆమె కూడా భర్తకు విడాకులు ఇచ్చింది,0.5596545338630676
U747287,709583,9,2515400,ఆమె కూడా భర్తకు విడాకులు ఇచ్చింది,ఆమె కూడా భర్తకు విడాకులు ఇచ్చింది,0.5596545338630676
U747287,709583,10,2527338,హాట్ హిట్స్,హాట్ హిట్స్,0.5565325021743774
U747715,709958,1,2508608,హాట్ హిట్స్ ,హాట్ హిట్స్,0.6501163244247437
U747715,709958,2,2508601,హాట్ హిట్స్ ,హాట్ హిట్స్,0.6501163244247437
U747715,709958,3,2508615,హాట్ హిట్స్ ,హాట్ హిట్స్,0.6501163244247437
U747715,709958,4,2513089,హాట్ హిట్స్,హాట్ హిట్స్,0.6500809788703918
U747715,709958,5,2513068,హాట్ హిట్స్,హాట్ హిట్స్,0.6500809788703918
U747715,709958,6,2513315,హాట్ హిట్స్,హాట్ హిట్స్,0.6500809788703918
U747715,709958,7,2515400,ఆమె కూడా భర్తకు విడాకులు ఇచ్చింది,ఆమె కూడా భర్తకు విడాకులు ఇచ్చింది,0.6494278311729431
U747715,709958,8,2515130,ఆమె కూడా భర్తకు విడాకులు ఇచ్చింది,ఆమె కూడా భర్తకు విడాకులు ఇచ్చింది,0.6494278311729431
U747715,709958,9,2515611,ఆమె కూడా భర్తకు విడాకులు ఇచ్చింది,ఆమె కూడా భర్తకు విడాకులు ఇచ్చింది,0.6494278311729431
U747715,709958,10,2527427,హాట్ హిట్స్,హాట్ హిట్స్,0.6463427543640137
U74939,711369,1,2535594,మళ్లీ వస్తోన్న స్క్విడ్ గేమ్,మళ్లీ వస్తోన్న స్క్విడ్ గేమ్,3.4671261310577393
U74939,711369,2,2543810,"సినిమాలో కథ, కథనం బాగుంటేనే ఆదరణ","సినిమాలో కథ, కథనం బాగుంటేనే ఆదరణ",3.0077812671661377
U74939,711369,3,576164,యూత్ఫుల్ లవ్ ఎంటర్టైనర్,యూత్ఫుల్ లవ్ ఎంటర్టైనర్,2.973829507827759
U74939,711369,4,2533806,రచయిత ‘కాటూరు’ అస్తమయం ,రచయిత ‘కాటూరు’ అస్తమయం,2.9723222255706787
U74939,711369,5,2536886, అధికంగా టిక్కెట్లు అమ్ముడైన సినిమాలు,అధికంగా టిక్కెట్లు అమ్ముడైన సినిమాలు,2.9679198265075684
U74939,711369,6,2536984, అధికంగా టిక్కెట్లు అమ్ముడైన సినిమాలు,అధికంగా టిక్కెట్లు అమ్ముడైన సినిమాలు,2.9679198265075684
U74939,711369,7,874252,మార్జావాన్ – ఫస్ట్ లుక్,మార్జావాన్ – ఫస్ట్ లుక్,2.96490216255188
U74939,711369,8,908576,ఫాస్ట్ అండ్ ఫ్యూరియస్ : హాబ్స్ అండ్ షా ( తెలుగు ట్రైలర్ ),ఫాస్ట్ అండ్ ఫ్యూరియస్ : హాబ్స్ అండ్ షా ( తెలుగు ట్రైలర్ ),2.9642186164855957
U74939,711369,9,812682,ఉప్పెనలా రాబోతున్న విజయ్ సేతుపతి .. సమ్మర్ లోనే 4 సినిమాలు !,ఉప్పెనలా రాబోతున్న విజయ్ సేతుపతి .. సమ్మర్ లోనే 4 సినిమాలు !,2.959120512008667
U74939,711369,10,540995,తెలుగులో రిలీజ్ కానున్న ' దియా ',తెలుగులో రిలీజ్ కానున్న ' దియా ',2.95812726020813
U753361,715486,1,2508608,హాట్ హిట్స్ ,హాట్ హిట్స్,0.6386343836784363
U753361,715486,2,2508615,హాట్ హిట్స్ ,హాట్ హిట్స్,0.6386343836784363
U753361,715486,3,2508601,హాట్ హిట్స్ ,హాట్ హిట్స్,0.6386343836784363
U753361,715486,4,2513089,హాట్ హిట్స్,హాట్ హిట్స్,0.638593852519989
U753361,715486,5,2513068,హాట్ హిట్స్,హాట్ హిట్స్,0.638593852519989
U753361,715486,6,2513315,హాట్ హిట్స్,హాట్ హిట్స్,0.638593852519989
U753361,715486,7,2515611,ఆమె కూడా భర్తకు విడాకులు ఇచ్చింది,ఆమె కూడా భర్తకు విడాకులు ఇచ్చింది,0.6384143233299255
U753361,715486,8,2515400,ఆమె కూడా భర్తకు విడాకులు ఇచ్చింది,ఆమె కూడా భర్తకు విడాకులు ఇచ్చింది,0.6384143233299255
U753361,715486,9,2515130,ఆమె కూడా భర్తకు విడాకులు ఇచ్చింది,ఆమె కూడా భర్తకు విడాకులు ఇచ్చింది,0.6384143233299255
U753361,715486,10,2527189,హాట్ హిట్స్,హాట్ హిట్స్,0.634863555431366
U75337,715495,1,2494006,"ఇన్ఫీ లాభం రూ.6,506 కోట్లు","ఇన్ఫీ లాభం రూ.6,506 కోట్లు",2.9444704055786133
U75337,715495,2,2493810,"ఇన్ఫీ లాభం రూ.6,506 కోట్లు","ఇన్ఫీ లాభం రూ.6,506 కోట్లు",2.9444704055786133
U75337,715495,3,2493695,"ఇన్ఫీ లాభం రూ.6,506 కోట్లు","ఇన్ఫీ లాభం రూ.6,506 కోట్లు",2.9444704055786133
U75337,715495,4,2499551,"ఐసీఐసీఐ బ్యాంక్  లాభం రూ.11,746 కోట్లు ","ఐసీఐసీఐ బ్యాంక్ లాభం రూ.11,746 కోట్లు",2.9439306259155273
U75337,715495,5,2541167,ఏడాదిలో రూ.77.6 లక్షల కోట్లు ,ఏడాదిలో రూ.77.6 లక్షల కోట్లు,2.9434685707092285
U75337,715495,6,2541219,ఏడాదిలో రూ.77.6 లక్షల కోట్లు ,ఏడాదిలో రూ.77.6 లక్షల కోట్లు,2.9434685707092285
U75337,715495,7,2541551,ఏడాదిలో రూ.77.6 లక్షల కోట్లు ,ఏడాదిలో రూ.77.6 లక్షల కోట్లు,2.9434685707092285
U75337,715495,8,2526227,ఐదు రోజుల ర్యాలీకి బ్రేక్ ,ఐదు రోజుల ర్యాలీకి బ్రేక్,2.9425852298736572
U75337,715495,9,2526025,ఐదు రోజుల ర్యాలీకి బ్రేక్ ,ఐదు రోజుల ర్యాలీకి బ్రేక్,2.9425852298736572
U75337,715495,10,2525867,ఐదు రోజుల ర్యాలీకి బ్రేక్ ,ఐదు రోజుల ర్యాలీకి బ్రేక్,2.9425852298736572
U757166,719713,1,2508608,హాట్ హిట్స్ ,హాట్ హిట్స్,0.637795627117157
U757166,719713,2,2508601,హాట్ హిట్స్ ,హాట్ హిట్స్,0.637795627117157
U757166,719713,3,2508615,హాట్ హిట్స్ ,హాట్ హిట్స్,0.637795627117157
U757166,719713,4,2513068,హాట్ హిట్స్,హాట్ హిట్స్,0.6377699375152588
U757166,719713,5,2513089,హాట్ హిట్స్,హాట్ హిట్స్,0.6377699375152588
U757166,719713,6,2513315,హాట్ హిట్స్,హాట్ హిట్స్,0.6377699375152588
U757166,719713,7,2515130,ఆమె కూడా భర్తకు విడాకులు ఇచ్చింది,ఆమె కూడా భర్తకు విడాకులు ఇచ్చింది,0.6369788646697998
U757166,719713,8,2515400,ఆమె కూడా భర్తకు విడాకులు ఇచ్చింది,ఆమె కూడా భర్తకు విడాకులు ఇచ్చింది,0.6369788646697998
U757166,719713,9,2515611,ఆమె కూడా భర్తకు విడాకులు ఇచ్చింది,ఆమె కూడా భర్తకు విడాకులు ఇచ్చింది,0.6369788646697998
U757166,719713,10,2527189,హాట్ హిట్స్,హాట్ హిట్స్,0.6341145038604736
U759945,722800,1,2508615,హాట్ హిట్స్ ,హాట్ హిట్స్,0.6451306343078613
U759945,722800,2,2508608,హాట్ హిట్స్ ,హాట్ హిట్స్,0.6451306343078613
U759945,722800,3,2508601,హాట్ హిట్స్ ,హాట్ హిట్స్,0.6451306343078613
U759945,722800,4,2513315,హాట్ హిట్స్,హాట్ హిట్స్,0.6450777649879456
U759945,722800,5,2513089,హాట్ హిట్స్,హాట్ హిట్స్,0.6450777649879456
U759945,722800,6,2513068,హాట్ హిట్స్,హాట్ హిట్స్,0.6450777649879456
U759945,722800,7,2515611,ఆమె కూడా భర్తకు విడాకులు ఇచ్చింది,ఆమె కూడా భర్తకు విడాకులు ఇచ్చింది,0.6445710062980652
U759945,722800,8,2515400,ఆమె కూడా భర్తకు విడాకులు ఇచ్చింది,ఆమె కూడా భర్తకు విడాకులు ఇచ్చింది,0.6445710062980652
U759945,722800,9,2515130,ఆమె కూడా భర్తకు విడాకులు ఇచ్చింది,ఆమె కూడా భర్తకు విడాకులు ఇచ్చింది,0.6445710062980652
U759945,722800,10,2527189,హాట్ హిట్స్,హాట్ హిట్స్,0.6411603093147278
U76000,722863,1,2483772,పండగ సీజన్పై ‘ఆటో’ ఆశలు,పండగ సీజన్పై ‘ఆటో’ ఆశలు,2.0774753093719482
U76000,722863,2,2483429,పండగ సీజన్పై ‘ఆటో’ ఆశలు,పండగ సీజన్పై ‘ఆటో’ ఆశలు,2.0774753093719482
U76000,722863,3,2483501,పండగ సీజన్పై ‘ఆటో’ ఆశలు,పండగ సీజన్పై ‘ఆటో’ ఆశలు,2.0774753093719482
U76000,722863,4,2523169,స్కోడా కైలాక్ బుకింగ్స్ షురూ,స్కోడా కైలాక్ బుకింగ్స్ షురూ,2.076127529144287
U76000,722863,5,2523399,స్కోడా కైలాక్ బుకింగ్స్ షురూ,స్కోడా కైలాక్ బుకింగ్స్ షురూ,2.076127529144287
U76000,722863,6,2522969,స్కోడా కైలాక్ బుకింగ్స్ షురూ,స్కోడా కైలాక్ బుకింగ్స్ షురూ,2.076127529144287
U76000,722863,7,2524737,హోండా అమేజ్ కొత్త వెర్షన్,హోండా అమేజ్ కొత్త వెర్షన్,2.072686195373535
U76000,722863,8,2524309,హోండా అమేజ్ కొత్త వెర్షన్,హోండా అమేజ్ కొత్త వెర్షన్,2.072686195373535
U76000,722863,9,2524477,హోండా అమేజ్ కొత్త వెర్షన్,హోండా అమేజ్ కొత్త వెర్షన్,2.072686195373535
U76000,722863,10,2486891,మార్కెట్లోకి బీఎండబ్ల్యూ ఎం4 సీఎస్,మార్కెట్లోకి బీఎండబ్ల్యూ ఎం4 సీఎస్,2.0668387413024902
U760328,723227,1,2519719,‘ఇస్కాన్’పై బంగ్లాదేశ్లో నిషేధం?,‘ఇస్కాన్’పై బంగ్లాదేశ్లో నిషేధం?,0.5343099236488342
U760328,723227,2,2519811,‘ఇస్కాన్’పై బంగ్లాదేశ్లో నిషేధం?,‘ఇస్కాన్’పై బంగ్లాదేశ్లో నిషేధం?,0.5343099236488342
U760328,723227,3,2505088,కెనడాలో హిందూ  ఆలయంపై దాడి,కెనడాలో హిందూ ఆలయంపై దాడి,0.5340175628662109
U760328,723227,4,2504924,కెనడాలో హిందూ  ఆలయంపై దాడి,కెనడాలో హిందూ ఆలయంపై దాడి,0.5340175628662109
U760328,723227,5,2520014,‘ఇస్కాన్’పై బంగ్లాదేశ్లో నిషేధం!,‘ఇస్కాన్’పై బంగ్లాదేశ్లో నిషేధం!,0.5339428782463074
U760328,723227,6,126863,చిక్కుల్లో ఏపీ హోం మంత్రి సుచరిత .. !,చిక్కుల్లో ఏపీ హోం మంత్రి సుచరిత .. !,0.5333202481269836
U760328,723227,7,2492078,జీవిత ఖైదీలకు క్షమాభిక్షపై అధ్యయన కమిటీ,జీవిత ఖైదీలకు క్షమాభిక్షపై అధ్యయన కమిటీ,0.5331876277923584
U760328,723227,8,2494871,గ్రూప్–1 మెయిన్స్ పరీక్షకు పటిష్ఠ భద్రత,గ్రూప్–1 మెయిన్స్ పరీక్షకు పటిష్ఠ భద్రత,0.533014714717865
U760328,723227,9,2495277,గ్రూప్–1 మెయిన్స్ పరీక్షకు పటిష్ఠ భద్రత,గ్రూప్–1 మెయిన్స్ పరీక్షకు పటిష్ఠ భద్రత,0.533014714717865
U760328,723227,10,2496121,రెచ్చగొట్టే కుట్ర,రెచ్చగొట్టే కుట్ర,0.5330055356025696
U763237,726459,1,2519719,‘ఇస్కాన్’పై బంగ్లాదేశ్లో నిషేధం?,‘ఇస్కాన్’పై బంగ్లాదేశ్లో నిషేధం?,0.5292418003082275
U763237,726459,2,2519811,‘ఇస్కాన్’పై బంగ్లాదేశ్లో నిషేధం?,‘ఇస్కాన్’పై బంగ్లాదేశ్లో నిషేధం?,0.5292418003082275
U763237,726459,3,2520014,‘ఇస్కాన్’పై బంగ్లాదేశ్లో నిషేధం!,‘ఇస్కాన్’పై బంగ్లాదేశ్లో నిషేధం!,0.5288694500923157
U763237,726459,4,2505088,కెనడాలో హిందూ  ఆలయంపై దాడి,కెనడాలో హిందూ ఆలయంపై దాడి,0.5288587808609009
U763237,726459,5,2504924,కెనడాలో హిందూ  ఆలయంపై దాడి,కెనడాలో హిందూ ఆలయంపై దాడి,0.5288587808609009
U763237,726459,6,126863,చిక్కుల్లో ఏపీ హోం మంత్రి సుచరిత .. !,చిక్కుల్లో ఏపీ హోం మంత్రి సుచరిత .. !,0.528141438961029
U763237,726459,7,2492078,జీవిత ఖైదీలకు క్షమాభిక్షపై అధ్యయన కమిటీ,జీవిత ఖైదీలకు క్షమాభిక్షపై అధ్యయన కమిటీ,0.528011679649353
U763237,726459,8,2494871,గ్రూప్–1 మెయిన్స్ పరీక్షకు పటిష్ఠ భద్రత,గ్రూప్–1 మెయిన్స్ పరీక్షకు పటిష్ఠ భద్రత,0.5278654098510742
U763237,726459,9,2495277,గ్రూప్–1 మెయిన్స్ పరీక్షకు పటిష్ఠ భద్రత,గ్రూప్–1 మెయిన్స్ పరీక్షకు పటిష్ఠ భద్రత,0.5278654098510742
U763237,726459,10,2524084,శ్రీశైలం దేవస్థానం ఈవోగా శ్రీనివాసరావు,శ్రీశైలం దేవస్థానం ఈవోగా శ్రీనివాసరావు,0.5277944803237915
U764089,727405,1,2508608,హాట్ హిట్స్ ,హాట్ హిట్స్,0.6001884937286377
U764089,727405,2,2508615,హాట్ హిట్స్ ,హాట్ హిట్స్,0.6001884937286377
U764089,727405,3,2508601,హాట్ హిట్స్ ,హాట్ హిట్స్,0.6001884937286377
U764089,727405,4,2513068,హాట్ హిట్స్,హాట్ హిట్స్,0.6001539826393127
U764089,727405,5,2513089,హాట్ హిట్స్,హాట్ హిట్స్,0.6001539826393127
U764089,727405,6,2513315,హాట్ హిట్స్,హాట్ హిట్స్,0.6001539826393127
U764089,727405,7,2515130,ఆమె కూడా భర్తకు విడాకులు ఇచ్చింది,ఆమె కూడా భర్తకు విడాకులు ఇచ్చింది,0.5996978282928467
U764089,727405,8,2515400,ఆమె కూడా భర్తకు విడాకులు ఇచ్చింది,ఆమె కూడా భర్తకు విడాకులు ఇచ్చింది,0.5996978282928467
U764089,727405,9,2515611,ఆమె కూడా భర్తకు విడాకులు ఇచ్చింది,ఆమె కూడా భర్తకు విడాకులు ఇచ్చింది,0.5996978282928467
U764089,727405,10,2527189,హాట్ హిట్స్,హాట్ హిట్స్,0.5967430472373962
U765967,729491,1,2508601,హాట్ హిట్స్ ,హాట్ హిట్స్,0.6748228669166565
U765967,729491,2,2508615,హాట్ హిట్స్ ,హాట్ హిట్స్,0.6748228669166565
U765967,729491,3,2508608,హాట్ హిట్స్ ,హాట్ హిట్స్,0.6748228669166565
U765967,729491,4,2513068,హాట్ హిట్స్,హాట్ హిట్స్,0.6748079061508179
U765967,729491,5,2513315,హాట్ హిట్స్,హాట్ హిట్స్,0.6748079061508179
U765967,729491,6,2513089,హాట్ హిట్స్,హాట్ హిట్స్,0.6748079061508179
U765967,729491,7,2515611,ఆమె కూడా భర్తకు విడాకులు ఇచ్చింది,ఆమె కూడా భర్తకు విడాకులు ఇచ్చింది,0.6737968921661377
U765967,729491,8,2515130,ఆమె కూడా భర్తకు విడాకులు ఇచ్చింది,ఆమె కూడా భర్తకు విడాకులు ఇచ్చింది,0.6737968921661377
U765967,729491,9,2515400,ఆమె కూడా భర్తకు విడాకులు ఇచ్చింది,ఆమె కూడా భర్తకు విడాకులు ఇచ్చింది,0.6737968921661377
U765967,729491,10,2527427,హాట్ హిట్స్,హాట్ హిట్స్,0.6709294319152832
U766404,729978,1,2508601,హాట్ హిట్స్ ,హాట్ హిట్స్,0.6708440780639648
U766404,729978,2,2508615,హాట్ హిట్స్ ,హాట్ హిట్స్,0.6708440780639648
U766404,729978,3,2508608,హాట్ హిట్స్ ,హాట్ హిట్స్,0.6708440780639648
U766404,729978,4,2513068,హాట్ హిట్స్,హాట్ హిట్స్,0.670817494392395
U766404,729978,5,2513089,హాట్ హిట్స్,హాట్ హిట్స్,0.670817494392395
U766404,729978,6,2513315,హాట్ హిట్స్,హాట్ హిట్స్,0.670817494392395
U766404,729978,7,2515130,ఆమె కూడా భర్తకు విడాకులు ఇచ్చింది,ఆమె కూడా భర్తకు విడాకులు ఇచ్చింది,0.6703189611434937
U766404,729978,8,2515400,ఆమె కూడా భర్తకు విడాకులు ఇచ్చింది,ఆమె కూడా భర్తకు విడాకులు ఇచ్చింది,0.6703189611434937
U766404,729978,9,2515611,ఆమె కూడా భర్తకు విడాకులు ఇచ్చింది,ఆమె కూడా భర్తకు విడాకులు ఇచ్చింది,0.6703189611434937
U766404,729978,10,2527427,హాట్ హిట్స్,హాట్ హిట్స్,0.6669056415557861
U767566,731268,1,2508608,హాట్ హిట్స్ ,హాట్ హిట్స్,0.6011946201324463
U767566,731268,2,2508601,హాట్ హిట్స్ ,హాట్ హిట్స్,0.6011946201324463
U767566,731268,3,2508615,హాట్ హిట్స్ ,హాట్ హిట్స్,0.6011946201324463
U767566,731268,4,2513315,హాట్ హిట్స్,హాట్ హిట్స్,0.6011321544647217
U767566,731268,5,2513068,హాట్ హిట్స్,హాట్ హిట్స్,0.6011321544647217
U767566,731268,6,2513089,హాట్ హిట్స్,హాట్ హిట్స్,0.6011321544647217
U767566,731268,7,2515130,ఆమె కూడా భర్తకు విడాకులు ఇచ్చింది,ఆమె కూడా భర్తకు విడాకులు ఇచ్చింది,0.6004977822303772
U767566,731268,8,2515400,ఆమె కూడా భర్తకు విడాకులు ఇచ్చింది,ఆమె కూడా భర్తకు విడాకులు ఇచ్చింది,0.6004977822303772
U767566,731268,9,2515611,ఆమె కూడా భర్తకు విడాకులు ఇచ్చింది,ఆమె కూడా భర్తకు విడాకులు ఇచ్చింది,0.6004977822303772
U767566,731268,10,2527427,హాట్ హిట్స్,హాట్ హిట్స్,0.5975729823112488
U76768,731394,1,937990,గోదాం దగ్ధం కేసులో ఇద్దరికి జైలుశిక్ష,గోదాం దగ్ధం కేసులో ఇద్దరికి జైలుశిక్ష,5.6582255363464355
U76768,731394,2,2488130,రూ. 24 లక్షల బాణసంచా పట్టివేత,రూ. 24 లక్షల బాణసంచా పట్టివేత,5.655697822570801
U76768,731394,3,2521877,ఫేక్ బెయిల్తో జైలు నుంచి బయటకు,ఫేక్ బెయిల్తో జైలు నుంచి బయటకు,5.643596649169922
U76768,731394,4,2521757,దొంగ.. బెయిల్,దొంగ.. బెయిల్,5.641554832458496
U76768,731394,5,888063,అల్లుడిని చంపిన కేసులో మామ అరెస్టు,అల్లుడిని చంపిన కేసులో మామ అరెస్టు,5.638836860656738
U76768,731394,6,991306,మైనర్ బాలిక హత్యచారం కేసులో నిందితుడు అరెస్టు,మైనర్ బాలిక హత్యచారం కేసులో నిందితుడు అరెస్టు,5.636810779571533
U76768,731394,7,910014,మహిళను వేధించిన కేసులో యువకుడు అరెస్టు,మహిళను వేధించిన కేసులో యువకుడు అరెస్టు,5.636259078979492
U76768,731394,8,2485923,ముగ్గురు గంజాయి విక్రేతల అరెస్టు,ముగ్గురు గంజాయి విక్రేతల అరెస్టు,5.632490634918213
U76768,731394,9,2529405,చింతల్లో దారుణం,చింతల్లో దారుణం,5.625912666320801
U76768,731394,10,648247,చోరీకి పాల్పడిన ముగ్గురి అరెస్టు,చోరీకి పాల్పడిన ముగ్గురి అరెస్టు,5.619312763214111
U770272,734276,1,2508615,హాట్ హిట్స్ ,హాట్ హిట్స్,0.6899041533470154
U770272,734276,2,2508608,హాట్ హిట్స్ ,హాట్ హిట్స్,0.6899041533470154
U770272,734276,3,2508601,హాట్ హిట్స్ ,హాట్ హిట్స్,0.6899041533470154
U770272,734276,4,2513068,హాట్ హిట్స్,హాట్ హిట్స్,0.6899020671844482
U770272,734276,5,2513089,హాట్ హిట్స్,హాట్ హిట్స్,0.6899020671844482
U770272,734276,6,2513315,హాట్ హిట్స్,హాట్ హిట్స్,0.6899020671844482
U770272,734276,7,2515611,ఆమె కూడా భర్తకు విడాకులు ఇచ్చింది,ఆమె కూడా భర్తకు విడాకులు ఇచ్చింది,0.6887099146842957
U770272,734276,8,2515130,ఆమె కూడా భర్తకు విడాకులు ఇచ్చింది,ఆమె కూడా భర్తకు విడాకులు ఇచ్చింది,0.6887099146842957
U770272,734276,9,2515400,ఆమె కూడా భర్తకు విడాకులు ఇచ్చింది,ఆమె కూడా భర్తకు విడాకులు ఇచ్చింది,0.6887099146842957
U770272,734276,10,2527189,హాట్ హిట్స్,హాట్ హిట్స్,0.686115026473999
U773744,738133,1,2508608,హాట్ హిట్స్ ,హాట్ హిట్స్,0.580080509185791
U773744,738133,2,2508601,హాట్ హిట్స్ ,హాట్ హిట్స్,0.580080509185791
U773744,738133,3,2508615,హాట్ హిట్స్ ,హాట్ హిట్స్,0.580080509185791
U773744,738133,4,2513089,హాట్ హిట్స్,హాట్ హిట్స్,0.5800304412841797
U773744,738133,5,2513068,హాట్ హిట్స్,హాట్ హిట్స్,0.5800304412841797
U773744,738133,6,2513315,హాట్ హిట్స్,హాట్ హిట్స్,0.5800304412841797
U773744,738133,7,2515611,ఆమె కూడా భర్తకు విడాకులు ఇచ్చింది,ఆమె కూడా భర్తకు విడాకులు ఇచ్చింది,0.5798189640045166
U773744,738133,8,2515400,ఆమె కూడా భర్తకు విడాకులు ఇచ్చింది,ఆమె కూడా భర్తకు విడాకులు ఇచ్చింది,0.5798189640045166
U773744,738133,9,2515130,ఆమె కూడా భర్తకు విడాకులు ఇచ్చింది,ఆమె కూడా భర్తకు విడాకులు ఇచ్చింది,0.5798189640045166
U773744,738133,10,2527427,హాట్ హిట్స్,హాట్ హిట్స్,0.5766162276268005
U774345,738801,1,2508601,హాట్ హిట్స్ ,హాట్ హిట్స్,0.6777275204658508
U774345,738801,2,2508608,హాట్ హిట్స్ ,హాట్ హిట్స్,0.6777275204658508
U774345,738801,3,2508615,హాట్ హిట్స్ ,హాట్ హిట్స్,0.6777275204658508
U774345,738801,4,2513068,హాట్ హిట్స్,హాట్ హిట్స్,0.677693247795105
U774345,738801,5,2513089,హాట్ హిట్స్,హాట్ హిట్స్,0.677693247795105
U774345,738801,6,2513315,హాట్ హిట్స్,హాట్ హిట్స్,0.677693247795105
U774345,738801,7,2515400,ఆమె కూడా భర్తకు విడాకులు ఇచ్చింది,ఆమె కూడా భర్తకు విడాకులు ఇచ్చింది,0.6768587827682495
U774345,738801,8,2515130,ఆమె కూడా భర్తకు విడాకులు ఇచ్చింది,ఆమె కూడా భర్తకు విడాకులు ఇచ్చింది,0.6768587827682495
U774345,738801,9,2515611,ఆమె కూడా భర్తకు విడాకులు ఇచ్చింది,ఆమె కూడా భర్తకు విడాకులు ఇచ్చింది,0.6768587827682495
U774345,738801,10,2527338,హాట్ హిట్స్,హాట్ హిట్స్,0.6737332940101624
U775163,739710,1,2515611,ఆమె కూడా భర్తకు విడాకులు ఇచ్చింది,ఆమె కూడా భర్తకు విడాకులు ఇచ్చింది,0.4731007516384125
U775163,739710,2,2515400,ఆమె కూడా భర్తకు విడాకులు ఇచ్చింది,ఆమె కూడా భర్తకు విడాకులు ఇచ్చింది,0.4731007516384125
U775163,739710,3,2515130,ఆమె కూడా భర్తకు విడాకులు ఇచ్చింది,ఆమె కూడా భర్తకు విడాకులు ఇచ్చింది,0.4731007516384125
U775163,739710,4,2508601,హాట్ హిట్స్ ,హాట్ హిట్స్,0.4726981818675995
U775163,739710,5,2508608,హాట్ హిట్స్ ,హాట్ హిట్స్,0.4726981818675995
U775163,739710,6,2508615,హాట్ హిట్స్ ,హాట్ హిట్స్,0.4726981818675995
U775163,739710,7,2513089,హాట్ హిట్స్,హాట్ హిట్స్,0.4725860059261322
U775163,739710,8,2513068,హాట్ హిట్స్,హాట్ హిట్స్,0.4725860059261322
U775163,739710,9,2513315,హాట్ హిట్స్,హాట్ హిట్స్,0.4725860059261322
U775163,739710,10,2527427,హాట్ హిట్స్,హాట్ హిట్స్,0.46955418586730957
U777965,742822,1,2508601,హాట్ హిట్స్ ,హాట్ హిట్స్,0.6188539862632751
U777965,742822,2,2508615,హాట్ హిట్స్ ,హాట్ హిట్స్,0.6188539862632751
U777965,742822,3,2508608,హాట్ హిట్స్ ,హాట్ హిట్స్,0.6188539862632751
U777965,742822,4,2513068,హాట్ హిట్స్,హాట్ హిట్స్,0.6187671422958374
U777965,742822,5,2513315,హాట్ హిట్స్,హాట్ హిట్స్,0.6187671422958374
U777965,742822,6,2513089,హాట్ హిట్స్,హాట్ హిట్స్,0.6187671422958374
U777965,742822,7,2515611,ఆమె కూడా భర్తకు విడాకులు ఇచ్చింది,ఆమె కూడా భర్తకు విడాకులు ఇచ్చింది,0.6186693906784058
U777965,742822,8,2515400,ఆమె కూడా భర్తకు విడాకులు ఇచ్చింది,ఆమె కూడా భర్తకు విడాకులు ఇచ్చింది,0.6186693906784058
U777965,742822,9,2515130,ఆమె కూడా భర్తకు విడాకులు ఇచ్చింది,ఆమె కూడా భర్తకు విడాకులు ఇచ్చింది,0.6186693906784058
U777965,742822,10,2527189,హాట్ హిట్స్,హాట్ హిట్స్,0.614834189414978
U778865,743822,1,2508615,హాట్ హిట్స్ ,హాట్ హిట్స్,0.5224315524101257
U778865,743822,2,2508608,హాట్ హిట్స్ ,హాట్ హిట్స్,0.5224315524101257
U778865,743822,3,2508601,హాట్ హిట్స్ ,హాట్ హిట్స్,0.5224315524101257
U778865,743822,4,2513068,హాట్ హిట్స్,హాట్ హిట్స్,0.5223247408866882
U778865,743822,5,2513315,హాట్ హిట్స్,హాట్ హిట్స్,0.5223247408866882
U778865,743822,6,2513089,హాట్ హిట్స్,హాట్ హిట్స్,0.5223247408866882
U778865,743822,7,2515400,ఆమె కూడా భర్తకు విడాకులు ఇచ్చింది,ఆమె కూడా భర్తకు విడాకులు ఇచ్చింది,0.5220966935157776
U778865,743822,8,2515130,ఆమె కూడా భర్తకు విడాకులు ఇచ్చింది,ఆమె కూడా భర్తకు విడాకులు ఇచ్చింది,0.5220966935157776
U778865,743822,9,2515611,ఆమె కూడా భర్తకు విడాకులు ఇచ్చింది,ఆమె కూడా భర్తకు విడాకులు ఇచ్చింది,0.5220966935157776
U778865,743822,10,330131,‘జగమే తంత్రం’ నుంచి రకిట రకిట పాట విడుదల,‘జగమే తంత్రం’ నుంచి రకిట రకిట పాట విడుదల,0.5205106139183044
U779594,744632,1,2519811,‘ఇస్కాన్’పై బంగ్లాదేశ్లో నిషేధం?,‘ఇస్కాన్’పై బంగ్లాదేశ్లో నిషేధం?,0.5611053705215454
U779594,744632,2,2519719,‘ఇస్కాన్’పై బంగ్లాదేశ్లో నిషేధం?,‘ఇస్కాన్’పై బంగ్లాదేశ్లో నిషేధం?,0.5611053705215454
U779594,744632,3,2504924,కెనడాలో హిందూ  ఆలయంపై దాడి,కెనడాలో హిందూ ఆలయంపై దాడి,0.5609989166259766
U779594,744632,4,2505088,కెనడాలో హిందూ  ఆలయంపై దాడి,కెనడాలో హిందూ ఆలయంపై దాడి,0.5609989166259766
U779594,744632,5,2520014,‘ఇస్కాన్’పై బంగ్లాదేశ్లో నిషేధం!,‘ఇస్కాన్’పై బంగ్లాదేశ్లో నిషేధం!,0.5607134699821472
U779594,744632,6,126863,చిక్కుల్లో ఏపీ హోం మంత్రి సుచరిత .. !,చిక్కుల్లో ఏపీ హోం మంత్రి సుచరిత .. !,0.5602364540100098
U779594,744632,7,2484864,నేరస్థులను వదలొదు్ద,నేరస్థులను వదలొదు్ద,0.5600059628486633
U779594,744632,8,2495277,గ్రూప్–1 మెయిన్స్ పరీక్షకు పటిష్ఠ భద్రత,గ్రూప్–1 మెయిన్స్ పరీక్షకు పటిష్ఠ భద్రత,0.5599902868270874
U779594,744632,9,2494871,గ్రూప్–1 మెయిన్స్ పరీక్షకు పటిష్ఠ భద్రత,గ్రూప్–1 మెయిన్స్ పరీక్షకు పటిష్ఠ భద్రత,0.5599902868270874
U779594,744632,10,2496004,రెచ్చగొట్టే కుట్ర,రెచ్చగొట్టే కుట్ర,0.559941291809082
U783524,749000,1,2508608,హాట్ హిట్స్ ,హాట్ హిట్స్,0.6729472279548645
U783524,749000,2,2508601,హాట్ హిట్స్ ,హాట్ హిట్స్,0.6729472279548645
U783524,749000,3,2508615,హాట్ హిట్స్ ,హాట్ హిట్స్,0.6729472279548645
U783524,749000,4,2513068,హాట్ హిట్స్,హాట్ హిట్స్,0.6729289889335632
U783524,749000,5,2513315,హాట్ హిట్స్,హాట్ హిట్స్,0.6729289889335632
U783524,749000,6,2513089,హాట్ హిట్స్,హాట్ హిట్స్,0.6729289889335632
U783524,749000,7,2515611,ఆమె కూడా భర్తకు విడాకులు ఇచ్చింది,ఆమె కూడా భర్తకు విడాకులు ఇచ్చింది,0.6721788644790649
U783524,749000,8,2515400,ఆమె కూడా భర్తకు విడాకులు ఇచ్చింది,ఆమె కూడా భర్తకు విడాకులు ఇచ్చింది,0.6721788644790649
U783524,749000,9,2515130,ఆమె కూడా భర్తకు విడాకులు ఇచ్చింది,ఆమె కూడా భర్తకు విడాకులు ఇచ్చింది,0.6721788644790649
U783524,749000,10,2527189,హాట్ హిట్స్,హాట్ హిట్స్,0.6690701842308044
U783653,749143,1,2508608,హాట్ హిట్స్ ,హాట్ హిట్స్,0.5809125900268555
U783653,749143,2,2508615,హాట్ హిట్స్ ,హాట్ హిట్స్,0.5809125900268555
U783653,749143,3,2508601,హాట్ హిట్స్ ,హాట్ హిట్స్,0.5809125900268555
U783653,749143,4,2513315,హాట్ హిట్స్,హాట్ హిట్స్,0.580834686756134
U783653,749143,5,2513089,హాట్ హిట్స్,హాట్ హిట్స్,0.580834686756134
U783653,749143,6,2513068,హాట్ హిట్స్,హాట్ హిట్స్,0.580834686756134
U783653,749143,7,2515400,ఆమె కూడా భర్తకు విడాకులు ఇచ్చింది,ఆమె కూడా భర్తకు విడాకులు ఇచ్చింది,0.5801573395729065
U783653,749143,8,2515611,ఆమె కూడా భర్తకు విడాకులు ఇచ్చింది,ఆమె కూడా భర్తకు విడాకులు ఇచ్చింది,0.5801573395729065
U783653,749143,9,2515130,ఆమె కూడా భర్తకు విడాకులు ఇచ్చింది,ఆమె కూడా భర్తకు విడాకులు ఇచ్చింది,0.5801573395729065
U783653,749143,10,2527427,హాట్ హిట్స్,హాట్ హిట్స్,0.5773324966430664
U783662,749153,1,2508615,హాట్ హిట్స్ ,హాట్ హిట్స్,0.544104814529419
U783662,749153,2,2508608,హాట్ హిట్స్ ,హాట్ హిట్స్,0.544104814529419
U783662,749153,3,2508601,హాట్ హిట్స్ ,హాట్ హిట్స్,0.544104814529419
U783662,749153,4,2513068,హాట్ హిట్స్,హాట్ హిట్స్,0.544028103351593
U783662,749153,5,2513089,హాట్ హిట్స్,హాట్ హిట్స్,0.544028103351593
U783662,749153,6,2513315,హాట్ హిట్స్,హాట్ హిట్స్,0.544028103351593
U783662,749153,7,2515400,ఆమె కూడా భర్తకు విడాకులు ఇచ్చింది,ఆమె కూడా భర్తకు విడాకులు ఇచ్చింది,0.543940544128418
U783662,749153,8,2515611,ఆమె కూడా భర్తకు విడాకులు ఇచ్చింది,ఆమె కూడా భర్తకు విడాకులు ఇచ్చింది,0.543940544128418
U783662,749153,9,2515130,ఆమె కూడా భర్తకు విడాకులు ఇచ్చింది,ఆమె కూడా భర్తకు విడాకులు ఇచ్చింది,0.543940544128418
U783662,749153,10,2527427,హాట్ హిట్స్,హాట్ హిట్స్,0.540829598903656
U784207,749759,1,2515130,ఆమె కూడా భర్తకు విడాకులు ఇచ్చింది,ఆమె కూడా భర్తకు విడాకులు ఇచ్చింది,0.539582371711731
U784207,749759,2,2515611,ఆమె కూడా భర్తకు విడాకులు ఇచ్చింది,ఆమె కూడా భర్తకు విడాకులు ఇచ్చింది,0.539582371711731
U784207,749759,3,2515400,ఆమె కూడా భర్తకు విడాకులు ఇచ్చింది,ఆమె కూడా భర్తకు విడాకులు ఇచ్చింది,0.539582371711731
U784207,749759,4,2508608,హాట్ హిట్స్ ,హాట్ హిట్స్,0.5393891930580139
U784207,749759,5,2508615,హాట్ హిట్స్ ,హాట్ హిట్స్,0.5393891930580139
U784207,749759,6,2508601,హాట్ హిట్స్ ,హాట్ హిట్స్,0.5393891930580139
U784207,749759,7,2513068,హాట్ హిట్స్,హాట్ హిట్స్,0.5392931699752808
U784207,749759,8,2513315,హాట్ హిట్స్,హాట్ హిట్స్,0.5392931699752808
U784207,749759,9,2513089,హాట్ హిట్స్,హాట్ హిట్స్,0.5392931699752808
U784207,749759,10,2527338,హాట్ హిట్స్,హాట్ హిట్స్,0.5361029505729675
U784864,750488,1,2508615,హాట్ హిట్స్ ,హాట్ హిట్స్,0.5885769724845886
U784864,750488,2,2508601,హాట్ హిట్స్ ,హాట్ హిట్స్,0.5885769724845886
U784864,750488,3,2508608,హాట్ హిట్స్ ,హాట్ హిట్స్,0.5885769724845886
U784864,750488,4,2513315,హాట్ హిట్స్,హాట్ హిట్స్,0.5885123610496521
U784864,750488,5,2513089,హాట్ హిట్స్,హాట్ హిట్స్,0.5885123610496521
U784864,750488,6,2513068,హాట్ హిట్స్,హాట్ హిట్స్,0.5885123610496521
U784864,750488,7,2515130,ఆమె కూడా భర్తకు విడాకులు ఇచ్చింది,ఆమె కూడా భర్తకు విడాకులు ఇచ్చింది,0.5882837176322937
U784864,750488,8,2515400,ఆమె కూడా భర్తకు విడాకులు ఇచ్చింది,ఆమె కూడా భర్తకు విడాకులు ఇచ్చింది,0.5882837176322937
U784864,750488,9,2515611,ఆమె కూడా భర్తకు విడాకులు ఇచ్చింది,ఆమె కూడా భర్తకు విడాకులు ఇచ్చింది,0.5882837176322937
U784864,750488,10,2527338,హాట్ హిట్స్,హాట్ హిట్స్,0.5850291848182678
U78694,752794,1,2528868,జమిలిపై ముందుకు!,జమిలిపై ముందుకు!,3.0263748168945312
U78694,752794,2,2505621,25 నుంచి పార్లమెంటు శీతాకాల సమావేశాలు,25 నుంచి పార్లమెంటు శీతాకాల సమావేశాలు,3.0113110542297363
U78694,752794,3,2518106,పార్లమెంటు ముందుకు,పార్లమెంటు ముందుకు,3.0064125061035156
U78694,752794,4,2517765,పార్లమెంటు ముందుకు,పార్లమెంటు ముందుకు,3.0064125061035156
U78694,752794,5,2518272,పార్లమెంటు ముందుకు,పార్లమెంటు ముందుకు,2.999401092529297
U78694,752794,6,2503356,5న రాష్ట్రానికి రాహుల్,5న రాష్ట్రానికి రాహుల్,2.9978349208831787
U78694,752794,7,2518049,పార్లమెంటు ముందుకు 16 బిల్లులు!,పార్లమెంటు ముందుకు 16 బిల్లులు!,2.997122287750244
U78694,752794,8,2517832,పార్లమెంటు ముందుకు 16 బిల్లులు!,పార్లమెంటు ముందుకు 16 బిల్లులు!,2.997122287750244
U78694,752794,9,2517732,పార్లమెంటు ముందుకు 16 బిల్లులు!,పార్లమెంటు ముందుకు 16 బిల్లులు!,2.997122287750244
U78694,752794,10,2505249,25 నుంచి పార్లమెంట్  శీతాకాల సమావేశాలు,25 నుంచి పార్లమెంట్ శీతాకాల సమావేశాలు,2.9867584705352783
U788355,754367,1,2508615,హాట్ హిట్స్ ,హాట్ హిట్స్,0.5936447381973267
U788355,754367,2,2508601,హాట్ హిట్స్ ,హాట్ హిట్స్,0.5936447381973267
U788355,754367,3,2508608,హాట్ హిట్స్ ,హాట్ హిట్స్,0.5936447381973267
U788355,754367,4,2513068,హాట్ హిట్స్,హాట్ హిట్స్,0.5935665369033813
U788355,754367,5,2513089,హాట్ హిట్స్,హాట్ హిట్స్,0.5935665369033813
U788355,754367,6,2513315,హాట్ హిట్స్,హాట్ హిట్స్,0.5935665369033813
U788355,754367,7,2515611,ఆమె కూడా భర్తకు విడాకులు ఇచ్చింది,ఆమె కూడా భర్తకు విడాకులు ఇచ్చింది,0.593119204044342
U788355,754367,8,2515130,ఆమె కూడా భర్తకు విడాకులు ఇచ్చింది,ఆమె కూడా భర్తకు విడాకులు ఇచ్చింది,0.593119204044342
U788355,754367,9,2515400,ఆమె కూడా భర్తకు విడాకులు ఇచ్చింది,ఆమె కూడా భర్తకు విడాకులు ఇచ్చింది,0.593119204044342
U788355,754367,10,2527189,హాట్ హిట్స్,హాట్ హిట్స్,0.5900124907493591
U789048,755137,1,2508608,హాట్ హిట్స్ ,హాట్ హిట్స్,0.5614428520202637
U789048,755137,2,2508601,హాట్ హిట్స్ ,హాట్ హిట్స్,0.5614428520202637
U789048,755137,3,2508615,హాట్ హిట్స్ ,హాట్ హిట్స్,0.5614428520202637
U789048,755137,4,2513315,హాట్ హిట్స్,హాట్ హిట్స్,0.5613500475883484
U789048,755137,5,2513068,హాట్ హిట్స్,హాట్ హిట్స్,0.5613500475883484
U789048,755137,6,2513089,హాట్ హిట్స్,హాట్ హిట్స్,0.5613500475883484
U789048,755137,7,2515400,ఆమె కూడా భర్తకు విడాకులు ఇచ్చింది,ఆమె కూడా భర్తకు విడాకులు ఇచ్చింది,0.5609506368637085
U789048,755137,8,2515130,ఆమె కూడా భర్తకు విడాకులు ఇచ్చింది,ఆమె కూడా భర్తకు విడాకులు ఇచ్చింది,0.5609506368637085
U789048,755137,9,2515611,ఆమె కూడా భర్తకు విడాకులు ఇచ్చింది,ఆమె కూడా భర్తకు విడాకులు ఇచ్చింది,0.5609506368637085
U789048,755137,10,2527189,హాట్ హిట్స్,హాట్ హిట్స్,0.5579248666763306
U789993,756186,1,2508601,హాట్ హిట్స్ ,హాట్ హిట్స్,0.6166328191757202
U789993,756186,2,2508608,హాట్ హిట్స్ ,హాట్ హిట్స్,0.6166328191757202
U789993,756186,3,2508615,హాట్ హిట్స్ ,హాట్ హిట్స్,0.6166328191757202
U789993,756186,4,2513068,హాట్ హిట్స్,హాట్ హిట్స్,0.6165705323219299
U789993,756186,5,2513315,హాట్ హిట్స్,హాట్ హిట్స్,0.6165705323219299
U789993,756186,6,2513089,హాట్ హిట్స్,హాట్ హిట్స్,0.6165705323219299
U789993,756186,7,2515400,ఆమె కూడా భర్తకు విడాకులు ఇచ్చింది,ఆమె కూడా భర్తకు విడాకులు ఇచ్చింది,0.6161872744560242
U789993,756186,8,2515611,ఆమె కూడా భర్తకు విడాకులు ఇచ్చింది,ఆమె కూడా భర్తకు విడాకులు ఇచ్చింది,0.6161872744560242
U789993,756186,9,2515130,ఆమె కూడా భర్తకు విడాకులు ఇచ్చింది,ఆమె కూడా భర్తకు విడాకులు ఇచ్చింది,0.6161872744560242
U789993,756186,10,2527338,హాట్ హిట్స్,హాట్ హిట్స్,0.6127274632453918
U790642,756909,1,2508608,హాట్ హిట్స్ ,హాట్ హిట్స్,0.6243481040000916
U790642,756909,2,2508615,హాట్ హిట్స్ ,హాట్ హిట్స్,0.6243481040000916
U790642,756909,3,2508601,హాట్ హిట్స్ ,హాట్ హిట్స్,0.6243481040000916
U790642,756909,4,2513089,హాట్ హిట్స్,హాట్ హిట్స్,0.6242590546607971
U790642,756909,5,2513315,హాట్ హిట్స్,హాట్ హిట్స్,0.6242590546607971
U790642,756909,6,2513068,హాట్ హిట్స్,హాట్ హిట్స్,0.6242590546607971
U790642,756909,7,2515130,ఆమె కూడా భర్తకు విడాకులు ఇచ్చింది,ఆమె కూడా భర్తకు విడాకులు ఇచ్చింది,0.623499870300293
U790642,756909,8,2515611,ఆమె కూడా భర్తకు విడాకులు ఇచ్చింది,ఆమె కూడా భర్తకు విడాకులు ఇచ్చింది,0.623499870300293
U790642,756909,9,2515400,ఆమె కూడా భర్తకు విడాకులు ఇచ్చింది,ఆమె కూడా భర్తకు విడాకులు ఇచ్చింది,0.623499870300293
U790642,756909,10,2527338,హాట్ హిట్స్,హాట్ హిట్స్,0.6204110980033875
U790688,756959,1,2508601,హాట్ హిట్స్ ,హాట్ హిట్స్,0.6479713320732117
U790688,756959,2,2508615,హాట్ హిట్స్ ,హాట్ హిట్స్,0.6479713320732117
U790688,756959,3,2508608,హాట్ హిట్స్ ,హాట్ హిట్స్,0.6479713320732117
U790688,756959,4,2513089,హాట్ హిట్స్,హాట్ హిట్స్,0.6479594111442566
U790688,756959,5,2513315,హాట్ హిట్స్,హాట్ హిట్స్,0.6479594111442566
U790688,756959,6,2513068,హాట్ హిట్స్,హాట్ హిట్స్,0.6479594111442566
U790688,756959,7,2515611,ఆమె కూడా భర్తకు విడాకులు ఇచ్చింది,ఆమె కూడా భర్తకు విడాకులు ఇచ్చింది,0.6471283435821533
U790688,756959,8,2515400,ఆమె కూడా భర్తకు విడాకులు ఇచ్చింది,ఆమె కూడా భర్తకు విడాకులు ఇచ్చింది,0.6471283435821533
U790688,756959,9,2515130,ఆమె కూడా భర్తకు విడాకులు ఇచ్చింది,ఆమె కూడా భర్తకు విడాకులు ఇచ్చింది,0.6471283435821533
U790688,756959,10,2527427,హాట్ హిట్స్,హాట్ హిట్స్,0.6442782878875732
U791077,757392,1,2508608,హాట్ హిట్స్ ,హాట్ హిట్స్,0.5534729361534119
U791077,757392,2,2508615,హాట్ హిట్స్ ,హాట్ హిట్స్,0.5534729361534119
U791077,757392,3,2508601,హాట్ హిట్స్ ,హాట్ హిట్స్,0.5534729361534119
U791077,757392,4,2513068,హాట్ హిట్స్,హాట్ హిట్స్,0.5533757209777832
U791077,757392,5,2513315,హాట్ హిట్స్,హాట్ హిట్స్,0.5533757209777832
U791077,757392,6,2513089,హాట్ హిట్స్,హాట్ హిట్స్,0.5533757209777832
U791077,757392,7,2515130,ఆమె కూడా భర్తకు విడాకులు ఇచ్చింది,ఆమె కూడా భర్తకు విడాకులు ఇచ్చింది,0.5531758069992065
U791077,757392,8,2515611,ఆమె కూడా భర్తకు విడాకులు ఇచ్చింది,ఆమె కూడా భర్తకు విడాకులు ఇచ్చింది,0.5531758069992065
U791077,757392,9,2515400,ఆమె కూడా భర్తకు విడాకులు ఇచ్చింది,ఆమె కూడా భర్తకు విడాకులు ఇచ్చింది,0.5531758069992065
U791077,757392,10,330131,‘జగమే తంత్రం’ నుంచి రకిట రకిట పాట విడుదల,‘జగమే తంత్రం’ నుంచి రకిట రకిట పాట విడుదల,0.5514718294143677
U794953,761698,1,2508608,హాట్ హిట్స్ ,హాట్ హిట్స్,0.6192752122879028
U794953,761698,2,2508601,హాట్ హిట్స్ ,హాట్ హిట్స్,0.6192752122879028
U794953,761698,3,2508615,హాట్ హిట్స్ ,హాట్ హిట్స్,0.6192752122879028
U794953,761698,4,2513089,హాట్ హిట్స్,హాట్ హిట్స్,0.6191974878311157
U794953,761698,5,2513068,హాట్ హిట్స్,హాట్ హిట్స్,0.6191974878311157
U794953,761698,6,2513315,హాట్ హిట్స్,హాట్ హిట్స్,0.6191974878311157
U794953,761698,7,2515400,ఆమె కూడా భర్తకు విడాకులు ఇచ్చింది,ఆమె కూడా భర్తకు విడాకులు ఇచ్చింది,0.6186950206756592
U794953,761698,8,2515130,ఆమె కూడా భర్తకు విడాకులు ఇచ్చింది,ఆమె కూడా భర్తకు విడాకులు ఇచ్చింది,0.6186950206756592
U794953,761698,9,2515611,ఆమె కూడా భర్తకు విడాకులు ఇచ్చింది,ఆమె కూడా భర్తకు విడాకులు ఇచ్చింది,0.6186950206756592
U794953,761698,10,2527189,హాట్ హిట్స్,హాట్ హిట్స్,0.6152928471565247
U795897,762746,1,2519811,‘ఇస్కాన్’పై బంగ్లాదేశ్లో నిషేధం?,‘ఇస్కాన్’పై బంగ్లాదేశ్లో నిషేధం?,0.5105876326560974
U795897,762746,2,2519719,‘ఇస్కాన్’పై బంగ్లాదేశ్లో నిషేధం?,‘ఇస్కాన్’పై బంగ్లాదేశ్లో నిషేధం?,0.5105876326560974
U795897,762746,3,2520014,‘ఇస్కాన్’పై బంగ్లాదేశ్లో నిషేధం!,‘ఇస్కాన్’పై బంగ్లాదేశ్లో నిషేధం!,0.5102142691612244
U795897,762746,4,2505088,కెనడాలో హిందూ  ఆలయంపై దాడి,కెనడాలో హిందూ ఆలయంపై దాడి,0.510187566280365
U795897,762746,5,2504924,కెనడాలో హిందూ  ఆలయంపై దాడి,కెనడాలో హిందూ ఆలయంపై దాడి,0.510187566280365
U795897,762746,6,126863,చిక్కుల్లో ఏపీ హోం మంత్రి సుచరిత .. !,చిక్కుల్లో ఏపీ హోం మంత్రి సుచరిత .. !,0.5096794366836548
U795897,762746,7,2492078,జీవిత ఖైదీలకు క్షమాభిక్షపై అధ్యయన కమిటీ,జీవిత ఖైదీలకు క్షమాభిక్షపై అధ్యయన కమిటీ,0.5095927119255066
U795897,762746,8,2495277,గ్రూప్–1 మెయిన్స్ పరీక్షకు పటిష్ఠ భద్రత,గ్రూప్–1 మెయిన్స్ పరీక్షకు పటిష్ఠ భద్రత,0.5095005035400391
U795897,762746,9,2494871,గ్రూప్–1 మెయిన్స్ పరీక్షకు పటిష్ఠ భద్రత,గ్రూప్–1 మెయిన్స్ పరీక్షకు పటిష్ఠ భద్రత,0.5095005035400391
U795897,762746,10,2491497,బెంగాల్ సర్కారుకు సీనియర్ వైద్యుల హెచ్చరిక,బెంగాల్ సర్కారుకు సీనియర్ వైద్యుల హెచ్చరిక,0.5093863010406494
U796594,763521,1,2515611,ఆమె కూడా భర్తకు విడాకులు ఇచ్చింది,ఆమె కూడా భర్తకు విడాకులు ఇచ్చింది,0.5203631520271301
U796594,763521,2,2515130,ఆమె కూడా భర్తకు విడాకులు ఇచ్చింది,ఆమె కూడా భర్తకు విడాకులు ఇచ్చింది,0.5203631520271301
U796594,763521,3,2515400,ఆమె కూడా భర్తకు విడాకులు ఇచ్చింది,ఆమె కూడా భర్తకు విడాకులు ఇచ్చింది,0.5203631520271301
U796594,763521,4,2508608,హాట్ హిట్స్ ,హాట్ హిట్స్,0.5199371576309204
U796594,763521,5,2508601,హాట్ హిట్స్ ,హాట్ హిట్స్,0.5199371576309204
U796594,763521,6,2508615,హాట్ హిట్స్ ,హాట్ హిట్స్,0.5199371576309204
U796594,763521,7,2513315,హాట్ హిట్స్,హాట్ హిట్స్,0.5198432803153992
U796594,763521,8,2513068,హాట్ హిట్స్,హాట్ హిట్స్,0.5198432803153992
U796594,763521,9,2513089,హాట్ హిట్స్,హాట్ హిట్స్,0.5198432803153992
U796594,763521,10,386042,‘మాస్టర్ చెఫ్’కి హోస్ట్ గా తమన్నా !,‘మాస్టర్ చెఫ్’కి హోస్ట్ గా తమన్నా !,0.5173226594924927
U797523,764554,1,2515130,ఆమె కూడా భర్తకు విడాకులు ఇచ్చింది,ఆమె కూడా భర్తకు విడాకులు ఇచ్చింది,0.5939158201217651
U797523,764554,2,2515400,ఆమె కూడా భర్తకు విడాకులు ఇచ్చింది,ఆమె కూడా భర్తకు విడాకులు ఇచ్చింది,0.5939158201217651
U797523,764554,3,2515611,ఆమె కూడా భర్తకు విడాకులు ఇచ్చింది,ఆమె కూడా భర్తకు విడాకులు ఇచ్చింది,0.5939158201217651
U797523,764554,4,2508601,హాట్ హిట్స్ ,హాట్ హిట్స్,0.5938230156898499
U797523,764554,5,2508615,హాట్ హిట్స్ ,హాట్ హిట్స్,0.5938230156898499
U797523,764554,6,2508608,హాట్ హిట్స్ ,హాట్ హిట్స్,0.5938230156898499
U797523,764554,7,2513068,హాట్ హిట్స్,హాట్ హిట్స్,0.5937437415122986
U797523,764554,8,2513315,హాట్ హిట్స్,హాట్ హిట్స్,0.5937437415122986
U797523,764554,9,2513089,హాట్ హిట్స్,హాట్ హిట్స్,0.5937437415122986
U797523,764554,10,2527338,హాట్ హిట్స్,హాట్ హిట్స్,0.5901424884796143
U797976,765056,1,2515400,ఆమె కూడా భర్తకు విడాకులు ఇచ్చింది,ఆమె కూడా భర్తకు విడాకులు ఇచ్చింది,0.5212947726249695
U797976,765056,2,2515611,ఆమె కూడా భర్తకు విడాకులు ఇచ్చింది,ఆమె కూడా భర్తకు విడాకులు ఇచ్చింది,0.5212947726249695
U797976,765056,3,2515130,ఆమె కూడా భర్తకు విడాకులు ఇచ్చింది,ఆమె కూడా భర్తకు విడాకులు ఇచ్చింది,0.5212947726249695
U797976,765056,4,2508608,హాట్ హిట్స్ ,హాట్ హిట్స్,0.5210686326026917
U797976,765056,5,2508615,హాట్ హిట్స్ ,హాట్ హిట్స్,0.5210686326026917
U797976,765056,6,2508601,హాట్ హిట్స్ ,హాట్ హిట్స్,0.5210686326026917
U797976,765056,7,2513068,హాట్ హిట్స్,హాట్ హిట్స్,0.5210042595863342
U797976,765056,8,2513315,హాట్ హిట్స్,హాట్ హిట్స్,0.5210042595863342
U797976,765056,9,2513089,హాట్ హిట్స్,హాట్ హిట్స్,0.5210042595863342
U797976,765056,10,2527189,హాట్ హిట్స్,హాట్ హిట్స్,0.5180810689926147
U798787,765957,1,2508608,హాట్ హిట్స్ ,హాట్ హిట్స్,0.6733844876289368
U798787,765957,2,2508601,హాట్ హిట్స్ ,హాట్ హిట్స్,0.6733844876289368
U798787,765957,3,2508615,హాట్ హిట్స్ ,హాట్ హిట్స్,0.6733844876289368
U798787,765957,4,2513315,హాట్ హిట్స్,హాట్ హిట్స్,0.6733628511428833
U798787,765957,5,2513089,హాట్ హిట్స్,హాట్ హిట్స్,0.6733628511428833
U798787,765957,6,2513068,హాట్ హిట్స్,హాట్ హిట్స్,0.6733628511428833
U798787,765957,7,2515400,ఆమె కూడా భర్తకు విడాకులు ఇచ్చింది,ఆమె కూడా భర్తకు విడాకులు ఇచ్చింది,0.6727390289306641
U798787,765957,8,2515130,ఆమె కూడా భర్తకు విడాకులు ఇచ్చింది,ఆమె కూడా భర్తకు విడాకులు ఇచ్చింది,0.6727390289306641
U798787,765957,9,2515611,ఆమె కూడా భర్తకు విడాకులు ఇచ్చింది,ఆమె కూడా భర్తకు విడాకులు ఇచ్చింది,0.6727390289306641
U798787,765957,10,2527189,హాట్ హిట్స్,హాట్ హిట్స్,0.6694625616073608
U799213,766432,1,2508615,హాట్ హిట్స్ ,హాట్ హిట్స్,0.6499650478363037
U799213,766432,2,2508601,హాట్ హిట్స్ ,హాట్ హిట్స్,0.6499650478363037
U799213,766432,3,2508608,హాట్ హిట్స్ ,హాట్ హిట్స్,0.6499650478363037
U799213,766432,4,2513315,హాట్ హిట్స్,హాట్ హిట్స్,0.6499369740486145
U799213,766432,5,2513068,హాట్ హిట్స్,హాట్ హిట్స్,0.6499369740486145
U799213,766432,6,2513089,హాట్ హిట్స్,హాట్ హిట్స్,0.6499369740486145
U799213,766432,7,2515130,ఆమె కూడా భర్తకు విడాకులు ఇచ్చింది,ఆమె కూడా భర్తకు విడాకులు ఇచ్చింది,0.6491640210151672
U799213,766432,8,2515400,ఆమె కూడా భర్తకు విడాకులు ఇచ్చింది,ఆమె కూడా భర్తకు విడాకులు ఇచ్చింది,0.6491640210151672
U799213,766432,9,2515611,ఆమె కూడా భర్తకు విడాకులు ఇచ్చింది,ఆమె కూడా భర్తకు విడాకులు ఇచ్చింది,0.6491640210151672
U799213,766432,10,2527189,హాట్ హిట్స్,హాట్ హిట్స్,0.6462087035179138
U79975,767027,1,2493810,"ఇన్ఫీ లాభం రూ.6,506 కోట్లు","ఇన్ఫీ లాభం రూ.6,506 కోట్లు",3.9443914890289307
U79975,767027,2,2493695,"ఇన్ఫీ లాభం రూ.6,506 కోట్లు","ఇన్ఫీ లాభం రూ.6,506 కోట్లు",3.9443914890289307
U79975,767027,3,2494006,"ఇన్ఫీ లాభం రూ.6,506 కోట్లు","ఇన్ఫీ లాభం రూ.6,506 కోట్లు",3.9443914890289307
U79975,767027,4,2499551,"ఐసీఐసీఐ బ్యాంక్  లాభం రూ.11,746 కోట్లు ","ఐసీఐసీఐ బ్యాంక్ లాభం రూ.11,746 కోట్లు",3.944324016571045
U79975,767027,5,2511446,రెండేళ్ల గరిష్ఠానికి ఎగుమతులు,రెండేళ్ల గరిష్ఠానికి ఎగుమతులు,3.943193197250366
U79975,767027,6,2526227,ఐదు రోజుల ర్యాలీకి బ్రేక్ ,ఐదు రోజుల ర్యాలీకి బ్రేక్,3.942720651626587
U79975,767027,7,2526025,ఐదు రోజుల ర్యాలీకి బ్రేక్ ,ఐదు రోజుల ర్యాలీకి బ్రేక్,3.942720651626587
U79975,767027,8,2525867,ఐదు రోజుల ర్యాలీకి బ్రేక్ ,ఐదు రోజుల ర్యాలీకి బ్రేక్,3.942720651626587
U79975,767027,9,2515124,రియల్టీలోకి  ఈక్విటీ పెట్టుబడుల వెల్లువ,రియల్టీలోకి ఈక్విటీ పెట్టుబడుల వెల్లువ,3.942711114883423
U79975,767027,10,2515427,రియల్టీలోకి  ఈక్విటీ పెట్టుబడుల వెల్లువ,రియల్టీలోకి ఈక్విటీ పెట్టుబడుల వెల్లువ,3.942711114883423
U800597,767970,1,2508608,హాట్ హిట్స్ ,హాట్ హిట్స్,0.6799541711807251
U800597,767970,2,2508601,హాట్ హిట్స్ ,హాట్ హిట్స్,0.6799541711807251
U800597,767970,3,2508615,హాట్ హిట్స్ ,హాట్ హిట్స్,0.6799541711807251
U800597,767970,4,2513068,హాట్ హిట్స్,హాట్ హిట్స్,0.6799110770225525
U800597,767970,5,2513089,హాట్ హిట్స్,హాట్ హిట్స్,0.6799110770225525
U800597,767970,6,2513315,హాట్ హిట్స్,హాట్ హిట్స్,0.6799110770225525
U800597,767970,7,2515611,ఆమె కూడా భర్తకు విడాకులు ఇచ్చింది,ఆమె కూడా భర్తకు విడాకులు ఇచ్చింది,0.6790109872817993
U800597,767970,8,2515130,ఆమె కూడా భర్తకు విడాకులు ఇచ్చింది,ఆమె కూడా భర్తకు విడాకులు ఇచ్చింది,0.6790109872817993
U800597,767970,9,2515400,ఆమె కూడా భర్తకు విడాకులు ఇచ్చింది,ఆమె కూడా భర్తకు విడాకులు ఇచ్చింది,0.6790109872817993
U800597,767970,10,2527189,హాట్ హిట్స్,హాట్ హిట్స్,0.6759306788444519
U800946,768358,1,2508615,హాట్ హిట్స్ ,హాట్ హిట్స్,0.5796030759811401
U800946,768358,2,2508608,హాట్ హిట్స్ ,హాట్ హిట్స్,0.5796030759811401
U800946,768358,3,2508601,హాట్ హిట్స్ ,హాట్ హిట్స్,0.5796030759811401
U800946,768358,4,2515130,ఆమె కూడా భర్తకు విడాకులు ఇచ్చింది,ఆమె కూడా భర్తకు విడాకులు ఇచ్చింది,0.5795484185218811
U800946,768358,5,2515611,ఆమె కూడా భర్తకు విడాకులు ఇచ్చింది,ఆమె కూడా భర్తకు విడాకులు ఇచ్చింది,0.5795484185218811
U800946,768358,6,2515400,ఆమె కూడా భర్తకు విడాకులు ఇచ్చింది,ఆమె కూడా భర్తకు విడాకులు ఇచ్చింది,0.5795484185218811
U800946,768358,7,2513315,హాట్ హిట్స్,హాట్ హిట్స్,0.5795060992240906
U800946,768358,8,2513089,హాట్ హిట్స్,హాట్ హిట్స్,0.5795060992240906
U800946,768358,9,2513068,హాట్ హిట్స్,హాట్ హిట్స్,0.5795060992240906
U800946,768358,10,2527427,హాట్ హిట్స్,హాట్ హిట్స్,0.5759371519088745
U803605,771313,1,2508615,హాట్ హిట్స్ ,హాట్ హిట్స్,0.643570065498352
U803605,771313,2,2508608,హాట్ హిట్స్ ,హాట్ హిట్స్,0.643570065498352
U803605,771313,3,2508601,హాట్ హిట్స్ ,హాట్ హిట్స్,0.643570065498352
U803605,771313,4,2513315,హాట్ హిట్స్,హాట్ హిట్స్,0.6434913277626038
U803605,771313,5,2513068,హాట్ హిట్స్,హాట్ హిట్స్,0.6434913277626038
U803605,771313,6,2513089,హాట్ హిట్స్,హాట్ హిట్స్,0.6434913277626038
U803605,771313,7,2515611,ఆమె కూడా భర్తకు విడాకులు ఇచ్చింది,ఆమె కూడా భర్తకు విడాకులు ఇచ్చింది,0.642442524433136
U803605,771313,8,2515400,ఆమె కూడా భర్తకు విడాకులు ఇచ్చింది,ఆమె కూడా భర్తకు విడాకులు ఇచ్చింది,0.642442524433136
U803605,771313,9,2515130,ఆమె కూడా భర్తకు విడాకులు ఇచ్చింది,ఆమె కూడా భర్తకు విడాకులు ఇచ్చింది,0.642442524433136
U803605,771313,10,2527189,హాట్ హిట్స్,హాట్ హిట్స్,0.6396298408508301
U803628,771338,1,2508608,హాట్ హిట్స్ ,హాట్ హిట్స్,0.6735418438911438
U803628,771338,2,2508615,హాట్ హిట్స్ ,హాట్ హిట్స్,0.6735418438911438
U803628,771338,3,2508601,హాట్ హిట్స్ ,హాట్ హిట్స్,0.6735418438911438
U803628,771338,4,2513315,హాట్ హిట్స్,హాట్ హిట్స్,0.6735117435455322
U803628,771338,5,2513068,హాట్ హిట్స్,హాట్ హిట్స్,0.6735117435455322
U803628,771338,6,2513089,హాట్ హిట్స్,హాట్ హిట్స్,0.6735117435455322
U803628,771338,7,2515400,ఆమె కూడా భర్తకు విడాకులు ఇచ్చింది,ఆమె కూడా భర్తకు విడాకులు ఇచ్చింది,0.6725495457649231
U803628,771338,8,2515611,ఆమె కూడా భర్తకు విడాకులు ఇచ్చింది,ఆమె కూడా భర్తకు విడాకులు ఇచ్చింది,0.6725495457649231
U803628,771338,9,2515130,ఆమె కూడా భర్తకు విడాకులు ఇచ్చింది,ఆమె కూడా భర్తకు విడాకులు ఇచ్చింది,0.6725495457649231
U803628,771338,10,2527189,హాట్ హిట్స్,హాట్ హిట్స్,0.6695189476013184
U803858,771593,1,2515400,ఆమె కూడా భర్తకు విడాకులు ఇచ్చింది,ఆమె కూడా భర్తకు విడాకులు ఇచ్చింది,0.5686391592025757
U803858,771593,2,2515130,ఆమె కూడా భర్తకు విడాకులు ఇచ్చింది,ఆమె కూడా భర్తకు విడాకులు ఇచ్చింది,0.5686391592025757
U803858,771593,3,2515611,ఆమె కూడా భర్తకు విడాకులు ఇచ్చింది,ఆమె కూడా భర్తకు విడాకులు ఇచ్చింది,0.5686391592025757
U803858,771593,4,2508615,హాట్ హిట్స్ ,హాట్ హిట్స్,0.5684333443641663
U803858,771593,5,2508608,హాట్ హిట్స్ ,హాట్ హిట్స్,0.5684333443641663
U803858,771593,6,2508601,హాట్ హిట్స్ ,హాట్ హిట్స్,0.5684333443641663
U803858,771593,7,2513089,హాట్ హిట్స్,హాట్ హిట్స్,0.568333089351654
U803858,771593,8,2513068,హాట్ హిట్స్,హాట్ హిట్స్,0.568333089351654
U803858,771593,9,2513315,హాట్ హిట్స్,హాట్ హిట్స్,0.568333089351654
U803858,771593,10,2527427,హాట్ హిట్స్,హాట్ హిట్స్,0.5648912191390991
U80866,776928,1,2525927,చలి కాలంలో,చలి కాలంలో,2.968475580215454
U80866,776928,2,2526063,చలి కాలంలో,చలి కాలంలో,2.968475580215454
U80866,776928,3,2502885,ఆప్రికాట్ డిలైట్,ఆప్రికాట్ డిలైట్,2.9569919109344482
U80866,776928,4,2502779,ఆప్రికాట్ డిలైట్,ఆప్రికాట్ డిలైట్,2.9569919109344482
U80866,776928,5,2503090,ఆప్రికాట్ డిలైట్,ఆప్రికాట్ డిలైట్,2.9569919109344482
U80866,776928,6,2483635,కాఫీ సందేశ్!,కాఫీ సందేశ్!,2.909771203994751
U80866,776928,7,2483620,కాఫీ సందేశ్!,కాఫీ సందేశ్!,2.909771203994751
U80866,776928,8,2483693,కాఫీ సందేశ్!,కాఫీ సందేశ్!,2.909771203994751
U80866,776928,9,2541362,వెనీలా కేక్... మీ కోసం,వెనీలా కేక్... మీ కోసం,2.879786252975464
U80866,776928,10,2541390,వెనీలా కేక్... మీ కోసం,వెనీలా కేక్... మీ కోసం,2.879786252975464
U809173,777499,1,2519811,‘ఇస్కాన్’పై బంగ్లాదేశ్లో నిషేధం?,‘ఇస్కాన్’పై బంగ్లాదేశ్లో నిషేధం?,0.48335984349250793
U809173,777499,2,2519719,‘ఇస్కాన్’పై బంగ్లాదేశ్లో నిషేధం?,‘ఇస్కాన్’పై బంగ్లాదేశ్లో నిషేధం?,0.48335984349250793
U809173,777499,3,2505088,కెనడాలో హిందూ  ఆలయంపై దాడి,కెనడాలో హిందూ ఆలయంపై దాడి,0.48314139246940613
U809173,777499,4,2504924,కెనడాలో హిందూ  ఆలయంపై దాడి,కెనడాలో హిందూ ఆలయంపై దాడి,0.48314139246940613
U809173,777499,5,2508615,హాట్ హిట్స్ ,హాట్ హిట్స్,0.48313280940055847
U809173,777499,6,2508608,హాట్ హిట్స్ ,హాట్ హిట్స్,0.48313280940055847
U809173,777499,7,2508601,హాట్ హిట్స్ ,హాట్ హిట్స్,0.48313280940055847
U809173,777499,8,2515400,ఆమె కూడా భర్తకు విడాకులు ఇచ్చింది,ఆమె కూడా భర్తకు విడాకులు ఇచ్చింది,0.48306676745414734
U809173,777499,9,2515611,ఆమె కూడా భర్తకు విడాకులు ఇచ్చింది,ఆమె కూడా భర్తకు విడాకులు ఇచ్చింది,0.48306676745414734
U809173,777499,10,2515130,ఆమె కూడా భర్తకు విడాకులు ఇచ్చింది,ఆమె కూడా భర్తకు విడాకులు ఇచ్చింది,0.48306676745414734
U809335,777679,1,2508615,హాట్ హిట్స్ ,హాట్ హిట్స్,0.674697756767273
U809335,777679,2,2508608,హాట్ హిట్స్ ,హాట్ హిట్స్,0.674697756767273
U809335,777679,3,2508601,హాట్ హిట్స్ ,హాట్ హిట్స్,0.674697756767273
U809335,777679,4,2513089,హాట్ హిట్స్,హాట్ హిట్స్,0.6746883392333984
U809335,777679,5,2513068,హాట్ హిట్స్,హాట్ హిట్స్,0.6746883392333984
U809335,777679,6,2513315,హాట్ హిట్స్,హాట్ హిట్స్,0.6746883392333984
U809335,777679,7,2515611,ఆమె కూడా భర్తకు విడాకులు ఇచ్చింది,ఆమె కూడా భర్తకు విడాకులు ఇచ్చింది,0.6736881732940674
U809335,777679,8,2515400,ఆమె కూడా భర్తకు విడాకులు ఇచ్చింది,ఆమె కూడా భర్తకు విడాకులు ఇచ్చింది,0.6736881732940674
U809335,777679,9,2515130,ఆమె కూడా భర్తకు విడాకులు ఇచ్చింది,ఆమె కూడా భర్తకు విడాకులు ఇచ్చింది,0.6736881732940674
U809335,777679,10,2527189,హాట్ హిట్స్,హాట్ హిట్స్,0.6707515120506287
U809402,777754,1,2508608,హాట్ హిట్స్ ,హాట్ హిట్స్,0.5646951794624329
U809402,777754,2,2508615,హాట్ హిట్స్ ,హాట్ హిట్స్,0.5646951794624329
U809402,777754,3,2508601,హాట్ హిట్స్ ,హాట్ హిట్స్,0.5646951794624329
U809402,777754,4,2513315,హాట్ హిట్స్,హాట్ హిట్స్,0.5646417737007141
U809402,777754,5,2513089,హాట్ హిట్స్,హాట్ హిట్స్,0.5646417737007141
U809402,777754,6,2513068,హాట్ హిట్స్,హాట్ హిట్స్,0.5646417737007141
U809402,777754,7,2515400,ఆమె కూడా భర్తకు విడాకులు ఇచ్చింది,ఆమె కూడా భర్తకు విడాకులు ఇచ్చింది,0.5642022490501404
U809402,777754,8,2515611,ఆమె కూడా భర్తకు విడాకులు ఇచ్చింది,ఆమె కూడా భర్తకు విడాకులు ఇచ్చింది,0.5642022490501404
U809402,777754,9,2515130,ఆమె కూడా భర్తకు విడాకులు ఇచ్చింది,ఆమె కూడా భర్తకు విడాకులు ఇచ్చింది,0.5642022490501404
U809402,777754,10,2527189,హాట్ హిట్స్,హాట్ హిట్స్,0.5613595843315125
U812033,780678,1,2508601,హాట్ హిట్స్ ,హాట్ హిట్స్,0.5578858852386475
U812033,780678,2,2508615,హాట్ హిట్స్ ,హాట్ హిట్స్,0.5578858852386475
U812033,780678,3,2508608,హాట్ హిట్స్ ,హాట్ హిట్స్,0.5578858852386475
U812033,780678,4,2513089,హాట్ హిట్స్,హాట్ హిట్స్,0.5577965974807739
U812033,780678,5,2513315,హాట్ హిట్స్,హాట్ హిట్స్,0.5577965974807739
U812033,780678,6,2513068,హాట్ హిట్స్,హాట్ హిట్స్,0.5577965974807739
U812033,780678,7,2515130,ఆమె కూడా భర్తకు విడాకులు ఇచ్చింది,ఆమె కూడా భర్తకు విడాకులు ఇచ్చింది,0.5571685433387756
U812033,780678,8,2515611,ఆమె కూడా భర్తకు విడాకులు ఇచ్చింది,ఆమె కూడా భర్తకు విడాకులు ఇచ్చింది,0.5571685433387756
U812033,780678,9,2515400,ఆమె కూడా భర్తకు విడాకులు ఇచ్చింది,ఆమె కూడా భర్తకు విడాకులు ఇచ్చింది,0.5571685433387756
U812033,780678,10,2527189,హాట్ హిట్స్,హాట్ హిట్స్,0.5544677376747131
U81314,781907,1,666456,ఇప్పట్లో ధోనీ రిటైర్ అవ్వడు : ఎమ్మెస్కే,ఇప్పట్లో ధోనీ రిటైర్ అవ్వడు : ఎమ్మెస్కే,2.2792201042175293
U81314,781907,2,540597,వెస్టిండీస్ పర్యటనకు భారత జట్టు ప్రకటన,వెస్టిండీస్ పర్యటనకు భారత జట్టు ప్రకటన,2.2791433334350586
U81314,781907,3,2529957,ఆకాశ్దీప్ ఆడేనా?,ఆకాశ్దీప్ ఆడేనా?,2.2790963649749756
U81314,781907,4,2529927,ఆకాశ్దీప్ ఆడేనా?,ఆకాశ్దీప్ ఆడేనా?,2.2790963649749756
U81314,781907,5,2530007,ఆకాశ్దీప్ ఆడేనా?,ఆకాశ్దీప్ ఆడేనా?,2.2790963649749756
U81314,781907,6,2545264,‘రిజర్వ్’ పేస్లో ,‘రిజర్వ్’ పేస్లో,2.279012441635132
U81314,781907,7,2544989,‘రిజర్వ్’ పేస్లో ,‘రిజర్వ్’ పేస్లో,2.279012441635132
U81314,781907,8,2544674,‘రిజర్వ్’ పేస్లో ,‘రిజర్వ్’ పేస్లో,2.279012441635132
U81314,781907,9,649796,ప్రపంచకప్ జట్టులో రహానె ఉండాలి,ప్రపంచకప్ జట్టులో రహానె ఉండాలి,2.278916358947754
U81314,781907,10,2509585, బుమ్రాకే పగ్గాలు!,బుమ్రాకే పగ్గాలు!,2.278895139694214
U813843,782688,1,2508615,హాట్ హిట్స్ ,హాట్ హిట్స్,0.6121776103973389
U813843,782688,2,2508601,హాట్ హిట్స్ ,హాట్ హిట్స్,0.6121776103973389
U813843,782688,3,2508608,హాట్ హిట్స్ ,హాట్ హిట్స్,0.6121776103973389
U813843,782688,4,2513315,హాట్ హిట్స్,హాట్ హిట్స్,0.6121035814285278
U813843,782688,5,2513068,హాట్ హిట్స్,హాట్ హిట్స్,0.6121035814285278
U813843,782688,6,2513089,హాట్ హిట్స్,హాట్ హిట్స్,0.6121035814285278
U813843,782688,7,2515400,ఆమె కూడా భర్తకు విడాకులు ఇచ్చింది,ఆమె కూడా భర్తకు విడాకులు ఇచ్చింది,0.6118720173835754
U813843,782688,8,2515130,ఆమె కూడా భర్తకు విడాకులు ఇచ్చింది,ఆమె కూడా భర్తకు విడాకులు ఇచ్చింది,0.6118720173835754
U813843,782688,9,2515611,ఆమె కూడా భర్తకు విడాకులు ఇచ్చింది,ఆమె కూడా భర్తకు విడాకులు ఇచ్చింది,0.6118720173835754
U813843,782688,10,2527338,హాట్ హిట్స్,హాట్ హిట్స్,0.6083927750587463
U816531,785675,1,2508615,హాట్ హిట్స్ ,హాట్ హిట్స్,0.6516968011856079
U816531,785675,2,2508601,హాట్ హిట్స్ ,హాట్ హిట్స్,0.6516968011856079
U816531,785675,3,2508608,హాట్ హిట్స్ ,హాట్ హిట్స్,0.6516968011856079
U816531,785675,4,2513068,హాట్ హిట్స్,హాట్ హిట్స్,0.6516543030738831
U816531,785675,5,2513089,హాట్ హిట్స్,హాట్ హిట్స్,0.6516543030738831
U816531,785675,6,2513315,హాట్ హిట్స్,హాట్ హిట్స్,0.6516543030738831
U816531,785675,7,2515611,ఆమె కూడా భర్తకు విడాకులు ఇచ్చింది,ఆమె కూడా భర్తకు విడాకులు ఇచ్చింది,0.6507478356361389
U816531,785675,8,2515400,ఆమె కూడా భర్తకు విడాకులు ఇచ్చింది,ఆమె కూడా భర్తకు విడాకులు ఇచ్చింది,0.6507478356361389
U816531,785675,9,2515130,ఆమె కూడా భర్తకు విడాకులు ఇచ్చింది,ఆమె కూడా భర్తకు విడాకులు ఇచ్చింది,0.6507478356361389
U816531,785675,10,2527427,హాట్ హిట్స్,హాట్ హిట్స్,0.6477615237236023
U819004,788423,1,2515611,ఆమె కూడా భర్తకు విడాకులు ఇచ్చింది,ఆమె కూడా భర్తకు విడాకులు ఇచ్చింది,0.6124783158302307
U819004,788423,2,2515400,ఆమె కూడా భర్తకు విడాకులు ఇచ్చింది,ఆమె కూడా భర్తకు విడాకులు ఇచ్చింది,0.6124783158302307
U819004,788423,3,2515130,ఆమె కూడా భర్తకు విడాకులు ఇచ్చింది,ఆమె కూడా భర్తకు విడాకులు ఇచ్చింది,0.6124783158302307
U819004,788423,4,2508601,హాట్ హిట్స్ ,హాట్ హిట్స్,0.6122829914093018
U819004,788423,5,2508615,హాట్ హిట్స్ ,హాట్ హిట్స్,0.6122829914093018
U819004,788423,6,2508608,హాట్ హిట్స్ ,హాట్ హిట్స్,0.6122829914093018
U819004,788423,7,2513315,హాట్ హిట్స్,హాట్ హిట్స్,0.6122380495071411
U819004,788423,8,2513068,హాట్ హిట్స్,హాట్ హిట్స్,0.6122380495071411
U819004,788423,9,2513089,హాట్ హిట్స్,హాట్ హిట్స్,0.6122380495071411
U819004,788423,10,2527338,హాట్ హిట్స్,హాట్ హిట్స్,0.6085835099220276
U824320,794330,1,2508601,హాట్ హిట్స్ ,హాట్ హిట్స్,0.5623511075973511
U824320,794330,2,2508615,హాట్ హిట్స్ ,హాట్ హిట్స్,0.5623511075973511
U824320,794330,3,2508608,హాట్ హిట్స్ ,హాట్ హిట్స్,0.5623511075973511
U824320,794330,4,2513315,హాట్ హిట్స్,హాట్ హిట్స్,0.5622872710227966
U824320,794330,5,2513089,హాట్ హిట్స్,హాట్ హిట్స్,0.5622872710227966
U824320,794330,6,2513068,హాట్ హిట్స్,హాట్ హిట్స్,0.5622872710227966
U824320,794330,7,2515130,ఆమె కూడా భర్తకు విడాకులు ఇచ్చింది,ఆమె కూడా భర్తకు విడాకులు ఇచ్చింది,0.562275767326355
U824320,794330,8,2515400,ఆమె కూడా భర్తకు విడాకులు ఇచ్చింది,ఆమె కూడా భర్తకు విడాకులు ఇచ్చింది,0.562275767326355
U824320,794330,9,2515611,ఆమె కూడా భర్తకు విడాకులు ఇచ్చింది,ఆమె కూడా భర్తకు విడాకులు ఇచ్చింది,0.562275767326355
U824320,794330,10,2527338,హాట్ హిట్స్,హాట్ హిట్స్,0.5589191317558289
U824606,794647,1,2508608,హాట్ హిట్స్ ,హాట్ హిట్స్,0.6839874386787415
U824606,794647,2,2508601,హాట్ హిట్స్ ,హాట్ హిట్స్,0.6839874386787415
U824606,794647,3,2508615,హాట్ హిట్స్ ,హాట్ హిట్స్,0.6839874386787415
U824606,794647,4,2513068,హాట్ హిట్స్,హాట్ హిట్స్,0.6839796900749207
U824606,794647,5,2513089,హాట్ హిట్స్,హాట్ హిట్స్,0.6839796900749207
U824606,794647,6,2513315,హాట్ హిట్స్,హాట్ హిట్స్,0.6839796900749207
U824606,794647,7,2515130,ఆమె కూడా భర్తకు విడాకులు ఇచ్చింది,ఆమె కూడా భర్తకు విడాకులు ఇచ్చింది,0.6833836436271667
U824606,794647,8,2515400,ఆమె కూడా భర్తకు విడాకులు ఇచ్చింది,ఆమె కూడా భర్తకు విడాకులు ఇచ్చింది,0.6833836436271667
U824606,794647,9,2515611,ఆమె కూడా భర్తకు విడాకులు ఇచ్చింది,ఆమె కూడా భర్తకు విడాకులు ఇచ్చింది,0.6833836436271667
U824606,794647,10,2527189,హాట్ హిట్స్,హాట్ హిట్స్,0.6800103783607483
U82607,796273,1,666456,ఇప్పట్లో ధోనీ రిటైర్ అవ్వడు : ఎమ్మెస్కే,ఇప్పట్లో ధోనీ రిటైర్ అవ్వడు : ఎమ్మెస్కే,3.065925359725952
U82607,796273,2,2530007,ఆకాశ్దీప్ ఆడేనా?,ఆకాశ్దీప్ ఆడేనా?,3.0658092498779297
U82607,796273,3,2529927,ఆకాశ్దీప్ ఆడేనా?,ఆకాశ్దీప్ ఆడేనా?,3.0658092498779297
U82607,796273,4,2529957,ఆకాశ్దీప్ ఆడేనా?,ఆకాశ్దీప్ ఆడేనా?,3.0658092498779297
U82607,796273,5,540597,వెస్టిండీస్ పర్యటనకు భారత జట్టు ప్రకటన,వెస్టిండీస్ పర్యటనకు భారత జట్టు ప్రకటన,3.065793752670288
U82607,796273,6,2542932,రోహిత్కు ముందే చెప్పేశారా?,రోహిత్కు ముందే చెప్పేశారా?,3.065415143966675
U82607,796273,7,2543335,రోహిత్కు ముందే చెప్పేశారా?,రోహిత్కు ముందే చెప్పేశారా?,3.065415143966675
U82607,796273,8,2543414,రోహిత్కు ముందే చెప్పేశారా?,రోహిత్కు ముందే చెప్పేశారా?,3.065415143966675
U82607,796273,9,2509585, బుమ్రాకే పగ్గాలు!,బుమ్రాకే పగ్గాలు!,3.0652260780334473
U82607,796273,10,2509639, బుమ్రాకే పగ్గాలు!,బుమ్రాకే పగ్గాలు!,3.0652260780334473
U826702,796976,1,2519719,‘ఇస్కాన్’పై బంగ్లాదేశ్లో నిషేధం?,‘ఇస్కాన్’పై బంగ్లాదేశ్లో నిషేధం?,0.5073831081390381
U826702,796976,2,2519811,‘ఇస్కాన్’పై బంగ్లాదేశ్లో నిషేధం?,‘ఇస్కాన్’పై బంగ్లాదేశ్లో నిషేధం?,0.5073831081390381
U826702,796976,3,2520014,‘ఇస్కాన్’పై బంగ్లాదేశ్లో నిషేధం!,‘ఇస్కాన్’పై బంగ్లాదేశ్లో నిషేధం!,0.5070057511329651
U826702,796976,4,2505088,కెనడాలో హిందూ  ఆలయంపై దాడి,కెనడాలో హిందూ ఆలయంపై దాడి,0.5069735646247864
U826702,796976,5,2504924,కెనడాలో హిందూ  ఆలయంపై దాడి,కెనడాలో హిందూ ఆలయంపై దాడి,0.5069735646247864
U826702,796976,6,126863,చిక్కుల్లో ఏపీ హోం మంత్రి సుచరిత .. !,చిక్కుల్లో ఏపీ హోం మంత్రి సుచరిత .. !,0.5064974427223206
U826702,796976,7,2492078,జీవిత ఖైదీలకు క్షమాభిక్షపై అధ్యయన కమిటీ,జీవిత ఖైదీలకు క్షమాభిక్షపై అధ్యయన కమిటీ,0.5064618587493896
U826702,796976,8,2524084,శ్రీశైలం దేవస్థానం ఈవోగా శ్రీనివాసరావు,శ్రీశైలం దేవస్థానం ఈవోగా శ్రీనివాసరావు,0.5062747597694397
U826702,796976,9,2494871,గ్రూప్–1 మెయిన్స్ పరీక్షకు పటిష్ఠ భద్రత,గ్రూప్–1 మెయిన్స్ పరీక్షకు పటిష్ఠ భద్రత,0.5061997771263123
U826702,796976,10,2495277,గ్రూప్–1 మెయిన్స్ పరీక్షకు పటిష్ఠ భద్రత,గ్రూప్–1 మెయిన్స్ పరీక్షకు పటిష్ఠ భద్రత,0.5061997771263123
U827671,798052,1,2508601,హాట్ హిట్స్ ,హాట్ హిట్స్,0.5124938488006592
U827671,798052,2,2508615,హాట్ హిట్స్ ,హాట్ హిట్స్,0.5124938488006592
U827671,798052,3,2508608,హాట్ హిట్స్ ,హాట్ హిట్స్,0.5124938488006592
U827671,798052,4,2515611,ఆమె కూడా భర్తకు విడాకులు ఇచ్చింది,ఆమె కూడా భర్తకు విడాకులు ఇచ్చింది,0.512411892414093
U827671,798052,5,2515400,ఆమె కూడా భర్తకు విడాకులు ఇచ్చింది,ఆమె కూడా భర్తకు విడాకులు ఇచ్చింది,0.512411892414093
U827671,798052,6,2515130,ఆమె కూడా భర్తకు విడాకులు ఇచ్చింది,ఆమె కూడా భర్తకు విడాకులు ఇచ్చింది,0.512411892414093
U827671,798052,7,2513089,హాట్ హిట్స్,హాట్ హిట్స్,0.5123753547668457
U827671,798052,8,2513315,హాట్ హిట్స్,హాట్ హిట్స్,0.5123753547668457
U827671,798052,9,2513068,హాట్ హిట్స్,హాట్ హిట్స్,0.5123753547668457
U827671,798052,10,2527338,హాట్ హిట్స్,హాట్ హిట్స్,0.5092109441757202
U827904,798311,1,2508601,హాట్ హిట్స్ ,హాట్ హిట్స్,0.5662186145782471
U827904,798311,2,2508608,హాట్ హిట్స్ ,హాట్ హిట్స్,0.5662186145782471
U827904,798311,3,2508615,హాట్ హిట్స్ ,హాట్ హిట్స్,0.5662186145782471
U827904,798311,4,2513068,హాట్ హిట్స్,హాట్ హిట్స్,0.5661033987998962
U827904,798311,5,2513315,హాట్ హిట్స్,హాట్ హిట్స్,0.5661033987998962
U827904,798311,6,2513089,హాట్ హిట్స్,హాట్ హిట్స్,0.5661033987998962
U827904,798311,7,2515611,ఆమె కూడా భర్తకు విడాకులు ఇచ్చింది,ఆమె కూడా భర్తకు విడాకులు ఇచ్చింది,0.5655564069747925
U827904,798311,8,2515400,ఆమె కూడా భర్తకు విడాకులు ఇచ్చింది,ఆమె కూడా భర్తకు విడాకులు ఇచ్చింది,0.5655564069747925
U827904,798311,9,2515130,ఆమె కూడా భర్తకు విడాకులు ఇచ్చింది,ఆమె కూడా భర్తకు విడాకులు ఇచ్చింది,0.5655564069747925
U827904,798311,10,2527427,హాట్ హిట్స్,హాట్ హిట్స్,0.5625067949295044
U828594,799077,1,2519811,‘ఇస్కాన్’పై బంగ్లాదేశ్లో నిషేధం?,‘ఇస్కాన్’పై బంగ్లాదేశ్లో నిషేధం?,0.5301781892776489
U828594,799077,2,2519719,‘ఇస్కాన్’పై బంగ్లాదేశ్లో నిషేధం?,‘ఇస్కాన్’పై బంగ్లాదేశ్లో నిషేధం?,0.5301781892776489
U828594,799077,3,2505088,కెనడాలో హిందూ  ఆలయంపై దాడి,కెనడాలో హిందూ ఆలయంపై దాడి,0.5299794673919678
U828594,799077,4,2504924,కెనడాలో హిందూ  ఆలయంపై దాడి,కెనడాలో హిందూ ఆలయంపై దాడి,0.5299794673919678
U828594,799077,5,2520014,‘ఇస్కాన్’పై బంగ్లాదేశ్లో నిషేధం!,‘ఇస్కాన్’పై బంగ్లాదేశ్లో నిషేధం!,0.5298003554344177
U828594,799077,6,126863,చిక్కుల్లో ఏపీ హోం మంత్రి సుచరిత .. !,చిక్కుల్లో ఏపీ హోం మంత్రి సుచరిత .. !,0.5293638706207275
U828594,799077,7,2492078,జీవిత ఖైదీలకు క్షమాభిక్షపై అధ్యయన కమిటీ,జీవిత ఖైదీలకు క్షమాభిక్షపై అధ్యయన కమిటీ,0.5292297005653381
U828594,799077,8,2494871,గ్రూప్–1 మెయిన్స్ పరీక్షకు పటిష్ఠ భద్రత,గ్రూప్–1 మెయిన్స్ పరీక్షకు పటిష్ఠ భద్రత,0.5291146636009216
U828594,799077,9,2495277,గ్రూప్–1 మెయిన్స్ పరీక్షకు పటిష్ఠ భద్రత,గ్రూప్–1 మెయిన్స్ పరీక్షకు పటిష్ఠ భద్రత,0.5291146636009216
U828594,799077,10,2496004,రెచ్చగొట్టే కుట్ర,రెచ్చగొట్టే కుట్ర,0.5290479063987732
U831692,802520,1,2515611,ఆమె కూడా భర్తకు విడాకులు ఇచ్చింది,ఆమె కూడా భర్తకు విడాకులు ఇచ్చింది,0.550152063369751
U831692,802520,2,2515130,ఆమె కూడా భర్తకు విడాకులు ఇచ్చింది,ఆమె కూడా భర్తకు విడాకులు ఇచ్చింది,0.550152063369751
U831692,802520,3,2515400,ఆమె కూడా భర్తకు విడాకులు ఇచ్చింది,ఆమె కూడా భర్తకు విడాకులు ఇచ్చింది,0.550152063369751
U831692,802520,4,2508608,హాట్ హిట్స్ ,హాట్ హిట్స్,0.5499664545059204
U831692,802520,5,2508601,హాట్ హిట్స్ ,హాట్ హిట్స్,0.5499664545059204
U831692,802520,6,2508615,హాట్ హిట్స్ ,హాట్ హిట్స్,0.5499664545059204
U831692,802520,7,2513068,హాట్ హిట్స్,హాట్ హిట్స్,0.5498655438423157
U831692,802520,8,2513089,హాట్ హిట్స్,హాట్ హిట్స్,0.5498655438423157
U831692,802520,9,2513315,హాట్ హిట్స్,హాట్ హిట్స్,0.5498655438423157
U831692,802520,10,2527338,హాట్ హిట్స్,హాట్ హిట్స్,0.5464755296707153
U834061,805153,1,2508601,హాట్ హిట్స్ ,హాట్ హిట్స్,0.5057322382926941
U834061,805153,2,2508608,హాట్ హిట్స్ ,హాట్ హిట్స్,0.5057322382926941
U834061,805153,3,2508615,హాట్ హిట్స్ ,హాట్ హిట్స్,0.5057322382926941
U834061,805153,4,2513068,హాట్ హిట్స్,హాట్ హిట్స్,0.5056341290473938
U834061,805153,5,2513089,హాట్ హిట్స్,హాట్ హిట్స్,0.5056341290473938
U834061,805153,6,2513315,హాట్ హిట్స్,హాట్ హిట్స్,0.5056341290473938
U834061,805153,7,2515130,ఆమె కూడా భర్తకు విడాకులు ఇచ్చింది,ఆమె కూడా భర్తకు విడాకులు ఇచ్చింది,0.5051764845848083
U834061,805153,8,2515400,ఆమె కూడా భర్తకు విడాకులు ఇచ్చింది,ఆమె కూడా భర్తకు విడాకులు ఇచ్చింది,0.5051764845848083
U834061,805153,9,2515611,ఆమె కూడా భర్తకు విడాకులు ఇచ్చింది,ఆమె కూడా భర్తకు విడాకులు ఇచ్చింది,0.5051764845848083
U834061,805153,10,2527338,హాట్ హిట్స్,హాట్ హిట్స్,0.5025554895401001
U834114,805212,1,2508615,హాట్ హిట్స్ ,హాట్ హిట్స్,0.5330775380134583
U834114,805212,2,2508608,హాట్ హిట్స్ ,హాట్ హిట్స్,0.5330775380134583
U834114,805212,3,2508601,హాట్ హిట్స్ ,హాట్ హిట్స్,0.5330775380134583
U834114,805212,4,2515400,ఆమె కూడా భర్తకు విడాకులు ఇచ్చింది,ఆమె కూడా భర్తకు విడాకులు ఇచ్చింది,0.5330747365951538
U834114,805212,5,2515130,ఆమె కూడా భర్తకు విడాకులు ఇచ్చింది,ఆమె కూడా భర్తకు విడాకులు ఇచ్చింది,0.5330747365951538
U834114,805212,6,2515611,ఆమె కూడా భర్తకు విడాకులు ఇచ్చింది,ఆమె కూడా భర్తకు విడాకులు ఇచ్చింది,0.5330747365951538
U834114,805212,7,2513089,హాట్ హిట్స్,హాట్ హిట్స్,0.5330117344856262
U834114,805212,8,2513068,హాట్ హిట్స్,హాట్ హిట్స్,0.5330117344856262
U834114,805212,9,2513315,హాట్ హిట్స్,హాట్ హిట్స్,0.5330117344856262
U834114,805212,10,2527338,హాట్ హిట్స్,హాట్ హిట్స్,0.5298181772232056
U834896,806079,1,2508608,హాట్ హిట్స్ ,హాట్ హిట్స్,0.6122779846191406
U834896,806079,2,2508601,హాట్ హిట్స్ ,హాట్ హిట్స్,0.6122779846191406
U834896,806079,3,2508615,హాట్ హిట్స్ ,హాట్ హిట్స్,0.6122779846191406
U834896,806079,4,2513068,హాట్ హిట్స్,హాట్ హిట్స్,0.6121866106987
U834896,806079,5,2513089,హాట్ హిట్స్,హాట్ హిట్స్,0.6121866106987
U834896,806079,6,2513315,హాట్ హిట్స్,హాట్ హిట్స్,0.6121866106987
U834896,806079,7,2515611,ఆమె కూడా భర్తకు విడాకులు ఇచ్చింది,ఆమె కూడా భర్తకు విడాకులు ఇచ్చింది,0.6119756102561951
U834896,806079,8,2515130,ఆమె కూడా భర్తకు విడాకులు ఇచ్చింది,ఆమె కూడా భర్తకు విడాకులు ఇచ్చింది,0.6119756102561951
U834896,806079,9,2515400,ఆమె కూడా భర్తకు విడాకులు ఇచ్చింది,ఆమె కూడా భర్తకు విడాకులు ఇచ్చింది,0.6119756102561951
U834896,806079,10,2527189,హాట్ హిట్స్,హాట్ హిట్స్,0.6084709763526917
U838262,809820,1,2519719,‘ఇస్కాన్’పై బంగ్లాదేశ్లో నిషేధం?,‘ఇస్కాన్’పై బంగ్లాదేశ్లో నిషేధం?,0.5551056265830994
U838262,809820,2,2519811,‘ఇస్కాన్’పై బంగ్లాదేశ్లో నిషేధం?,‘ఇస్కాన్’పై బంగ్లాదేశ్లో నిషేధం?,0.5551056265830994
U838262,809820,3,2505088,కెనడాలో హిందూ  ఆలయంపై దాడి,కెనడాలో హిందూ ఆలయంపై దాడి,0.5548807382583618
U838262,809820,4,2504924,కెనడాలో హిందూ  ఆలయంపై దాడి,కెనడాలో హిందూ ఆలయంపై దాడి,0.5548807382583618
U838262,809820,5,2520014,‘ఇస్కాన్’పై బంగ్లాదేశ్లో నిషేధం!,‘ఇస్కాన్’పై బంగ్లాదేశ్లో నిషేధం!,0.5547195672988892
U838262,809820,6,126863,చిక్కుల్లో ఏపీ హోం మంత్రి సుచరిత .. !,చిక్కుల్లో ఏపీ హోం మంత్రి సుచరిత .. !,0.5540732145309448
U838262,809820,7,2495277,గ్రూప్–1 మెయిన్స్ పరీక్షకు పటిష్ఠ భద్రత,గ్రూప్–1 మెయిన్స్ పరీక్షకు పటిష్ఠ భద్రత,0.5540024638175964
U838262,809820,8,2494871,గ్రూప్–1 మెయిన్స్ పరీక్షకు పటిష్ఠ భద్రత,గ్రూప్–1 మెయిన్స్ పరీక్షకు పటిష్ఠ భద్రత,0.5540024638175964
U838262,809820,9,2492078,జీవిత ఖైదీలకు క్షమాభిక్షపై అధ్యయన కమిటీ,జీవిత ఖైదీలకు క్షమాభిక్షపై అధ్యయన కమిటీ,0.5538965463638306
U838262,809820,10,2496004,రెచ్చగొట్టే కుట్ర,రెచ్చగొట్టే కుట్ర,0.5538391470909119
U838650,810251,1,2508608,హాట్ హిట్స్ ,హాట్ హిట్స్,0.6338475942611694
U838650,810251,2,2508601,హాట్ హిట్స్ ,హాట్ హిట్స్,0.6338475942611694
U838650,810251,3,2508615,హాట్ హిట్స్ ,హాట్ హిట్స్,0.6338475942611694
U838650,810251,4,2513068,హాట్ హిట్స్,హాట్ హిట్స్,0.6337969303131104
U838650,810251,5,2513089,హాట్ హిట్స్,హాట్ హిట్స్,0.6337969303131104
U838650,810251,6,2513315,హాట్ హిట్స్,హాట్ హిట్స్,0.6337969303131104
U838650,810251,7,2515611,ఆమె కూడా భర్తకు విడాకులు ఇచ్చింది,ఆమె కూడా భర్తకు విడాకులు ఇచ్చింది,0.6332651376724243
U838650,810251,8,2515400,ఆమె కూడా భర్తకు విడాకులు ఇచ్చింది,ఆమె కూడా భర్తకు విడాకులు ఇచ్చింది,0.6332651376724243
U838650,810251,9,2515130,ఆమె కూడా భర్తకు విడాకులు ఇచ్చింది,ఆమె కూడా భర్తకు విడాకులు ఇచ్చింది,0.6332651376724243
U838650,810251,10,2527427,హాట్ హిట్స్,హాట్ హిట్స్,0.6301319003105164
U839530,811229,1,2508608,హాట్ హిట్స్ ,హాట్ హిట్స్,0.6179173588752747
U839530,811229,2,2508615,హాట్ హిట్స్ ,హాట్ హిట్స్,0.6179173588752747
U839530,811229,3,2508601,హాట్ హిట్స్ ,హాట్ హిట్స్,0.6179173588752747
U839530,811229,4,2513089,హాట్ హిట్స్,హాట్ హిట్స్,0.6178253293037415
U839530,811229,5,2513068,హాట్ హిట్స్,హాట్ హిట్స్,0.6178253293037415
U839530,811229,6,2513315,హాట్ హిట్స్,హాట్ హిట్స్,0.6178253293037415
U839530,811229,7,2515400,ఆమె కూడా భర్తకు విడాకులు ఇచ్చింది,ఆమె కూడా భర్తకు విడాకులు ఇచ్చింది,0.6173623204231262
U839530,811229,8,2515611,ఆమె కూడా భర్తకు విడాకులు ఇచ్చింది,ఆమె కూడా భర్తకు విడాకులు ఇచ్చింది,0.6173623204231262
U839530,811229,9,2515130,ఆమె కూడా భర్తకు విడాకులు ఇచ్చింది,ఆమె కూడా భర్తకు విడాకులు ఇచ్చింది,0.6173623204231262
U839530,811229,10,2527427,హాట్ హిట్స్,హాట్ హిట్స్,0.6140215992927551
U840738,812571,1,2519719,‘ఇస్కాన్’పై బంగ్లాదేశ్లో నిషేధం?,‘ఇస్కాన్’పై బంగ్లాదేశ్లో నిషేధం?,0.52240389585495
U840738,812571,2,2519811,‘ఇస్కాన్’పై బంగ్లాదేశ్లో నిషేధం?,‘ఇస్కాన్’పై బంగ్లాదేశ్లో నిషేధం?,0.52240389585495
U840738,812571,3,723423,Blur : ముగిసిన ' బ్లర్ ' చిత్రీకరణ,Blur : ముగిసిన ' బ్లర్ ' చిత్రీకరణ,0.522121012210846
U840738,812571,4,2504924,కెనడాలో హిందూ  ఆలయంపై దాడి,కెనడాలో హిందూ ఆలయంపై దాడి,0.5220875144004822
U840738,812571,5,2505088,కెనడాలో హిందూ  ఆలయంపై దాడి,కెనడాలో హిందూ ఆలయంపై దాడి,0.5220875144004822
U840738,812571,6,2532704,రాబిన్హుడ్ వాయిదా...,రాబిన్హుడ్ వాయిదా...,0.52204829454422
U840738,812571,7,2532829,రాబిన్హుడ్ వాయిదా...,రాబిన్హుడ్ వాయిదా...,0.52204829454422
U840738,812571,8,2533130,రాబిన్హుడ్ వాయిదా...,రాబిన్హుడ్ వాయిదా...,0.52204829454422
U840738,812571,9,2520014,‘ఇస్కాన్’పై బంగ్లాదేశ్లో నిషేధం!,‘ఇస్కాన్’పై బంగ్లాదేశ్లో నిషేధం!,0.5220412611961365
U840738,812571,10,421537,ఈ నెల 17 న రానున్న ' అర్జున్ సురవరం ',ఈ నెల 17 న రానున్న ' అర్జున్ సురవరం ',0.5214223265647888
U841547,813470,1,2515400,ఆమె కూడా భర్తకు విడాకులు ఇచ్చింది,ఆమె కూడా భర్తకు విడాకులు ఇచ్చింది,0.5087401270866394
U841547,813470,2,2515611,ఆమె కూడా భర్తకు విడాకులు ఇచ్చింది,ఆమె కూడా భర్తకు విడాకులు ఇచ్చింది,0.5087401270866394
U841547,813470,3,2515130,ఆమె కూడా భర్తకు విడాకులు ఇచ్చింది,ఆమె కూడా భర్తకు విడాకులు ఇచ్చింది,0.5087401270866394
U841547,813470,4,2508615,హాట్ హిట్స్ ,హాట్ హిట్స్,0.5084052085876465
U841547,813470,5,2508601,హాట్ హిట్స్ ,హాట్ హిట్స్,0.5084052085876465
U841547,813470,6,2508608,హాట్ హిట్స్ ,హాట్ హిట్స్,0.5084052085876465
U841547,813470,7,2513068,హాట్ హిట్స్,హాట్ హిట్స్,0.5083075761795044
U841547,813470,8,2513089,హాట్ హిట్స్,హాట్ హిట్స్,0.5083075761795044
U841547,813470,9,2513315,హాట్ హిట్స్,హాట్ హిట్స్,0.5083075761795044
U841547,813470,10,2527338,హాట్ హిట్స్,హాట్ హిట్స్,0.5051190257072449
U841959,813927,1,386042,‘మాస్టర్ చెఫ్’కి హోస్ట్ గా తమన్నా !,‘మాస్టర్ చెఫ్’కి హోస్ట్ గా తమన్నా !,0.5798026919364929
U841959,813927,2,2524584,మహిళ మృతి,మహిళ మృతి,0.5774518251419067
U841959,813927,3,335747,వెబ్ సిరీస్ లోకి హీరో సూర్య ఎంట్రీ,వెబ్ సిరీస్ లోకి హీరో సూర్య ఎంట్రీ,0.5743966698646545
U841959,813927,4,2508601,హాట్ హిట్స్ ,హాట్ హిట్స్,0.5705247521400452
U841959,813927,5,2508615,హాట్ హిట్స్ ,హాట్ హిట్స్,0.5705247521400452
U841959,813927,6,2508608,హాట్ హిట్స్ ,హాట్ హిట్స్,0.5705247521400452
U841959,813927,7,2513315,హాట్ హిట్స్,హాట్ హిట్స్,0.5704525113105774
U841959,813927,8,2513089,హాట్ హిట్స్,హాట్ హిట్స్,0.5704525113105774
U841959,813927,9,2513068,హాట్ హిట్స్,హాట్ హిట్స్,0.5704525113105774
U841959,813927,10,2515130,ఆమె కూడా భర్తకు విడాకులు ఇచ్చింది,ఆమె కూడా భర్తకు విడాకులు ఇచ్చింది,0.5703462958335876
U842709,814761,1,723423,Blur : ముగిసిన ' బ్లర్ ' చిత్రీకరణ,Blur : ముగిసిన ' బ్లర్ ' చిత్రీకరణ,0.5952171087265015
U842709,814761,2,2532704,రాబిన్హుడ్ వాయిదా...,రాబిన్హుడ్ వాయిదా...,0.5946339964866638
U842709,814761,3,2533130,రాబిన్హుడ్ వాయిదా...,రాబిన్హుడ్ వాయిదా...,0.5946339964866638
U842709,814761,4,2532829,రాబిన్హుడ్ వాయిదా...,రాబిన్హుడ్ వాయిదా...,0.5946339964866638
U842709,814761,5,421537,ఈ నెల 17 న రానున్న ' అర్జున్ సురవరం ',ఈ నెల 17 న రానున్న ' అర్జున్ సురవరం ',0.5942131280899048
U842709,814761,6,867192,ఆర్ఆర్ఆర్ షూటింగ్ మళ్లీ వాయిదా,ఆర్ఆర్ఆర్ షూటింగ్ మళ్లీ వాయిదా,0.5936682224273682
U842709,814761,7,800065,‘మహానటి’ రిలీజ్ డేట్ ఫిక్స్,‘మహానటి’ రిలీజ్ డేట్ ఫిక్స్,0.5935375094413757
U842709,814761,8,220395,"నారా రోహిత్ , సుధీర్ బాబు , శ్రీవిష్ణు మల్టీ స్టారర్ ... ‘వీర భోగ వసంత రాయలు’","నారా రోహిత్ , సుధీర్ బాబు , శ్రీవిష్ణు మల్టీ స్టారర్ ... ‘వీర భోగ వసంత రాయలు’",0.5933168530464172
U842709,814761,9,360142,రామ్ సినిమాలో విలన్గా ఆది పినిశెట్టి,రామ్ సినిమాలో విలన్గా ఆది పినిశెట్టి,0.5931901335716248
U842709,814761,10,2484804,కొత్త కాన్సెప్ట్,కొత్త కాన్సెప్ట్,0.5930961966514587
U843594,815744,1,2508615,హాట్ హిట్స్ ,హాట్ హిట్స్,0.5691371560096741
U843594,815744,2,2508601,హాట్ హిట్స్ ,హాట్ హిట్స్,0.5691371560096741
U843594,815744,3,2508608,హాట్ హిట్స్ ,హాట్ హిట్స్,0.5691371560096741
U843594,815744,4,2513068,హాట్ హిట్స్,హాట్ హిట్స్,0.5690755844116211
U843594,815744,5,2513315,హాట్ హిట్స్,హాట్ హిట్స్,0.5690755844116211
U843594,815744,6,2513089,హాట్ హిట్స్,హాట్ హిట్స్,0.5690755844116211
U843594,815744,7,2515400,ఆమె కూడా భర్తకు విడాకులు ఇచ్చింది,ఆమె కూడా భర్తకు విడాకులు ఇచ్చింది,0.5689576864242554
U843594,815744,8,2515611,ఆమె కూడా భర్తకు విడాకులు ఇచ్చింది,ఆమె కూడా భర్తకు విడాకులు ఇచ్చింది,0.5689576864242554
U843594,815744,9,2515130,ఆమె కూడా భర్తకు విడాకులు ఇచ్చింది,ఆమె కూడా భర్తకు విడాకులు ఇచ్చింది,0.5689576864242554
U843594,815744,10,2527338,హాట్ హిట్స్,హాట్ హిట్స్,0.5656118392944336
U84431,816540,1,2505621,25 నుంచి పార్లమెంటు శీతాకాల సమావేశాలు,25 నుంచి పార్లమెంటు శీతాకాల సమావేశాలు,2.6344306468963623
U84431,816540,2,2528868,జమిలిపై ముందుకు!,జమిలిపై ముందుకు!,2.626051187515259
U84431,816540,3,2484135,శివరాజ్ సింగ్కు బీజేపీ పగ్గాలు?,శివరాజ్ సింగ్కు బీజేపీ పగ్గాలు?,2.6110029220581055
U84431,816540,4,2484087,శివరాజ్ సింగ్కు బీజేపీ పగ్గాలు?,శివరాజ్ సింగ్కు బీజేపీ పగ్గాలు?,2.6110029220581055
U84431,816540,5,2517319,వైసీపీకి జయమంగళ గుడ్బై,వైసీపీకి జయమంగళ గుడ్బై,2.6107475757598877
U84431,816540,6,2528765,రాజ్యసభ చైర్మన్పై అవిశ్వాసం,రాజ్యసభ చైర్మన్పై అవిశ్వాసం,2.6065802574157715
U84431,816540,7,2528697,రాజ్యసభ చైర్మన్పై అవిశ్వాసం,రాజ్యసభ చైర్మన్పై అవిశ్వాసం,2.6065802574157715
U84431,816540,8,2503356,5న రాష్ట్రానికి రాహుల్,5న రాష్ట్రానికి రాహుల్,2.6036536693573
U84431,816540,9,2518106,పార్లమెంటు ముందుకు,పార్లమెంటు ముందుకు,2.600513458251953
U84431,816540,10,2517765,పార్లమెంటు ముందుకు,పార్లమెంటు ముందుకు,2.600513458251953
U845156,817480,1,2508615,హాట్ హిట్స్ ,హాట్ హిట్స్,0.5217021703720093
U845156,817480,2,2508601,హాట్ హిట్స్ ,హాట్ హిట్స్,0.5217021703720093
U845156,817480,3,2508608,హాట్ హిట్స్ ,హాట్ హిట్స్,0.5217021703720093
U845156,817480,4,2515400,ఆమె కూడా భర్తకు విడాకులు ఇచ్చింది,ఆమె కూడా భర్తకు విడాకులు ఇచ్చింది,0.5216214656829834
U845156,817480,5,2515611,ఆమె కూడా భర్తకు విడాకులు ఇచ్చింది,ఆమె కూడా భర్తకు విడాకులు ఇచ్చింది,0.5216214656829834
U845156,817480,6,2515130,ఆమె కూడా భర్తకు విడాకులు ఇచ్చింది,ఆమె కూడా భర్తకు విడాకులు ఇచ్చింది,0.5216214656829834
U845156,817480,7,2513315,హాట్ హిట్స్,హాట్ హిట్స్,0.5216162204742432
U845156,817480,8,2513068,హాట్ హిట్స్,హాట్ హిట్స్,0.5216162204742432
U845156,817480,9,2513089,హాట్ హిట్స్,హాట్ హిట్స్,0.5216162204742432
U845156,817480,10,2527427,హాట్ హిట్స్,హాట్ హిట్స్,0.5185020565986633
U845585,817956,1,2508615,హాట్ హిట్స్ ,హాట్ హిట్స్,0.614402711391449
U845585,817956,2,2508608,హాట్ హిట్స్ ,హాట్ హిట్స్,0.614402711391449
U845585,817956,3,2508601,హాట్ హిట్స్ ,హాట్ హిట్స్,0.614402711391449
U845585,817956,4,2513068,హాట్ హిట్స్,హాట్ హిట్స్,0.6143409609794617
U845585,817956,5,2513315,హాట్ హిట్స్,హాట్ హిట్స్,0.6143409609794617
U845585,817956,6,2513089,హాట్ హిట్స్,హాట్ హిట్స్,0.6143409609794617
U845585,817956,7,2515130,ఆమె కూడా భర్తకు విడాకులు ఇచ్చింది,ఆమె కూడా భర్తకు విడాకులు ఇచ్చింది,0.6140788793563843
U845585,817956,8,2515611,ఆమె కూడా భర్తకు విడాకులు ఇచ్చింది,ఆమె కూడా భర్తకు విడాకులు ఇచ్చింది,0.6140788793563843
U845585,817956,9,2515400,ఆమె కూడా భర్తకు విడాకులు ఇచ్చింది,ఆమె కూడా భర్తకు విడాకులు ఇచ్చింది,0.6140788793563843
U845585,817956,10,2527338,హాట్ హిట్స్,హాట్ హిట్స్,0.6108154058456421
U846324,818778,1,2508601,హాట్ హిట్స్ ,హాట్ హిట్స్,0.5857020616531372
U846324,818778,2,2508615,హాట్ హిట్స్ ,హాట్ హిట్స్,0.5857020616531372
U846324,818778,3,2508608,హాట్ హిట్స్ ,హాట్ హిట్స్,0.5857020616531372
U846324,818778,4,2513089,హాట్ హిట్స్,హాట్ హిట్స్,0.5856336951255798
U846324,818778,5,2513068,హాట్ హిట్స్,హాట్ హిట్స్,0.5856336951255798
U846324,818778,6,2513315,హాట్ హిట్స్,హాట్ హిట్స్,0.5856336951255798
U846324,818778,7,2515400,ఆమె కూడా భర్తకు విడాకులు ఇచ్చింది,ఆమె కూడా భర్తకు విడాకులు ఇచ్చింది,0.5848429203033447
U846324,818778,8,2515611,ఆమె కూడా భర్తకు విడాకులు ఇచ్చింది,ఆమె కూడా భర్తకు విడాకులు ఇచ్చింది,0.5848429203033447
U846324,818778,9,2515130,ఆమె కూడా భర్తకు విడాకులు ఇచ్చింది,ఆమె కూడా భర్తకు విడాకులు ఇచ్చింది,0.5848429203033447
U846324,818778,10,2527338,హాట్ హిట్స్,హాట్ హిట్స్,0.5821638107299805
U847003,819533,1,2508601,హాట్ హిట్స్ ,హాట్ హిట్స్,0.6596131324768066
U847003,819533,2,2508615,హాట్ హిట్స్ ,హాట్ హిట్స్,0.6596131324768066
U847003,819533,3,2508608,హాట్ హిట్స్ ,హాట్ హిట్స్,0.6596131324768066
U847003,819533,4,2513068,హాట్ హిట్స్,హాట్ హిట్స్,0.6595760583877563
U847003,819533,5,2513089,హాట్ హిట్స్,హాట్ హిట్స్,0.6595760583877563
U847003,819533,6,2513315,హాట్ హిట్స్,హాట్ హిట్స్,0.6595760583877563
U847003,819533,7,2515130,ఆమె కూడా భర్తకు విడాకులు ఇచ్చింది,ఆమె కూడా భర్తకు విడాకులు ఇచ్చింది,0.6593640446662903
U847003,819533,8,2515611,ఆమె కూడా భర్తకు విడాకులు ఇచ్చింది,ఆమె కూడా భర్తకు విడాకులు ఇచ్చింది,0.6593640446662903
U847003,819533,9,2515400,ఆమె కూడా భర్తకు విడాకులు ఇచ్చింది,ఆమె కూడా భర్తకు విడాకులు ఇచ్చింది,0.6593640446662903
U847003,819533,10,2527338,హాట్ హిట్స్,హాట్ హిట్స్,0.6557004451751709
U847646,820246,1,2508615,హాట్ హిట్స్ ,హాట్ హిట్స్,0.587133526802063
U847646,820246,2,2508608,హాట్ హిట్స్ ,హాట్ హిట్స్,0.587133526802063
U847646,820246,3,2508601,హాట్ హిట్స్ ,హాట్ హిట్స్,0.587133526802063
U847646,820246,4,2513089,హాట్ హిట్స్,హాట్ హిట్స్,0.5870969891548157
U847646,820246,5,2513068,హాట్ హిట్స్,హాట్ హిట్స్,0.5870969891548157
U847646,820246,6,2513315,హాట్ హిట్స్,హాట్ హిట్స్,0.5870969891548157
U847646,820246,7,2515130,ఆమె కూడా భర్తకు విడాకులు ఇచ్చింది,ఆమె కూడా భర్తకు విడాకులు ఇచ్చింది,0.5864859819412231
U847646,820246,8,2515611,ఆమె కూడా భర్తకు విడాకులు ఇచ్చింది,ఆమె కూడా భర్తకు విడాకులు ఇచ్చింది,0.5864859819412231
U847646,820246,9,2515400,ఆమె కూడా భర్తకు విడాకులు ఇచ్చింది,ఆమె కూడా భర్తకు విడాకులు ఇచ్చింది,0.5864859819412231
U847646,820246,10,2527427,హాట్ హిట్స్,హాట్ హిట్స్,0.5836214423179626
U849603,822421,1,2508601,హాట్ హిట్స్ ,హాట్ హిట్స్,0.6002689599990845
U849603,822421,2,2508615,హాట్ హిట్స్ ,హాట్ హిట్స్,0.6002689599990845
U849603,822421,3,2508608,హాట్ హిట్స్ ,హాట్ హిట్స్,0.6002689599990845
U849603,822421,4,2513068,హాట్ హిట్స్,హాట్ హిట్స్,0.6002082228660583
U849603,822421,5,2513089,హాట్ హిట్స్,హాట్ హిట్స్,0.6002082228660583
U849603,822421,6,2513315,హాట్ హిట్స్,హాట్ హిట్స్,0.6002082228660583
U849603,822421,7,2515400,ఆమె కూడా భర్తకు విడాకులు ఇచ్చింది,ఆమె కూడా భర్తకు విడాకులు ఇచ్చింది,0.5996502041816711
U849603,822421,8,2515130,ఆమె కూడా భర్తకు విడాకులు ఇచ్చింది,ఆమె కూడా భర్తకు విడాకులు ఇచ్చింది,0.5996502041816711
U849603,822421,9,2515611,ఆమె కూడా భర్తకు విడాకులు ఇచ్చింది,ఆమె కూడా భర్తకు విడాకులు ఇచ్చింది,0.5996502041816711
U849603,822421,10,2527338,హాట్ హిట్స్,హాట్ హిట్స్,0.5966591238975525
U849623,822443,1,2508601,హాట్ హిట్స్ ,హాట్ హిట్స్,0.6556954383850098
U849623,822443,2,2508608,హాట్ హిట్స్ ,హాట్ హిట్స్,0.6556954383850098
U849623,822443,3,2508615,హాట్ హిట్స్ ,హాట్ హిట్స్,0.6556954383850098
U849623,822443,4,2513068,హాట్ హిట్స్,హాట్ హిట్స్,0.6556427478790283
U849623,822443,5,2513315,హాట్ హిట్స్,హాట్ హిట్స్,0.6556427478790283
U849623,822443,6,2513089,హాట్ హిట్స్,హాట్ హిట్స్,0.6556427478790283
U849623,822443,7,2515130,ఆమె కూడా భర్తకు విడాకులు ఇచ్చింది,ఆమె కూడా భర్తకు విడాకులు ఇచ్చింది,0.6545893549919128
U849623,822443,8,2515611,ఆమె కూడా భర్తకు విడాకులు ఇచ్చింది,ఆమె కూడా భర్తకు విడాకులు ఇచ్చింది,0.6545893549919128
U849623,822443,9,2515400,ఆమె కూడా భర్తకు విడాకులు ఇచ్చింది,ఆమె కూడా భర్తకు విడాకులు ఇచ్చింది,0.6545893549919128
U849623,822443,10,2527427,హాట్ హిట్స్,హాట్ హిట్స్,0.6516990065574646
U85052,823440,1,2541551,ఏడాదిలో రూ.77.6 లక్షల కోట్లు ,ఏడాదిలో రూ.77.6 లక్షల కోట్లు,2.314706563949585
U85052,823440,2,2541219,ఏడాదిలో రూ.77.6 లక్షల కోట్లు ,ఏడాదిలో రూ.77.6 లక్షల కోట్లు,2.314706563949585
U85052,823440,3,2541167,ఏడాదిలో రూ.77.6 లక్షల కోట్లు ,ఏడాదిలో రూ.77.6 లక్షల కోట్లు,2.314706563949585
U85052,823440,4,2502831,మురిపించిన ‘మూరత్’,మురిపించిన ‘మూరత్’,2.314323663711548
U85052,823440,5,2503289,మురిపించిన ‘మూరత్’,మురిపించిన ‘మూరత్’,2.314323663711548
U85052,823440,6,2502725,మురిపించిన ‘మూరత్’,మురిపించిన ‘మూరత్’,2.314323663711548
U85052,823440,7,2494006,"ఇన్ఫీ లాభం రూ.6,506 కోట్లు","ఇన్ఫీ లాభం రూ.6,506 కోట్లు",2.314321756362915
U85052,823440,8,2493695,"ఇన్ఫీ లాభం రూ.6,506 కోట్లు","ఇన్ఫీ లాభం రూ.6,506 కోట్లు",2.314321756362915
U85052,823440,9,2493810,"ఇన్ఫీ లాభం రూ.6,506 కోట్లు","ఇన్ఫీ లాభం రూ.6,506 కోట్లు",2.314321756362915
U85052,823440,10,2499551,"ఐసీఐసీఐ బ్యాంక్  లాభం రూ.11,746 కోట్లు ","ఐసీఐసీఐ బ్యాంక్ లాభం రూ.11,746 కోట్లు",2.313952922821045
U853677,826947,1,2508608,హాట్ హిట్స్ ,హాట్ హిట్స్,0.5764351487159729
U853677,826947,2,2508601,హాట్ హిట్స్ ,హాట్ హిట్స్,0.5764351487159729
U853677,826947,3,2508615,హాట్ హిట్స్ ,హాట్ హిట్స్,0.5764351487159729
U853677,826947,4,2513315,హాట్ హిట్స్,హాట్ హిట్స్,0.5763975381851196
U853677,826947,5,2513089,హాట్ హిట్స్,హాట్ హిట్స్,0.5763975381851196
U853677,826947,6,2513068,హాట్ హిట్స్,హాట్ హిట్స్,0.5763975381851196
U853677,826947,7,2515611,ఆమె కూడా భర్తకు విడాకులు ఇచ్చింది,ఆమె కూడా భర్తకు విడాకులు ఇచ్చింది,0.576189398765564
U853677,826947,8,2515400,ఆమె కూడా భర్తకు విడాకులు ఇచ్చింది,ఆమె కూడా భర్తకు విడాకులు ఇచ్చింది,0.576189398765564
U853677,826947,9,2515130,ఆమె కూడా భర్తకు విడాకులు ఇచ్చింది,ఆమె కూడా భర్తకు విడాకులు ఇచ్చింది,0.576189398765564
U853677,826947,10,2527338,హాట్ హిట్స్,హాట్ హిట్స్,0.5730783939361572
U85448,827839,1,2515330,ఈ చిట్టి.. జగజ్జెట్టి,ఈ చిట్టి.. జగజ్జెట్టి,3.0365025997161865
U85448,827839,2,2515095,ఈ చిట్టి.. జగజ్జెట్టి,ఈ చిట్టి.. జగజ్జెట్టి,3.0365025997161865
U85448,827839,3,295510,స్వాతంత్ర్య వేడుకల్లో అల్లు అర్జున్ కొడుకు అయాన్ ( ఫోటోస్ ),స్వాతంత్ర్య వేడుకల్లో అల్లు అర్జున్ కొడుకు అయాన్ ( ఫోటోస్ ),2.9455981254577637
U85448,827839,4,489212,నాన్ స్టాప్గా మాట్లాడుతుంది : మనవరాలు ఆరాధ్యపై అమితాబ్,నాన్ స్టాప్గా మాట్లాడుతుంది : మనవరాలు ఆరాధ్యపై అమితాబ్,2.8594045639038086
U85448,827839,5,876219,ప్రాణాలు కోసం… ఎలుగుబంటి నాలుకను ఊడొచ్చేలా కొరికాడు,ప్రాణాలు కోసం… ఎలుగుబంటి నాలుకను ఊడొచ్చేలా కొరికాడు,2.8590645790100098
U85448,827839,6,756115,స్విమ్మింగ్ఫూల్ బాలీవుడ్ బ్యూటీ మలైకా అరోరా,స్విమ్మింగ్ఫూల్ బాలీవుడ్ బ్యూటీ మలైకా అరోరా,2.8589155673980713
U85448,827839,7,2517871,ఖరీదైన కానుకలు ఇచ్చా,ఖరీదైన కానుకలు ఇచ్చా,2.83591890335083
U85448,827839,8,2517854,ఖరీదైన కానుకలు ఇచ్చా,ఖరీదైన కానుకలు ఇచ్చా,2.83591890335083
U85448,827839,9,2518176,ఖరీదైన కానుకలు ఇచ్చా,ఖరీదైన కానుకలు ఇచ్చా,2.83591890335083
U85448,827839,10,2511737,‘డాకు మహారాజ్’గా బాలకృష్ణ,‘డాకు మహారాజ్’గా బాలకృష్ణ,2.813302516937256
U859098,832970,1,2508615,హాట్ హిట్స్ ,హాట్ హిట్స్,0.5667679905891418
U859098,832970,2,2508608,హాట్ హిట్స్ ,హాట్ హిట్స్,0.5667679905891418
U859098,832970,3,2508601,హాట్ హిట్స్ ,హాట్ హిట్స్,0.5667679905891418
U859098,832970,4,2513089,హాట్ హిట్స్,హాట్ హిట్స్,0.5667040944099426
U859098,832970,5,2513068,హాట్ హిట్స్,హాట్ హిట్స్,0.5667040944099426
U859098,832970,6,2513315,హాట్ హిట్స్,హాట్ హిట్స్,0.5667040944099426
U859098,832970,7,2515400,ఆమె కూడా భర్తకు విడాకులు ఇచ్చింది,ఆమె కూడా భర్తకు విడాకులు ఇచ్చింది,0.5666447877883911
U859098,832970,8,2515130,ఆమె కూడా భర్తకు విడాకులు ఇచ్చింది,ఆమె కూడా భర్తకు విడాకులు ఇచ్చింది,0.5666447877883911
U859098,832970,9,2515611,ఆమె కూడా భర్తకు విడాకులు ఇచ్చింది,ఆమె కూడా భర్తకు విడాకులు ఇచ్చింది,0.5666447877883911
U859098,832970,10,2527427,హాట్ హిట్స్,హాట్ హిట్స్,0.5634257197380066
U860021,833998,1,2508615,హాట్ హిట్స్ ,హాట్ హిట్స్,0.5291366577148438
U860021,833998,2,2508601,హాట్ హిట్స్ ,హాట్ హిట్స్,0.5291366577148438
U860021,833998,3,2508608,హాట్ హిట్స్ ,హాట్ హిట్స్,0.5291366577148438
U860021,833998,4,2515130,ఆమె కూడా భర్తకు విడాకులు ఇచ్చింది,ఆమె కూడా భర్తకు విడాకులు ఇచ్చింది,0.5290598273277283
U860021,833998,5,2515611,ఆమె కూడా భర్తకు విడాకులు ఇచ్చింది,ఆమె కూడా భర్తకు విడాకులు ఇచ్చింది,0.5290598273277283
U860021,833998,6,2515400,ఆమె కూడా భర్తకు విడాకులు ఇచ్చింది,ఆమె కూడా భర్తకు విడాకులు ఇచ్చింది,0.5290598273277283
U860021,833998,7,2513315,హాట్ హిట్స్,హాట్ హిట్స్,0.5290358662605286
U860021,833998,8,2513068,హాట్ హిట్స్,హాట్ హిట్స్,0.5290358662605286
U860021,833998,9,2513089,హాట్ హిట్స్,హాట్ హిట్స్,0.5290358662605286
U860021,833998,10,2527189,హాట్ హిట్స్,హాట్ హిట్స్,0.5257036685943604
U865528,840115,1,2519811,‘ఇస్కాన్’పై బంగ్లాదేశ్లో నిషేధం?,‘ఇస్కాన్’పై బంగ్లాదేశ్లో నిషేధం?,0.5102545619010925
U865528,840115,2,2519719,‘ఇస్కాన్’పై బంగ్లాదేశ్లో నిషేధం?,‘ఇస్కాన్’పై బంగ్లాదేశ్లో నిషేధం?,0.5102545619010925
U865528,840115,3,2504924,కెనడాలో హిందూ  ఆలయంపై దాడి,కెనడాలో హిందూ ఆలయంపై దాడి,0.5099543333053589
U865528,840115,4,2505088,కెనడాలో హిందూ  ఆలయంపై దాడి,కెనడాలో హిందూ ఆలయంపై దాడి,0.5099543333053589
U865528,840115,5,2520014,‘ఇస్కాన్’పై బంగ్లాదేశ్లో నిషేధం!,‘ఇస్కాన్’పై బంగ్లాదేశ్లో నిషేధం!,0.5099074244499207
U865528,840115,6,126863,చిక్కుల్లో ఏపీ హోం మంత్రి సుచరిత .. !,చిక్కుల్లో ఏపీ హోం మంత్రి సుచరిత .. !,0.509224534034729
U865528,840115,7,2524084,శ్రీశైలం దేవస్థానం ఈవోగా శ్రీనివాసరావు,శ్రీశైలం దేవస్థానం ఈవోగా శ్రీనివాసరావు,0.5090985298156738
U865528,840115,8,2492078,జీవిత ఖైదీలకు క్షమాభిక్షపై అధ్యయన కమిటీ,జీవిత ఖైదీలకు క్షమాభిక్షపై అధ్యయన కమిటీ,0.509051501750946
U865528,840115,9,2496121,రెచ్చగొట్టే కుట్ర,రెచ్చగొట్టే కుట్ర,0.5089717507362366
U865528,840115,10,2496004,రెచ్చగొట్టే కుట్ర,రెచ్చగొట్టే కుట్ర,0.5089717507362366
U870118,845216,1,2508601,హాట్ హిట్స్ ,హాట్ హిట్స్,0.6262885928153992
U870118,845216,2,2508615,హాట్ హిట్స్ ,హాట్ హిట్స్,0.6262885928153992
U870118,845216,3,2508608,హాట్ హిట్స్ ,హాట్ హిట్స్,0.6262885928153992
U870118,845216,4,2513068,హాట్ హిట్స్,హాట్ హిట్స్,0.6262536644935608
U870118,845216,5,2513089,హాట్ హిట్స్,హాట్ హిట్స్,0.6262536644935608
U870118,845216,6,2513315,హాట్ హిట్స్,హాట్ హిట్స్,0.6262536644935608
U870118,845216,7,2515400,ఆమె కూడా భర్తకు విడాకులు ఇచ్చింది,ఆమె కూడా భర్తకు విడాకులు ఇచ్చింది,0.6255987286567688
U870118,845216,8,2515130,ఆమె కూడా భర్తకు విడాకులు ఇచ్చింది,ఆమె కూడా భర్తకు విడాకులు ఇచ్చింది,0.6255987286567688
U870118,845216,9,2515611,ఆమె కూడా భర్తకు విడాకులు ఇచ్చింది,ఆమె కూడా భర్తకు విడాకులు ఇచ్చింది,0.6255987286567688
U870118,845216,10,2527338,హాట్ హిట్స్,హాట్ హిట్స్,0.622616708278656
U870759,845927,1,2508615,హాట్ హిట్స్ ,హాట్ హిట్స్,0.5856339335441589
U870759,845927,2,2508608,హాట్ హిట్స్ ,హాట్ హిట్స్,0.5856339335441589
U870759,845927,3,2508601,హాట్ హిట్స్ ,హాట్ హిట్స్,0.5856339335441589
U870759,845927,4,2513089,హాట్ హిట్స్,హాట్ హిట్స్,0.5855766534805298
U870759,845927,5,2513315,హాట్ హిట్స్,హాట్ హిట్స్,0.5855766534805298
U870759,845927,6,2513068,హాట్ హిట్స్,హాట్ హిట్స్,0.5855766534805298
U870759,845927,7,2515611,ఆమె కూడా భర్తకు విడాకులు ఇచ్చింది,ఆమె కూడా భర్తకు విడాకులు ఇచ్చింది,0.5852643251419067
U870759,845927,8,2515130,ఆమె కూడా భర్తకు విడాకులు ఇచ్చింది,ఆమె కూడా భర్తకు విడాకులు ఇచ్చింది,0.5852643251419067
U870759,845927,9,2515400,ఆమె కూడా భర్తకు విడాకులు ఇచ్చింది,ఆమె కూడా భర్తకు విడాకులు ఇచ్చింది,0.5852643251419067
U870759,845927,10,2527427,హాట్ హిట్స్,హాట్ హిట్స్,0.5822139978408813
U870930,846118,1,2508608,హాట్ హిట్స్ ,హాట్ హిట్స్,0.5701117515563965
U870930,846118,2,2508615,హాట్ హిట్స్ ,హాట్ హిట్స్,0.5701117515563965
U870930,846118,3,2508601,హాట్ హిట్స్ ,హాట్ హిట్స్,0.5701117515563965
U870930,846118,4,2513089,హాట్ హిట్స్,హాట్ హిట్స్,0.57001793384552
U870930,846118,5,2513315,హాట్ హిట్స్,హాట్ హిట్స్,0.57001793384552
U870930,846118,6,2513068,హాట్ హిట్స్,హాట్ హిట్స్,0.57001793384552
U870930,846118,7,2515611,ఆమె కూడా భర్తకు విడాకులు ఇచ్చింది,ఆమె కూడా భర్తకు విడాకులు ఇచ్చింది,0.5696199536323547
U870930,846118,8,2515130,ఆమె కూడా భర్తకు విడాకులు ఇచ్చింది,ఆమె కూడా భర్తకు విడాకులు ఇచ్చింది,0.5696199536323547
U870930,846118,9,2515400,ఆమె కూడా భర్తకు విడాకులు ఇచ్చింది,ఆమె కూడా భర్తకు విడాకులు ఇచ్చింది,0.5696199536323547
U870930,846118,10,2527427,హాట్ హిట్స్,హాట్ హిట్స్,0.5665218830108643
U871154,846367,1,2508601,హాట్ హిట్స్ ,హాట్ హిట్స్,0.6383474469184875
U871154,846367,2,2508608,హాట్ హిట్స్ ,హాట్ హిట్స్,0.6383474469184875
U871154,846367,3,2508615,హాట్ హిట్స్ ,హాట్ హిట్స్,0.6383474469184875
U871154,846367,4,2513068,హాట్ హిట్స్,హాట్ హిట్స్,0.6383228302001953
U871154,846367,5,2513315,హాట్ హిట్స్,హాట్ హిట్స్,0.6383228302001953
U871154,846367,6,2513089,హాట్ హిట్స్,హాట్ హిట్స్,0.6383228302001953
U871154,846367,7,2515400,ఆమె కూడా భర్తకు విడాకులు ఇచ్చింది,ఆమె కూడా భర్తకు విడాకులు ఇచ్చింది,0.6378616094589233
U871154,846367,8,2515611,ఆమె కూడా భర్తకు విడాకులు ఇచ్చింది,ఆమె కూడా భర్తకు విడాకులు ఇచ్చింది,0.6378616094589233
U871154,846367,9,2515130,ఆమె కూడా భర్తకు విడాకులు ఇచ్చింది,ఆమె కూడా భర్తకు విడాకులు ఇచ్చింది,0.6378616094589233
U871154,846367,10,2527189,హాట్ హిట్స్,హాట్ హిట్స్,0.6346562504768372
U872223,847555,1,2508615,హాట్ హిట్స్ ,హాట్ హిట్స్,0.575960636138916
U872223,847555,2,2508601,హాట్ హిట్స్ ,హాట్ హిట్స్,0.575960636138916
U872223,847555,3,2508608,హాట్ హిట్స్ ,హాట్ హిట్స్,0.575960636138916
U872223,847555,4,2513089,హాట్ హిట్స్,హాట్ హిట్స్,0.5758668184280396
U872223,847555,5,2513068,హాట్ హిట్స్,హాట్ హిట్స్,0.5758668184280396
U872223,847555,6,2513315,హాట్ హిట్స్,హాట్ హిట్స్,0.5758668184280396
U872223,847555,7,2515400,ఆమె కూడా భర్తకు విడాకులు ఇచ్చింది,ఆమె కూడా భర్తకు విడాకులు ఇచ్చింది,0.5756007432937622
U872223,847555,8,2515130,ఆమె కూడా భర్తకు విడాకులు ఇచ్చింది,ఆమె కూడా భర్తకు విడాకులు ఇచ్చింది,0.5756007432937622
U872223,847555,9,2515611,ఆమె కూడా భర్తకు విడాకులు ఇచ్చింది,ఆమె కూడా భర్తకు విడాకులు ఇచ్చింది,0.5756007432937622
U872223,847555,10,2527338,హాట్ హిట్స్,హాట్ హిట్స్,0.5722607374191284
U873112,848543,1,2508608,హాట్ హిట్స్ ,హాట్ హిట్స్,0.49811410903930664
U873112,848543,2,2508601,హాట్ హిట్స్ ,హాట్ హిట్స్,0.49811410903930664
U873112,848543,3,2508615,హాట్ హిట్స్ ,హాట్ హిట్స్,0.49811410903930664
U873112,848543,4,2515611,ఆమె కూడా భర్తకు విడాకులు ఇచ్చింది,ఆమె కూడా భర్తకు విడాకులు ఇచ్చింది,0.49808698892593384
U873112,848543,5,2515130,ఆమె కూడా భర్తకు విడాకులు ఇచ్చింది,ఆమె కూడా భర్తకు విడాకులు ఇచ్చింది,0.49808698892593384
U873112,848543,6,2515400,ఆమె కూడా భర్తకు విడాకులు ఇచ్చింది,ఆమె కూడా భర్తకు విడాకులు ఇచ్చింది,0.49808698892593384
U873112,848543,7,2513068,హాట్ హిట్స్,హాట్ హిట్స్,0.4979788362979889
U873112,848543,8,2513089,హాట్ హిట్స్,హాట్ హిట్స్,0.4979788362979889
U873112,848543,9,2513315,హాట్ హిట్స్,హాట్ హిట్స్,0.4979788362979889
U873112,848543,10,2527189,హాట్ హిట్స్,హాట్ హిట్స్,0.49491262435913086
U874290,849851,1,2508608,హాట్ హిట్స్ ,హాట్ హిట్స్,0.6120404601097107
U874290,849851,2,2508615,హాట్ హిట్స్ ,హాట్ హిట్స్,0.6120404601097107
U874290,849851,3,2508601,హాట్ హిట్స్ ,హాట్ హిట్స్,0.6120404601097107
U874290,849851,4,2513089,హాట్ హిట్స్,హాట్ హిట్స్,0.6119312644004822
U874290,849851,5,2513068,హాట్ హిట్స్,హాట్ హిట్స్,0.6119312644004822
U874290,849851,6,2513315,హాట్ హిట్స్,హాట్ హిట్స్,0.6119312644004822
U874290,849851,7,2515130,ఆమె కూడా భర్తకు విడాకులు ఇచ్చింది,ఆమె కూడా భర్తకు విడాకులు ఇచ్చింది,0.6114017367362976
U874290,849851,8,2515611,ఆమె కూడా భర్తకు విడాకులు ఇచ్చింది,ఆమె కూడా భర్తకు విడాకులు ఇచ్చింది,0.6114017367362976
U874290,849851,9,2515400,ఆమె కూడా భర్తకు విడాకులు ఇచ్చింది,ఆమె కూడా భర్తకు విడాకులు ఇచ్చింది,0.6114017367362976
U874290,849851,10,2527189,హాట్ హిట్స్,హాట్ హిట్స్,0.6080175042152405
U875689,851404,1,2508608,హాట్ హిట్స్ ,హాట్ హిట్స్,0.6317035555839539
U875689,851404,2,2508601,హాట్ హిట్స్ ,హాట్ హిట్స్,0.6317035555839539
U875689,851404,3,2508615,హాట్ హిట్స్ ,హాట్ హిట్స్,0.6317035555839539
U875689,851404,4,2513315,హాట్ హిట్స్,హాట్ హిట్స్,0.631667971611023
U875689,851404,5,2513068,హాట్ హిట్స్,హాట్ హిట్స్,0.631667971611023
U875689,851404,6,2513089,హాట్ హిట్స్,హాట్ హిట్స్,0.631667971611023
U875689,851404,7,2515611,ఆమె కూడా భర్తకు విడాకులు ఇచ్చింది,ఆమె కూడా భర్తకు విడాకులు ఇచ్చింది,0.6310966610908508
U875689,851404,8,2515130,ఆమె కూడా భర్తకు విడాకులు ఇచ్చింది,ఆమె కూడా భర్తకు విడాకులు ఇచ్చింది,0.6310966610908508
U875689,851404,9,2515400,ఆమె కూడా భర్తకు విడాకులు ఇచ్చింది,ఆమె కూడా భర్తకు విడాకులు ఇచ్చింది,0.6310966610908508
U875689,851404,10,2527338,హాట్ హిట్స్,హాట్ హిట్స్,0.6279870867729187
U88151,853319,1,723423,Blur : ముగిసిన ' బ్లర్ ' చిత్రీకరణ,Blur : ముగిసిన ' బ్లర్ ' చిత్రీకరణ,4.018445014953613
U88151,853319,2,2540458,రొమాంటిక్ ఎంటర్టైనర్,రొమాంటిక్ ఎంటర్టైనర్,4.016250133514404
U88151,853319,3,2540424,రొమాంటిక్ ఎంటర్టైనర్,రొమాంటిక్ ఎంటర్టైనర్,4.016250133514404
U88151,853319,4,2540403,రొమాంటిక్ ఎంటర్టైనర్,రొమాంటిక్ ఎంటర్టైనర్,4.016250133514404
U88151,853319,5,666637,రానా ' హిరణ్య కశ్యప’ మూవీ నుంచి లేటెస్ట్ అప్డేట్ !,రానా ' హిరణ్య కశ్యప’ మూవీ నుంచి లేటెస్ట్ అప్డేట్ !,4.015852451324463
U88151,853319,6,800065,‘మహానటి’ రిలీజ్ డేట్ ఫిక్స్,‘మహానటి’ రిలీజ్ డేట్ ఫిక్స్,4.014286518096924
U88151,853319,7,220395,"నారా రోహిత్ , సుధీర్ బాబు , శ్రీవిష్ణు మల్టీ స్టారర్ ... ‘వీర భోగ వసంత రాయలు’","నారా రోహిత్ , సుధీర్ బాబు , శ్రీవిష్ణు మల్టీ స్టారర్ ... ‘వీర భోగ వసంత రాయలు’",4.012842655181885
U88151,853319,8,468101,' తిమ్మరుసు ' విడుదలకు రెడీ,' తిమ్మరుసు ' విడుదలకు రెడీ,4.011837482452393
U88151,853319,9,2501726,క్రిస్మస్ కోసం సిద్ధం,క్రిస్మస్ కోసం సిద్ధం,4.010308265686035
U88151,853319,10,2501622,క్రిస్మస్ కోసం సిద్ధం,క్రిస్మస్ కోసం సిద్ధం,4.010308265686035
U883,853483,1,2520361,బంజారాహిల్స్లో  లీలా లగ్జరీ హోటల్ ప్రారంభం,బంజారాహిల్స్లో లీలా లగ్జరీ హోటల్ ప్రారంభం,4.582079887390137
U883,853483,2,2510857,హైటెక్ సిటీలో మరో స్టార్ హోటల్,హైటెక్ సిటీలో మరో స్టార్ హోటల్,4.577696800231934
U883,853483,3,2510849,హైటెక్ సిటీలో మరో స్టార్ హోటల్,హైటెక్ సిటీలో మరో స్టార్ హోటల్,4.577696800231934
U883,853483,4,2533050,టూరిజం హబ్గా జిల్లా..,టూరిజం హబ్గా జిల్లా..,4.571812629699707
U883,853483,5,2481807,హైదరాబాద్లో విదేశీ పర్యాటకులను ఆకర్షించే కట్టడాలు,హైదరాబాద్లో విదేశీ పర్యాటకులను ఆకర్షించే కట్టడాలు,4.563183307647705
U883,853483,6,2504268,హంసలదీవిలో పర్యాటకుల సందడి,హంసలదీవిలో పర్యాటకుల సందడి,4.560689926147461
U883,853483,7,2541455,పర్యాటకులు 1.92 కోట్లు,పర్యాటకులు 1.92 కోట్లు,4.5604939460754395
U883,853483,8,2531693,విమానాశ్రయంలో పర్యాటక సమాచార కేంద్రం ,విమానాశ్రయంలో పర్యాటక సమాచార కేంద్రం,4.556660175323486
U883,853483,9,2531541,విమానాశ్రయంలో పర్యాటక సమాచార కేంద్రం ,విమానాశ్రయంలో పర్యాటక సమాచార కేంద్రం,4.556660175323486
U883,853483,10,2487595,కాజీపేట మీదుగా స్పెషల్ రైలు,కాజీపేట మీదుగా స్పెషల్ రైలు,4.55250883102417
U89081,854352,1,2528868,జమిలిపై ముందుకు!,జమిలిపై ముందుకు!,3.6047861576080322
U89081,854352,2,2505621,25 నుంచి పార్లమెంటు శీతాకాల సమావేశాలు,25 నుంచి పార్లమెంటు శీతాకాల సమావేశాలు,3.60418701171875
U89081,854352,3,2517765,పార్లమెంటు ముందుకు,పార్లమెంటు ముందుకు,3.575418710708618
U89081,854352,4,2518106,పార్లమెంటు ముందుకు,పార్లమెంటు ముందుకు,3.575418710708618
U89081,854352,5,2503356,5న రాష్ట్రానికి రాహుల్,5న రాష్ట్రానికి రాహుల్,3.5684494972229004
U89081,854352,6,2518272,పార్లమెంటు ముందుకు,పార్లమెంటు ముందుకు,3.5631442070007324
U89081,854352,7,2517319,వైసీపీకి జయమంగళ గుడ్బై,వైసీపీకి జయమంగళ గుడ్బై,3.5606486797332764
U89081,854352,8,2517732,పార్లమెంటు ముందుకు 16 బిల్లులు!,పార్లమెంటు ముందుకు 16 బిల్లులు!,3.5570592880249023
U89081,854352,9,2518049,పార్లమెంటు ముందుకు 16 బిల్లులు!,పార్లమెంటు ముందుకు 16 బిల్లులు!,3.5570592880249023
U89081,854352,10,2517832,పార్లమెంటు ముందుకు 16 బిల్లులు!,పార్లమెంటు ముందుకు 16 బిల్లులు!,3.5570592880249023
U90023,855400,1,2528868,జమిలిపై ముందుకు!,జమిలిపై ముందుకు!,3.4505934715270996
U90023,855400,2,2518106,పార్లమెంటు ముందుకు,పార్లమెంటు ముందుకు,3.434436798095703
U90023,855400,3,2517765,పార్లమెంటు ముందుకు,పార్లమెంటు ముందుకు,3.434436798095703
U90023,855400,4,2503356,5న రాష్ట్రానికి రాహుల్,5న రాష్ట్రానికి రాహుల్,3.4290683269500732
U90023,855400,5,2518272,పార్లమెంటు ముందుకు,పార్లమెంటు ముందుకు,3.4290270805358887
U90023,855400,6,2527755,ఏపీ కేబినెట్లోకి నాగబాబు!,ఏపీ కేబినెట్లోకి నాగబాబు!,3.4231245517730713
U90023,855400,7,2527970,ఏపీ కేబినెట్లోకి నాగబాబు!,ఏపీ కేబినెట్లోకి నాగబాబు!,3.4231245517730713
U90023,855400,8,2517832,పార్లమెంటు ముందుకు 16 బిల్లులు!,పార్లమెంటు ముందుకు 16 బిల్లులు!,3.4216322898864746
U90023,855400,9,2518049,పార్లమెంటు ముందుకు 16 బిల్లులు!,పార్లమెంటు ముందుకు 16 బిల్లులు!,3.4216322898864746
U90023,855400,10,2517732,పార్లమెంటు ముందుకు 16 బిల్లులు!,పార్లమెంటు ముందుకు 16 బిల్లులు!,3.4216322898864746
U91311,856831,1,2510149,బాబు.. పవర్ఫుల్ సీఎం!,బాబు.. పవర్ఫుల్ సీఎం!,3.1717617511749268
U91311,856831,2,2517423,చంద్రబాబు చేతికి జగన్ జుత్తు!,చంద్రబాబు చేతికి జగన్ జుత్తు!,3.1589839458465576
U91311,856831,3,2507102,కేటీఆర్.. యాక్టింగ్ సీఎం ,కేటీఆర్.. యాక్టింగ్ సీఎం,3.1455986499786377
U91311,856831,4,2507285,కేటీఆర్.. యాక్టింగ్ సీఎం ,కేటీఆర్.. యాక్టింగ్ సీఎం,3.1455986499786377
U91311,856831,5,2496845,కేటీఆర్.. నువ్వో బేవకూఫ్ ,కేటీఆర్.. నువ్వో బేవకూఫ్,3.1337904930114746
U91311,856831,6,2496892,కేటీఆర్.. నువ్వో బేవకూఫ్ ,కేటీఆర్.. నువ్వో బేవకూఫ్,3.1337904930114746
U91311,856831,7,2494706,అవునా జగన్!,అవునా జగన్!,3.130580186843872
U91311,856831,8,2529443,రేవంత్రెడ్డి మరో కేసీఆర్!,రేవంత్రెడ్డి మరో కేసీఆర్!,3.1151113510131836
U91311,856831,9,2529410,రేవంత్రెడ్డి మరో కేసీఆర్!,రేవంత్రెడ్డి మరో కేసీఆర్!,3.1151113510131836
U91311,856831,10,2489544,నీ మాటలే నిన్ను పడగొడతాయి ,నీ మాటలే నిన్ను పడగొడతాయి,3.1107289791107178
U91438,856971,1,2520361,బంజారాహిల్స్లో  లీలా లగ్జరీ హోటల్ ప్రారంభం,బంజారాహిల్స్లో లీలా లగ్జరీ హోటల్ ప్రారంభం,5.438447952270508
U91438,856971,2,2510849,హైటెక్ సిటీలో మరో స్టార్ హోటల్,హైటెక్ సిటీలో మరో స్టార్ హోటల్,5.435766220092773
U91438,856971,3,2510857,హైటెక్ సిటీలో మరో స్టార్ హోటల్,హైటెక్ సిటీలో మరో స్టార్ హోటల్,5.435766220092773
U91438,856971,4,2481807,హైదరాబాద్లో విదేశీ పర్యాటకులను ఆకర్షించే కట్టడాలు,హైదరాబాద్లో విదేశీ పర్యాటకులను ఆకర్షించే కట్టడాలు,5.432432651519775
U91438,856971,5,2533050,టూరిజం హబ్గా జిల్లా..,టూరిజం హబ్గా జిల్లా..,5.430800437927246
U91438,856971,6,2504268,హంసలదీవిలో పర్యాటకుల సందడి,హంసలదీవిలో పర్యాటకుల సందడి,5.426891803741455
U91438,856971,7,2531541,విమానాశ్రయంలో పర్యాటక సమాచార కేంద్రం ,విమానాశ్రయంలో పర్యాటక సమాచార కేంద్రం,5.425328254699707
U91438,856971,8,2531693,విమానాశ్రయంలో పర్యాటక సమాచార కేంద్రం ,విమానాశ్రయంలో పర్యాటక సమాచార కేంద్రం,5.425328254699707
U91438,856971,9,2541455,పర్యాటకులు 1.92 కోట్లు,పర్యాటకులు 1.92 కోట్లు,5.424661636352539
U91438,856971,10,2492822,యాత్రికుల స్వర్గధామంగా మధ్యప్రదేశ్ ,యాత్రికుల స్వర్గధామంగా మధ్యప్రదేశ్,5.42097806930542
U91541,857086,1,2483693,కాఫీ సందేశ్!,కాఫీ సందేశ్!,2.1397125720977783
U91541,857086,2,2483620,కాఫీ సందేశ్!,కాఫీ సందేశ్!,2.1397125720977783
U91541,857086,3,2483635,కాఫీ సందేశ్!,కాఫీ సందేశ్!,2.1397125720977783
U91541,857086,4,2526063,చలి కాలంలో,చలి కాలంలో,2.135258913040161
U91541,857086,5,2525927,చలి కాలంలో,చలి కాలంలో,2.135258913040161
U91541,857086,6,2494615,రుచికి రుచి,రుచికి రుచి,2.1027371883392334
U91541,857086,7,2494245,రుచికి రుచి,రుచికి రుచి,2.1027371883392334
U91541,857086,8,723423,Blur : ముగిసిన ' బ్లర్ ' చిత్రీకరణ,Blur : ముగిసిన ' బ్లర్ ' చిత్రీకరణ,2.0961391925811768
U91541,857086,9,2516579,శీతాకాలంవేడి వేడిగా..!,శీతాకాలంవేడి వేడిగా..!,2.0938940048217773
U91541,857086,10,2521059,చపాతీలతో తింటే భలే రుచి,చపాతీలతో తింటే భలే రుచి,2.091081380844116
U94699,860593,1,2527035,బరువు పెరగాలంటే..! ,బరువు పెరగాలంటే..!,4.886291027069092
U94699,860593,2,2514604,ఇలా చేస్తే మెదడుకు హాని,ఇలా చేస్తే మెదడుకు హాని,4.880441665649414
U94699,860593,3,2514456,ఇలా చేస్తే మెదడుకు హాని,ఇలా చేస్తే మెదడుకు హాని,4.880441665649414
U94699,860593,4,2514928,ఇలా చేస్తే మెదడుకు హాని,ఇలా చేస్తే మెదడుకు హాని,4.880441665649414
U94699,860593,5,2508244,బరువు తగ్గండిలా...,బరువు తగ్గండిలా...,4.879314422607422
U94699,860593,6,2507941,బరువు తగ్గండిలా...,బరువు తగ్గండిలా...,4.879314422607422
U94699,860593,7,2508045,బరువు తగ్గండిలా...,బరువు తగ్గండిలా...,4.879314422607422
U94699,860593,8,2528217,పండ్లు పరిమితంగానే...                        ,పండ్లు పరిమితంగానే...,4.879188537597656
U94699,860593,9,2527643,పండ్లు పరిమితంగానే...                        ,పండ్లు పరిమితంగానే...,4.879188537597656
U94699,860593,10,2527869,పండ్లు పరిమితంగానే...                        ,పండ్లు పరిమితంగానే...,4.879188537597656
U96689,862804,1,666456,ఇప్పట్లో ధోనీ రిటైర్ అవ్వడు : ఎమ్మెస్కే,ఇప్పట్లో ధోనీ రిటైర్ అవ్వడు : ఎమ్మెస్కే,3.142533302307129
U96689,862804,2,2529957,ఆకాశ్దీప్ ఆడేనా?,ఆకాశ్దీప్ ఆడేనా?,3.1424522399902344
U96689,862804,3,2529927,ఆకాశ్దీప్ ఆడేనా?,ఆకాశ్దీప్ ఆడేనా?,3.1424522399902344
U96689,862804,4,2530007,ఆకాశ్దీప్ ఆడేనా?,ఆకాశ్దీప్ ఆడేనా?,3.1424522399902344
U96689,862804,5,540597,వెస్టిండీస్ పర్యటనకు భారత జట్టు ప్రకటన,వెస్టిండీస్ పర్యటనకు భారత జట్టు ప్రకటన,3.142449140548706
U96689,862804,6,2542932,రోహిత్కు ముందే చెప్పేశారా?,రోహిత్కు ముందే చెప్పేశారా?,3.1421284675598145
U96689,862804,7,2543414,రోహిత్కు ముందే చెప్పేశారా?,రోహిత్కు ముందే చెప్పేశారా?,3.1421284675598145
U96689,862804,8,2543335,రోహిత్కు ముందే చెప్పేశారా?,రోహిత్కు ముందే చెప్పేశారా?,3.1421284675598145
U96689,862804,9,2509453, బుమ్రాకే పగ్గాలు!,బుమ్రాకే పగ్గాలు!,3.1419708728790283
U96689,862804,10,2509639, బుమ్రాకే పగ్గాలు!,బుమ్రాకే పగ్గాలు!,3.1419708728790283
U96792,862919,1,2483501,పండగ సీజన్పై ‘ఆటో’ ఆశలు,పండగ సీజన్పై ‘ఆటో’ ఆశలు,3.6741724014282227
U96792,862919,2,2483429,పండగ సీజన్పై ‘ఆటో’ ఆశలు,పండగ సీజన్పై ‘ఆటో’ ఆశలు,3.6741724014282227
U96792,862919,3,2483772,పండగ సీజన్పై ‘ఆటో’ ఆశలు,పండగ సీజన్పై ‘ఆటో’ ఆశలు,3.6741724014282227
U96792,862919,4,2523399,స్కోడా కైలాక్ బుకింగ్స్ షురూ,స్కోడా కైలాక్ బుకింగ్స్ షురూ,3.6673994064331055
U96792,862919,5,2522969,స్కోడా కైలాక్ బుకింగ్స్ షురూ,స్కోడా కైలాక్ బుకింగ్స్ షురూ,3.6673994064331055
U96792,862919,6,2523169,స్కోడా కైలాక్ బుకింగ్స్ షురూ,స్కోడా కైలాక్ బుకింగ్స్ షురూ,3.6673994064331055
U96792,862919,7,2524737,హోండా అమేజ్ కొత్త వెర్షన్,హోండా అమేజ్ కొత్త వెర్షన్,3.652961015701294
U96792,862919,8,2524477,హోండా అమేజ్ కొత్త వెర్షన్,హోండా అమేజ్ కొత్త వెర్షన్,3.652961015701294
U96792,862919,9,2524309,హోండా అమేజ్ కొత్త వెర్షన్,హోండా అమేజ్ కొత్త వెర్షన్,3.652961015701294
U96792,862919,10,2510782,మారుతి సుజుకి ’న్యూ ఆల్ డిజైర్’ కారు విడుదల,మారుతి సుజుకి ’న్యూ ఆల్ డిజైర్’ కారు విడుదల,3.638073205947876
U97081,863241,1,2533130,రాబిన్హుడ్ వాయిదా...,రాబిన్హుడ్ వాయిదా...,2.8482251167297363
U97081,863241,2,2532829,రాబిన్హుడ్ వాయిదా...,రాబిన్హుడ్ వాయిదా...,2.8482251167297363
U97081,863241,3,2532704,రాబిన్హుడ్ వాయిదా...,రాబిన్హుడ్ వాయిదా...,2.8482251167297363
U97081,863241,4,723423,Blur : ముగిసిన ' బ్లర్ ' చిత్రీకరణ,Blur : ముగిసిన ' బ్లర్ ' చిత్రీకరణ,2.846914052963257
U97081,863241,5,2484804,కొత్త కాన్సెప్ట్,కొత్త కాన్సెప్ట్,2.8425042629241943
U97081,863241,6,2484613,కొత్త కాన్సెప్ట్,కొత్త కాన్సెప్ట్,2.8425042629241943
U97081,863241,7,2484488,కొత్త కాన్సెప్ట్,కొత్త కాన్సెప్ట్,2.8425042629241943
U97081,863241,8,867192,ఆర్ఆర్ఆర్ షూటింగ్ మళ్లీ వాయిదా,ఆర్ఆర్ఆర్ షూటింగ్ మళ్లీ వాయిదా,2.8416640758514404
U97081,863241,9,937236,బోర్డర్ లో గోపీచంద్ చిత్రం షూటింగ్ ప్రారంభం .. !!,బోర్డర్ లో గోపీచంద్ చిత్రం షూటింగ్ ప్రారంభం .. !!,2.8406524658203125
U97081,863241,10,421537,ఈ నెల 17 న రానున్న ' అర్జున్ సురవరం ',ఈ నెల 17 న రానున్న ' అర్జున్ సురవరం ',2.8397459983825684
U97122,863287,1,2535594,మళ్లీ వస్తోన్న స్క్విడ్ గేమ్,మళ్లీ వస్తోన్న స్క్విడ్ గేమ్,2.8800501823425293
U97122,863287,2,386042,‘మాస్టర్ చెఫ్’కి హోస్ట్ గా తమన్నా !,‘మాస్టర్ చెఫ్’కి హోస్ట్ గా తమన్నా !,2.6475868225097656
U97122,863287,3,335747,వెబ్ సిరీస్ లోకి హీరో సూర్య ఎంట్రీ,వెబ్ సిరీస్ లోకి హీరో సూర్య ఎంట్రీ,2.6303632259368896
U97122,863287,4,2533806,రచయిత ‘కాటూరు’ అస్తమయం ,రచయిత ‘కాటూరు’ అస్తమయం,2.6026451587677
U97122,863287,5,2524584,మహిళ మృతి,మహిళ మృతి,2.570897340774536
U97122,863287,6,2524541,మహిళ మృతి,మహిళ మృతి,2.5253098011016846
U97122,863287,7,2495610,ఏక్తా కపూర్పై పోక్సో కేసు,ఏక్తా కపూర్పై పోక్సో కేసు,2.4932308197021484
U97122,863287,8,2495434,ఏక్తా కపూర్పై పోక్సో కేసు,ఏక్తా కపూర్పై పోక్సో కేసు,2.4932308197021484
U97122,863287,9,2495681,ఏక్తా కపూర్పై పోక్సో కేసు,ఏక్తా కపూర్పై పోక్సో కేసు,2.4932308197021484
U97122,863287,10,2536984, అధికంగా టిక్కెట్లు అమ్ముడైన సినిమాలు,అధికంగా టిక్కెట్లు అమ్ముడైన సినిమాలు,2.477015256881714
U97170,863340,1,2483501,పండగ సీజన్పై ‘ఆటో’ ఆశలు,పండగ సీజన్పై ‘ఆటో’ ఆశలు,4.78092098236084
U97170,863340,2,2483772,పండగ సీజన్పై ‘ఆటో’ ఆశలు,పండగ సీజన్పై ‘ఆటో’ ఆశలు,4.78092098236084
U97170,863340,3,2483429,పండగ సీజన్పై ‘ఆటో’ ఆశలు,పండగ సీజన్పై ‘ఆటో’ ఆశలు,4.78092098236084
U97170,863340,4,2523399,స్కోడా కైలాక్ బుకింగ్స్ షురూ,స్కోడా కైలాక్ బుకింగ్స్ షురూ,4.773881912231445
U97170,863340,5,2522969,స్కోడా కైలాక్ బుకింగ్స్ షురూ,స్కోడా కైలాక్ బుకింగ్స్ షురూ,4.773881912231445
U97170,863340,6,2523169,స్కోడా కైలాక్ బుకింగ్స్ షురూ,స్కోడా కైలాక్ బుకింగ్స్ షురూ,4.773881912231445
U97170,863340,7,2524477,హోండా అమేజ్ కొత్త వెర్షన్,హోండా అమేజ్ కొత్త వెర్షన్,4.7564873695373535
U97170,863340,8,2524737,హోండా అమేజ్ కొత్త వెర్షన్,హోండా అమేజ్ కొత్త వెర్షన్,4.7564873695373535
U97170,863340,9,2524309,హోండా అమేజ్ కొత్త వెర్షన్,హోండా అమేజ్ కొత్త వెర్షన్,4.7564873695373535
U97170,863340,10,2510782,మారుతి సుజుకి ’న్యూ ఆల్ డిజైర్’ కారు విడుదల,మారుతి సుజుకి ’న్యూ ఆల్ డిజైర్’ కారు విడుదల,4.735323429107666
U99471,865896,1,2527035,బరువు పెరగాలంటే..! ,బరువు పెరగాలంటే..!,3.1298840045928955
U99471,865896,2,2514456,ఇలా చేస్తే మెదడుకు హాని,ఇలా చేస్తే మెదడుకు హాని,3.127154588699341
U99471,865896,3,2514928,ఇలా చేస్తే మెదడుకు హాని,ఇలా చేస్తే మెదడుకు హాని,3.127154588699341
U99471,865896,4,2514604,ఇలా చేస్తే మెదడుకు హాని,ఇలా చేస్తే మెదడుకు హాని,3.127154588699341
U99471,865896,5,2504853,ఇన్ఫ్లమేషన్ ,ఇన్ఫ్లమేషన్,3.1268210411071777
U99471,865896,6,2496191,మందులు వ్యసనంగా మారితే? ,మందులు వ్యసనంగా మారితే?,3.126641273498535
U99471,865896,7,2496393,మందులు వ్యసనంగా మారితే? ,మందులు వ్యసనంగా మారితే?,3.126641273498535
U99471,865896,8,2496277,మందులు వ్యసనంగా మారితే? ,మందులు వ్యసనంగా మారితే?,3.126641273498535
U99471,865896,9,2508045,బరువు తగ్గండిలా...,బరువు తగ్గండిలా...,3.1262247562408447
U99471,865896,10,2507941,బరువు తగ్గండిలా...,బరువు తగ్గండిలా...,3.1262247562408447
